model	task	split	sample_id	label	y_true	score
fame	BRCA	cv	HRR1235319	HEALTHY	0	-0.4302671729023393
fame	BRCA	cv	HRR1235320	HEALTHY	0	-0.5685894762645973
fame	BRCA	cv	HRR1235321	HEALTHY	0	-0.6983002455158156
fame	BRCA	cv	HRR1235322	HEALTHY	0	-0.8538252601438813
fame	BRCA	cv	HRR1235323	HEALTHY	0	0.8621913191907026
fame	BRCA	cv	HRR1235325	HEALTHY	0	-1.7757193918290803
fame	BRCA	cv	HRR1235326	HEALTHY	0	-2.657556479670745
fame	BRCA	cv	HRR1235327	HEALTHY	0	-1.5191444724561172
fame	BRCA	cv	HRR1235328	HEALTHY	0	-2.118360022015908
fame	BRCA	cv	HRR1235330	HEALTHY	0	-1.323531070281807
fame	BRCA	cv	HRR1235331	HEALTHY	0	-3.147949316039574
fame	BRCA	cv	HRR1235332	HEALTHY	0	-2.0843935690513256
fame	BRCA	cv	HRR1235334	HEALTHY	0	-1.5675591881011737
fame	BRCA	cv	HRR1235335	HEALTHY	0	-0.4983093124946066
fame	BRCA	cv	HRR1235337	HEALTHY	0	-1.242175591754115
fame	BRCA	cv	HRR1235339	HEALTHY	0	-2.004811794616859
fame	BRCA	cv	HRR1235340	HEALTHY	0	-0.987857451783172
fame	BRCA	cv	HRR1235341	HEALTHY	0	-3.3627576557436023
fame	BRCA	cv	HRR1235342	HEALTHY	0	-1.4269809647346108
fame	BRCA	cv	HRR1235343	HEALTHY	0	-0.4887304825152921
fame	BRCA	cv	HRR1235344	HEALTHY	0	-2.393537494151444
fame	BRCA	cv	HRR1235345	HEALTHY	0	-0.0070955042048709
fame	BRCA	cv	HRR1235346	HEALTHY	0	-1.9518249536309709
fame	BRCA	cv	HRR1235347	HEALTHY	0	-1.374241253942579
fame	BRCA	cv	HRR1235349	HEALTHY	0	-2.1682402223743247
fame	BRCA	cv	HRR1235350	HEALTHY	0	0.3360492203299234
fame	BRCA	cv	HRR1235351	HEALTHY	0	-2.284503723747271
fame	BRCA	cv	HRR1235352	HEALTHY	0	-0.8793736363135694
fame	BRCA	cv	HRR1235353	HEALTHY	0	-1.7221658692672706
fame	BRCA	cv	HRR1235354	HEALTHY	0	-1.0112244715761256
fame	BRCA	cv	HRR1235355	HEALTHY	0	-2.3507814351857643
fame	BRCA	cv	HRR1235356	HEALTHY	0	-1.281059630952922
fame	BRCA	cv	HRR1235357	HEALTHY	0	-0.6943123926268409
fame	BRCA	cv	HRR1235358	HEALTHY	0	-0.97530352915416
fame	BRCA	cv	HRR1235359	HEALTHY	0	-0.6287528001413268
fame	BRCA	cv	HRR1235360	HEALTHY	0	-2.9144068547886146
fame	BRCA	cv	HRR1235361	HEALTHY	0	-1.833356725240528
fame	BRCA	cv	HRR1235363	HEALTHY	0	-1.532238450046088
fame	BRCA	cv	HRR1235364	HEALTHY	0	-0.8840661578762237
fame	BRCA	cv	HRR1235365	HEALTHY	0	-2.719254303801648
fame	BRCA	cv	HRR1235367	HEALTHY	0	0.6185192518664343
fame	BRCA	cv	HRR1235368	HEALTHY	0	-2.335976868458161
fame	BRCA	cv	HRR1235369	HEALTHY	0	0.022284762485915
fame	BRCA	cv	HRR1235370	HEALTHY	0	-2.076412129172362
fame	BRCA	cv	HRR1235371	HEALTHY	0	-1.670574250598959
fame	BRCA	cv	HRR1235372	HEALTHY	0	-1.6205903626360565
fame	BRCA	cv	HRR1235373	HEALTHY	0	-0.6301681156298498
fame	BRCA	cv	HRR1235374	HEALTHY	0	-0.313478510121542
fame	BRCA	cv	HRR1235375	HEALTHY	0	-1.5869921780395555
fame	BRCA	cv	HRR1235376	HEALTHY	0	-2.3723220373279976
fame	BRCA	cv	HRR1235377	HEALTHY	0	-2.723471932051509
fame	BRCA	cv	HRR1235378	HEALTHY	0	-1.7861800239699115
fame	BRCA	cv	HRR1235380	HEALTHY	0	-2.3815065981508257
fame	BRCA	cv	HRR1235381	HEALTHY	0	-1.9836854452011583
fame	BRCA	cv	HRR1235382	HEALTHY	0	-2.360103448472238
fame	BRCA	cv	HRR1235383	HEALTHY	0	-3.2614855117271984
fame	BRCA	cv	HRR1235384	HEALTHY	0	-0.532952295806819
fame	BRCA	cv	HRR1235386	HEALTHY	0	-1.6281276946321417
fame	BRCA	cv	HRR1235387	HEALTHY	0	-0.7025385381527562
fame	BRCA	cv	HRR1235388	HEALTHY	0	1.0314425729970085
fame	BRCA	cv	HRR1235389	HEALTHY	0	-1.2181883457271565
fame	BRCA	cv	HRR1235390	HEALTHY	0	-2.270630647124292
fame	BRCA	cv	HRR1235391	HEALTHY	0	-1.4443411856990298
fame	BRCA	cv	HRR1235392	HEALTHY	0	-1.4428027261381833
fame	BRCA	cv	HRR1235393	HEALTHY	0	-0.6471319533086172
fame	BRCA	cv	HRR1235395	HEALTHY	0	-2.075478052293924
fame	BRCA	cv	HRR1235396	HEALTHY	0	-2.08105359519616
fame	BRCA	cv	HRR1235397	HEALTHY	0	-2.14485594879138
fame	BRCA	cv	HRR1235400	HEALTHY	0	-2.4402714384947166
fame	BRCA	cv	HRR1235401	HEALTHY	0	-2.9320508391786544
fame	BRCA	cv	HRR1235403	HEALTHY	0	-1.424478430733359
fame	BRCA	cv	HRR1235404	HEALTHY	0	-2.3647161053737342
fame	BRCA	cv	HRR1235405	HEALTHY	0	-2.14138123482625
fame	BRCA	cv	HRR1235406	HEALTHY	0	-0.8532336136762075
fame	BRCA	cv	HRR1235407	HEALTHY	0	-1.9555375417547092
fame	BRCA	cv	HRR1235408	HEALTHY	0	-1.45747376508384
fame	BRCA	cv	HRR1235409	HEALTHY	0	-0.7843351006511792
fame	BRCA	cv	HRR1235411	HEALTHY	0	-0.2537890269240288
fame	BRCA	cv	HRR1235412	HEALTHY	0	-1.793024793654033
fame	BRCA	cv	HRR1235413	HEALTHY	0	-2.83164293499865
fame	BRCA	cv	HRR1235415	HEALTHY	0	-1.6931381852475118
fame	BRCA	cv	HRR1235417	HEALTHY	0	-0.8826117272700609
fame	BRCA	cv	HRR1235418	HEALTHY	0	-2.8224666889603616
fame	BRCA	cv	HRR1235419	HEALTHY	0	0.2740592782474672
fame	BRCA	cv	HRR1235420	HEALTHY	0	-2.150770018469982
fame	BRCA	cv	HRR1235422	HEALTHY	0	-1.0395156207768568
fame	BRCA	cv	HRR1235423	HEALTHY	0	-2.773700287652637
fame	BRCA	cv	HRR1235425	HEALTHY	0	-2.086412590503757
fame	BRCA	cv	HRR1235426	HEALTHY	0	-2.9275786426183608
fame	BRCA	cv	HRR1235427	HEALTHY	0	-1.7473414537480128
fame	BRCA	cv	HRR1235428	HEALTHY	0	-1.4936798772803792
fame	BRCA	cv	HRR1235429	HEALTHY	0	-1.5195975658424916
fame	BRCA	cv	HRR1235430	HEALTHY	0	-1.073282907164351
fame	BRCA	cv	HRR1235431	HEALTHY	0	-2.496275694788453
fame	BRCA	cv	HRR1235432	HEALTHY	0	-2.830983911995042
fame	BRCA	cv	HRR1235433	HEALTHY	0	-2.4522761896157435
fame	BRCA	cv	HRR1235435	HEALTHY	0	-1.3948905456268903
fame	BRCA	cv	HRR1235436	HEALTHY	0	-2.736761181728164
fame	BRCA	cv	HRR1235437	HEALTHY	0	-1.8064331244543024
fame	BRCA	cv	HRR1235438	HEALTHY	0	-1.339893360573541
fame	BRCA	cv	HRR1235439	HEALTHY	0	-1.7694547421917797
fame	BRCA	cv	HRR1235440	HEALTHY	0	-1.736563084158912
fame	BRCA	cv	HRR1235441	HEALTHY	0	-1.6159229559267838
fame	BRCA	cv	HRR1235442	HEALTHY	0	-1.9887816632887196
fame	BRCA	cv	HRR1235443	HEALTHY	0	-1.182220615481226
fame	BRCA	cv	HRR1235444	HEALTHY	0	-1.1292218990291052
fame	BRCA	cv	HRR1235445	HEALTHY	0	-1.634191181574784
fame	BRCA	cv	HRR1235446	HEALTHY	0	-0.2949847570710752
fame	BRCA	cv	HRR1235447	HEALTHY	0	-0.5323160398244746
fame	BRCA	cv	HRR1235448	HEALTHY	0	-2.0009513242601478
fame	BRCA	cv	HRR1235449	HEALTHY	0	-0.8466854911080031
fame	BRCA	cv	HRR1235450	HEALTHY	0	-3.159376120691244
fame	BRCA	cv	HRR1235451	HEALTHY	0	0.0121631993209483
fame	BRCA	cv	HRR1235452	HEALTHY	0	-1.562902396451297
fame	BRCA	cv	HRR1235453	HEALTHY	0	-3.289068464633069
fame	BRCA	cv	HRR1235455	HEALTHY	0	-2.9977038235385933
fame	BRCA	cv	HRR1235456	HEALTHY	0	-2.322293987311035
fame	BRCA	cv	HRR1235457	HEALTHY	0	-0.9518785208365764
fame	BRCA	cv	HRR1235458	HEALTHY	0	-0.941372448409501
fame	BRCA	cv	HRR1235459	HEALTHY	0	-2.6380682139243103
fame	BRCA	cv	HRR1235460	HEALTHY	0	-2.2641947490190346
fame	BRCA	cv	HRR1235461	HEALTHY	0	-2.44116038916243
fame	BRCA	cv	HRR1235463	HEALTHY	0	-2.6978871192751197
fame	BRCA	cv	HRR1235464	HEALTHY	0	-1.8051817179101244
fame	BRCA	cv	HRR1235465	HEALTHY	0	-2.2559119876315665
fame	BRCA	cv	HRR1235466	HEALTHY	0	-1.2525598759750165
fame	BRCA	cv	HRR1235467	HEALTHY	0	-0.4748583561056541
fame	BRCA	cv	HRR1235468	HEALTHY	0	-2.1855649661271896
fame	BRCA	cv	HRR1235469	HEALTHY	0	-1.6811196860491309
fame	BRCA	cv	HRR1235470	HEALTHY	0	-2.709819808453233
fame	BRCA	cv	HRR1235472	HEALTHY	0	-1.6369375085610436
fame	BRCA	cv	HRR1235473	HEALTHY	0	-2.6424623915878915
fame	BRCA	cv	HRR1235474	HEALTHY	0	-1.3506843894840914
fame	BRCA	cv	HRR1235475	HEALTHY	0	-2.8993479720163213
fame	BRCA	cv	HRR1235478	HEALTHY	0	0.2894474309150064
fame	BRCA	cv	HRR1235481	HEALTHY	0	-2.781751488907141
fame	BRCA	cv	HRR1235482	HEALTHY	0	-1.7525710732466764
fame	BRCA	cv	HRR1235483	HEALTHY	0	-0.5717491536107306
fame	BRCA	cv	HRR1235486	HEALTHY	0	-1.2712758074388284
fame	BRCA	cv	HRR1235488	HEALTHY	0	-3.4003346048353307
fame	BRCA	cv	HRR1235489	HEALTHY	0	-2.8691283058286245
fame	BRCA	cv	HRR1235490	HEALTHY	0	-0.5337205785205997
fame	BRCA	cv	HRR1235491	HEALTHY	0	0.3886820795678022
fame	BRCA	cv	HRR1235492	HEALTHY	0	-2.6787749535589183
fame	BRCA	cv	HRR1235493	HEALTHY	0	-2.7288906794603074
fame	BRCA	cv	HRR1235497	HEALTHY	0	-1.3600246715159143
fame	BRCA	cv	HRR1235498	HEALTHY	0	-1.1854808658641387
fame	BRCA	cv	HRR1235499	HEALTHY	0	-2.2730621443643684
fame	BRCA	cv	HRR1235500	HEALTHY	0	-2.992110313326433
fame	BRCA	cv	HRR1235501	HEALTHY	0	-1.217135602448849
fame	BRCA	cv	HRR1235502	HEALTHY	0	-1.6155768268484545
fame	BRCA	cv	HRR1235503	HEALTHY	0	-2.1980005872051427
fame	BRCA	cv	HRR1235504	HEALTHY	0	-1.684141681065678
fame	BRCA	cv	HRR1235505	HEALTHY	0	-1.624910901928534
fame	BRCA	cv	HRR1235506	HEALTHY	0	-1.9827347064658165
fame	BRCA	cv	HRR1235508	HEALTHY	0	-2.014548644517287
fame	BRCA	cv	HRR1235510	HEALTHY	0	-2.4012441061759247
fame	BRCA	cv	HRR1235511	HEALTHY	0	-1.4687725779166891
fame	BRCA	cv	HRR1235513	HEALTHY	0	-0.8449203120725104
fame	BRCA	cv	HRR1235514	HEALTHY	0	-0.8115569046922572
fame	BRCA	cv	HRR1235515	HEALTHY	0	-1.4298181713387703
fame	BRCA	cv	HRR1235516	HEALTHY	0	-2.960700958623682
fame	BRCA	cv	HRR1235517	HEALTHY	0	-1.0924457725811068
fame	BRCA	cv	HRR1235518	HEALTHY	0	-1.3728016271469032
fame	BRCA	cv	HRR1235519	HEALTHY	0	-1.5424029085669635
fame	BRCA	cv	HRR1235520	HEALTHY	0	-1.9986570727436392
fame	BRCA	cv	HRR1235521	HEALTHY	0	-0.7021844339441788
fame	BRCA	cv	HRR1235522	HEALTHY	0	-1.4180636541285732
fame	BRCA	cv	HRR1235523	HEALTHY	0	0.0674473712625826
fame	BRCA	cv	HRR1235524	HEALTHY	0	-2.429314377360988
fame	BRCA	cv	HRR1235525	HEALTHY	0	-1.978861589311509
fame	BRCA	cv	HRR1235526	HEALTHY	0	-2.1464358210655243
fame	BRCA	cv	HRR1235527	HEALTHY	0	-1.0988828894625593
fame	BRCA	cv	HRR1235528	HEALTHY	0	-0.9623512947172844
fame	BRCA	cv	HRR1235529	HEALTHY	0	-1.3014080761566746
fame	BRCA	cv	HRR1235530	HEALTHY	0	-1.6343691358143588
fame	BRCA	cv	HRR1235531	HEALTHY	0	-1.841638340094934
fame	BRCA	cv	HRR1235532	HEALTHY	0	-1.6068181563687636
fame	BRCA	cv	HRR1235533	HEALTHY	0	-1.214659196129222
fame	BRCA	cv	HRR1235534	HEALTHY	0	-0.860466114114764
fame	BRCA	cv	HRR1235535	HEALTHY	0	-2.4888222624267518
fame	BRCA	cv	HRR1235536	HEALTHY	0	-2.304924915785576
fame	BRCA	cv	HRR1235537	HEALTHY	0	-3.1057304884276604
fame	BRCA	cv	HRR1235538	HEALTHY	0	-1.7694425960614255
fame	BRCA	cv	HRR1235539	HEALTHY	0	-2.0917744406072405
fame	BRCA	cv	HRR1235540	HEALTHY	0	-0.0307302518032616
fame	BRCA	cv	HRR1235541	HEALTHY	0	-2.3416577311805256
fame	BRCA	cv	HRR1235542	HEALTHY	0	-2.1934238412656293
fame	BRCA	cv	HRR1235544	HEALTHY	0	-2.1849033551084567
fame	BRCA	cv	HRR1235545	HEALTHY	0	-0.3687630101689768
fame	BRCA	cv	HRR1235546	HEALTHY	0	-2.2071987872238483
fame	BRCA	cv	HRR1235547	HEALTHY	0	-1.782080851723578
fame	BRCA	cv	HRR1235548	HEALTHY	0	-1.7222374052391265
fame	BRCA	cv	HRR1235549	HEALTHY	0	-0.5610084565200334
fame	BRCA	cv	HRR1235598	HEALTHY	0	-1.2858552165329478
fame	BRCA	cv	HRR1235599	HEALTHY	0	0.1714468569876687
fame	BRCA	cv	HRR1235600	HEALTHY	0	-0.7187743531371652
fame	BRCA	cv	HRR1235601	HEALTHY	0	0.259048323137329
fame	BRCA	cv	HRR1235602	HEALTHY	0	0.2824961670746176
fame	BRCA	cv	HRR1235603	HEALTHY	0	-0.2481817430679044
fame	BRCA	cv	HRR1235604	HEALTHY	0	-0.697525594915718
fame	BRCA	cv	HRR1235605	HEALTHY	0	-0.0532478119160723
fame	BRCA	cv	HRR1235606	HEALTHY	0	-2.229464770691393
fame	BRCA	cv	HRR1235607	HEALTHY	0	-2.0834647562818844
fame	BRCA	cv	HRR1235608	HEALTHY	0	-1.2631665061229205
fame	BRCA	cv	HRR1235609	HEALTHY	0	-1.3930492138942498
fame	BRCA	cv	HRR1235610	HEALTHY	0	-1.6075909414905096
fame	BRCA	cv	HRR1235611	HEALTHY	0	-1.666826042447978
fame	BRCA	cv	HRR1235612	HEALTHY	0	-1.8913032004902648
fame	BRCA	cv	HRR1235613	HEALTHY	0	-1.862079213464371
fame	BRCA	cv	HRR1235614	HEALTHY	0	-0.6337040661145028
fame	BRCA	cv	HRR1235615	HEALTHY	0	-0.8162590157144552
fame	BRCA	cv	HRR1235616	HEALTHY	0	-1.6325743474002317
fame	BRCA	cv	HRR1235617	HEALTHY	0	0.1780654517577934
fame	BRCA	cv	HRR1235618	HEALTHY	0	-0.9444874082510948
fame	BRCA	cv	HRR1235619	HEALTHY	0	-1.7447512439020865
fame	BRCA	cv	HRR1235620	HEALTHY	0	0.0116448983713441
fame	BRCA	cv	HRR1235622	HEALTHY	0	-0.7205816897368152
fame	BRCA	cv	HRR1235623	HEALTHY	0	-0.8421452612850431
fame	BRCA	cv	HRR1235624	HEALTHY	0	1.5788026040688403
fame	BRCA	cv	HRR1235625	HEALTHY	0	-1.4092737288413426
fame	BRCA	cv	HRR1235627	HEALTHY	0	-1.5962185171429482
fame	BRCA	cv	HRR1235628	HEALTHY	0	-1.1337770455420648
fame	BRCA	cv	HRR1235631	HEALTHY	0	-2.297376007387878
fame	BRCA	cv	HRR1235632	HEALTHY	0	-0.7825216668134047
fame	BRCA	cv	HRR1235633	HEALTHY	0	-1.551460887290889
fame	BRCA	cv	HRR1235634	HEALTHY	0	-0.9919454814578008
fame	BRCA	cv	HRR1235635	HEALTHY	0	-1.3874364567077473
fame	BRCA	cv	HRR1235636	HEALTHY	0	-2.084214803599012
fame	BRCA	cv	HRR1235637	HEALTHY	0	-1.3384349470000667
fame	BRCA	cv	HRR1235638	HEALTHY	0	-1.6534412225198314
fame	BRCA	cv	HRR1235639	HEALTHY	0	-1.2525617877757886
fame	BRCA	cv	HRR1235641	HEALTHY	0	-1.8409997322836344
fame	BRCA	cv	HRR1235642	HEALTHY	0	-1.1841447630465125
fame	BRCA	cv	HRR1235644	HEALTHY	0	-1.3403194824199005
fame	BRCA	cv	HRR1235645	HEALTHY	0	-2.401567131304435
fame	BRCA	cv	HRR1235646	HEALTHY	0	-0.2567967528133105
fame	BRCA	cv	HRR1235647	HEALTHY	0	-1.9922376504222328
fame	BRCA	cv	HRR1235648	HEALTHY	0	-1.466822048804548
fame	BRCA	cv	HRR1235650	HEALTHY	0	-2.1053559533658737
fame	BRCA	cv	HRR1235653	HEALTHY	0	-2.3158984094468504
fame	BRCA	cv	HRR1235655	HEALTHY	0	-0.8734584875018947
fame	BRCA	cv	HRR1235657	HEALTHY	0	-1.0230382723217928
fame	BRCA	cv	HRR1235658	HEALTHY	0	-1.8188046434998149
fame	BRCA	cv	HRR1235661	HEALTHY	0	-2.3140962897848505
fame	BRCA	cv	HRR1235662	HEALTHY	0	-2.1313639228821586
fame	BRCA	cv	HRR1235663	HEALTHY	0	-3.5487520703106545
fame	BRCA	cv	HRR1235665	HEALTHY	0	-0.3974841126576103
fame	BRCA	cv	HRR1235667	HEALTHY	0	-1.2776332406819653
fame	BRCA	cv	HRR1235669	HEALTHY	0	-1.327857514767806
fame	BRCA	cv	HRR1235670	HEALTHY	0	-0.2925198856765397
fame	BRCA	cv	HRR1235671	HEALTHY	0	-2.08517939773552
fame	BRCA	cv	HRR1235672	HEALTHY	0	-2.1251501186673893
fame	BRCA	cv	HRR1235673	HEALTHY	0	-1.5223988318688464
fame	BRCA	cv	HRR1235674	HEALTHY	0	-1.5818396119819078
fame	BRCA	cv	HRR1235675	HEALTHY	0	-1.276837747173912
fame	BRCA	cv	HRR1235676	HEALTHY	0	-1.2698077036672597
fame	BRCA	cv	HRR1235677	HEALTHY	0	-1.7999458344826809
fame	BRCA	cv	HRR1235678	HEALTHY	0	-2.4897464215581504
fame	BRCA	cv	HRR1235679	HEALTHY	0	0.4641039894023082
fame	BRCA	cv	HRR1235680	HEALTHY	0	-0.4051474482619672
fame	BRCA	cv	HRR1235683	HEALTHY	0	-2.517495257185947
fame	BRCA	cv	HRR1235685	HEALTHY	0	-1.8050937160016576
fame	BRCA	cv	HRR1235686	HEALTHY	0	-0.0450386015915793
fame	BRCA	cv	HRR1235687	HEALTHY	0	-2.8207836744493204
fame	BRCA	cv	HRR1235688	HEALTHY	0	-2.397730132361662
fame	BRCA	cv	HRR1235689	HEALTHY	0	-1.529161075506574
fame	BRCA	cv	HRR1235690	HEALTHY	0	-1.170380949751951
fame	BRCA	cv	HRR1235691	HEALTHY	0	0.0689189183797664
fame	BRCA	cv	HRR1235692	HEALTHY	0	-1.886754628343421
fame	BRCA	cv	HRR1235693	HEALTHY	0	-2.051679440570725
fame	BRCA	cv	HRR1235694	HEALTHY	0	-2.920686880413782
fame	BRCA	cv	HRR1235695	HEALTHY	0	-1.8744875457959516
fame	BRCA	cv	HRR1235696	HEALTHY	0	-0.5844880558160074
fame	BRCA	cv	HRR1235697	HEALTHY	0	-1.336220553254346
fame	BRCA	cv	HRR1235698	HEALTHY	0	-1.3631754553597004
fame	BRCA	cv	HRR1235699	HEALTHY	0	-1.109560372105248
fame	BRCA	cv	HRR1235703	HEALTHY	0	-1.5497432386101553
fame	BRCA	cv	HRR1235704	HEALTHY	0	-2.1151954049856
fame	BRCA	cv	HRR1235706	HEALTHY	0	-1.4601927558954526
fame	BRCA	cv	HRR1235707	HEALTHY	0	-1.7555319997905383
fame	BRCA	cv	HRR1235709	HEALTHY	0	-1.3718350988189316
fame	BRCA	cv	HRR1235710	HEALTHY	0	0.7411982921670258
fame	BRCA	cv	HRR1235711	HEALTHY	0	-0.960889466360858
fame	BRCA	cv	HRR1235712	HEALTHY	0	-0.7240458675422969
fame	BRCA	cv	HRR1235713	HEALTHY	0	-1.7841594529689022
fame	BRCA	cv	HRR1235714	HEALTHY	0	-1.2764311836765874
fame	BRCA	cv	HRR1235715	HEALTHY	0	-2.110721426773954
fame	BRCA	cv	HRR1235716	HEALTHY	0	-2.102278373834535
fame	BRCA	cv	HRR1235719	HEALTHY	0	-1.6847173381891625
fame	BRCA	cv	HRR1235720	HEALTHY	0	-2.0165948926480093
fame	BRCA	cv	HRR1235722	HEALTHY	0	-1.9603884582270803
fame	BRCA	cv	HRR1235723	HEALTHY	0	-0.8282744707395909
fame	BRCA	cv	HRR1235726	HEALTHY	0	-1.253868109798424
fame	BRCA	cv	HRR1235727	HEALTHY	0	-1.6651786091681444
fame	BRCA	cv	HRR1235728	HEALTHY	0	-1.6342785459093403
fame	BRCA	cv	HRR1235731	HEALTHY	0	-3.7621935170227054
fame	BRCA	cv	HRR1235732	HEALTHY	0	-3.415840770908474
fame	BRCA	cv	HRR1235733	HEALTHY	0	-0.9004772563444544
fame	BRCA	cv	HRR1235734	HEALTHY	0	-1.569531736679039
fame	BRCA	cv	HRR1235737	HEALTHY	0	-0.4447434885910271
fame	BRCA	cv	HRR1235738	HEALTHY	0	-2.175845627710886
fame	BRCA	cv	HRR1235739	HEALTHY	0	-1.518277847052317
fame	BRCA	cv	HRR1235740	HEALTHY	0	-2.061836309708996
fame	BRCA	cv	HRR1235743	HEALTHY	0	-1.1165217350945045
fame	BRCA	cv	HRR1235744	HEALTHY	0	-2.0839829090798645
fame	BRCA	cv	HRR1235745	HEALTHY	0	-1.535862268093525
fame	BRCA	cv	HRR1235746	HEALTHY	0	-0.6561293374132205
fame	BRCA	cv	HRR1235747	HEALTHY	0	-1.3687558917949474
fame	BRCA	cv	HRR1235751	HEALTHY	0	-0.4581517553735751
fame	BRCA	cv	HRR1235753	HEALTHY	0	-1.6482912421343736
fame	BRCA	cv	HRR1235755	HEALTHY	0	-2.308980509885201
fame	BRCA	cv	HRR1235756	HEALTHY	0	-1.0174194904316465
fame	BRCA	cv	HRR1235757	HEALTHY	0	-0.7759669564341506
fame	BRCA	cv	HRR1235759	HEALTHY	0	-0.8378155924394541
fame	BRCA	cv	HRR1235760	HEALTHY	0	-3.614713181048522
fame	BRCA	cv	HRR1235763	HEALTHY	0	-2.3123868562659724
fame	BRCA	cv	HRR1235764	HEALTHY	0	-2.123831224209679
fame	BRCA	cv	HRR1235765	HEALTHY	0	-0.2027703437112641
fame	BRCA	cv	HRR1235767	HEALTHY	0	-2.174635292974046
fame	BRCA	cv	HRR1235768	HEALTHY	0	-1.1395342661183698
fame	BRCA	cv	HRR1235769	HEALTHY	0	-1.65321161632181
fame	BRCA	cv	HRR1235770	HEALTHY	0	-1.6481832281945257
fame	BRCA	cv	HRR1235771	HEALTHY	0	-0.8230519030116306
fame	BRCA	cv	HRR1235772	HEALTHY	0	-1.7377896006281404
fame	BRCA	cv	HRR1235773	HEALTHY	0	-1.5898019317712295
fame	BRCA	cv	HRR1235774	HEALTHY	0	-1.5273856728505844
fame	BRCA	cv	HRR1235775	HEALTHY	0	-1.519322012526534
fame	BRCA	cv	HRR1235776	HEALTHY	0	-1.4215105048786123
fame	BRCA	cv	HRR1235777	HEALTHY	0	-1.7823625294973875
fame	BRCA	cv	HRR1235779	HEALTHY	0	-2.845767261633941
fame	BRCA	cv	HRR1235781	HEALTHY	0	-0.4829384409392126
fame	BRCA	cv	HRR1235782	HEALTHY	0	-0.8702231082918972
fame	BRCA	cv	HRR1235783	HEALTHY	0	-1.3213617015268089
fame	BRCA	cv	HRR1235784	HEALTHY	0	-1.3267485805484909
fame	BRCA	cv	HRR1235785	HEALTHY	0	-2.298252719527914
fame	BRCA	cv	HRR1235786	HEALTHY	0	-1.1264455383157994
fame	BRCA	cv	HRR1235787	HEALTHY	0	-2.0176520828259266
fame	BRCA	cv	HRR1235789	HEALTHY	0	-1.450696308412016
fame	BRCA	cv	HRR1235790	HEALTHY	0	-2.212422653846501
fame	BRCA	cv	HRR1235793	HEALTHY	0	-0.1706643218980378
fame	BRCA	cv	HRR1235797	HEALTHY	0	-1.4506101733657424
fame	BRCA	cv	HRR1235798	HEALTHY	0	-2.0578942226927137
fame	BRCA	cv	HRR1235799	HEALTHY	0	-1.31217463544797
fame	BRCA	cv	HRR1235801	HEALTHY	0	-1.057622663308861
fame	BRCA	cv	HRR1235803	HEALTHY	0	-0.5054307928031292
fame	BRCA	cv	HRR1235805	HEALTHY	0	-1.9578512871722376
fame	BRCA	cv	HRR1235808	HEALTHY	0	-1.3819330947353694
fame	BRCA	cv	HRR1235809	HEALTHY	0	-2.6019375335798616
fame	BRCA	cv	HRR1235812	HEALTHY	0	-2.15639391788949
fame	BRCA	cv	HRR1235814	HEALTHY	0	-1.387841511156071
fame	BRCA	cv	HRR1235815	HEALTHY	0	-2.614075140490295
fame	BRCA	cv	HRR1235817	BRCA	1	8.321147315864867
fame	BRCA	cv	HRR1235818	BRCA	1	8.780442930991754
fame	BRCA	cv	HRR1235819	BRCA	1	10.242001240504052
fame	BRCA	cv	HRR1235820	BRCA	1	12.404082900540962
fame	BRCA	cv	HRR1235824	BRCA	1	25.47996321520217
fame	BRCA	cv	HRR1235825	BRCA	1	18.201232108007243
fame	BRCA	cv	HRR1235830	BRCA	1	20.554607408513505
fame	BRCA	cv	HRR1235831	BRCA	1	8.477823918467013
fame	BRCA	cv	HRR1235833	BRCA	1	2.747749907465362
fame	BRCA	cv	HRR1235834	BRCA	1	19.61042915782476
fame	BRCA	cv	HRR1235836	BRCA	1	34.34536214396808
fame	BRCA	cv	HRR1235837	BRCA	1	14.465635174953396
fame	BRCA	cv	HRR1235838	BRCA	1	0.9827611331079006
fame	BRCA	cv	HRR1235839	BRCA	1	4.046884095777054
fame	BRCA	cv	HRR1235840	BRCA	1	0.9734534905940296
fame	BRCA	cv	HRR1235841	BRCA	1	12.568601667658047
fame	BRCA	cv	HRR1235842	BRCA	1	17.973616539277167
fame	BRCA	cv	HRR1235843	BRCA	1	28.450063087558128
fame	BRCA	cv	HRR1235844	BRCA	1	5.178997121784289
fame	BRCA	cv	HRR1235845	BRCA	1	3.7769561697164593
fame	BRCA	cv	HRR1235846	BRCA	1	4.406540521295774
fame	BRCA	cv	HRR1235847	BRCA	1	5.475781011922518
fame	BRCA	cv	HRR1235848	BRCA	1	9.191851689267745
fame	BRCA	cv	HRR1235849	BRCA	1	12.489725158337064
fame	BRCA	cv	HRR1235851	BRCA	1	7.804677754002526
fame	BRCA	cv	HRR1235852	BRCA	1	2.914357948324274
fame	BRCA	cv	HRR1235853	BRCA	1	0.7363532256127853
fame	BRCA	cv	HRR1235854	BRCA	1	1.415697272918424
fame	BRCA	cv	HRR1235855	BRCA	1	4.229253236978045
fame	BRCA	cv	HRR1235858	BRCA	1	1.4094656149502325
fame	BRCA	cv	HRR1235859	BRCA	1	11.275625457963416
fame	BRCA	cv	HRR1235861	BRCA	1	0.2294302292151817
fame	BRCA	cv	HRR1235862	BRCA	1	3.118093439291555
fame	BRCA	cv	HRR1235863	BRCA	1	2.844813101534457
fame	BRCA	cv	HRR1235864	BRCA	1	-0.7424315378556101
fame	BRCA	cv	HRR1235866	BRCA	1	-0.355053260927462
fame	BRCA	cv	HRR1235867	BRCA	1	-0.2062892557016161
fame	BRCA	cv	HRR1235868	BRCA	1	-0.9926927013253576
fame	BRCA	cv	HRR1235870	BRCA	1	-1.2683371630928175
fame	BRCA	cv	HRR1235871	BRCA	1	2.3842561131008853
fame	BRCA	cv	HRR1235872	BRCA	1	0.6219379987657848
fame	BRCA	cv	HRR1235873	BRCA	1	-0.3631986302167357
fame	BRCA	cv	HRR1235874	BRCA	1	-1.1426805603522032
fame	BRCA	cv	HRR1235875	BRCA	1	3.789966013015536
fame	BRCA	cv	HRR1235878	BRCA	1	-0.2996259219237891
fame	BRCA	cv	HRR1235879	BRCA	1	0.0207544031591505
fame	BRCA	test	HRR1235324	HEALTHY	0	-0.7114151086494823
fame	BRCA	test	HRR1235329	HEALTHY	0	-0.1084045502637417
fame	BRCA	test	HRR1235333	HEALTHY	0	-1.5707606981014686
fame	BRCA	test	HRR1235336	HEALTHY	0	-2.107447725449074
fame	BRCA	test	HRR1235338	HEALTHY	0	-0.9958768746843194
fame	BRCA	test	HRR1235348	HEALTHY	0	-1.206292944078484
fame	BRCA	test	HRR1235362	HEALTHY	0	-1.8007529753131393
fame	BRCA	test	HRR1235366	HEALTHY	0	-1.7992166452458709
fame	BRCA	test	HRR1235379	HEALTHY	0	-1.8052970852304344
fame	BRCA	test	HRR1235385	HEALTHY	0	-2.3718190488787747
fame	BRCA	test	HRR1235394	HEALTHY	0	-1.8977825287650427
fame	BRCA	test	HRR1235398	HEALTHY	0	-1.3873582126035378
fame	BRCA	test	HRR1235399	HEALTHY	0	-1.4222634007444444
fame	BRCA	test	HRR1235402	HEALTHY	0	-2.9030097804361445
fame	BRCA	test	HRR1235410	HEALTHY	0	-3.460562100520664
fame	BRCA	test	HRR1235414	HEALTHY	0	-1.880580645944572
fame	BRCA	test	HRR1235416	HEALTHY	0	-1.9145571583857224
fame	BRCA	test	HRR1235421	HEALTHY	0	-0.3546645480353332
fame	BRCA	test	HRR1235424	HEALTHY	0	-1.0141232045823612
fame	BRCA	test	HRR1235434	HEALTHY	0	-2.359006810841052
fame	BRCA	test	HRR1235454	HEALTHY	0	-2.3763989828845538
fame	BRCA	test	HRR1235462	HEALTHY	0	-3.851343876487893
fame	BRCA	test	HRR1235471	HEALTHY	0	-1.752122583435768
fame	BRCA	test	HRR1235476	HEALTHY	0	-2.604205638759581
fame	BRCA	test	HRR1235477	HEALTHY	0	-0.6753818920738769
fame	BRCA	test	HRR1235479	HEALTHY	0	-1.541845048956327
fame	BRCA	test	HRR1235480	HEALTHY	0	-2.477110917714182
fame	BRCA	test	HRR1235484	HEALTHY	0	-3.0242311921883305
fame	BRCA	test	HRR1235485	HEALTHY	0	-2.415163902858818
fame	BRCA	test	HRR1235487	HEALTHY	0	-0.0147191799790346
fame	BRCA	test	HRR1235494	HEALTHY	0	-2.761867340138556
fame	BRCA	test	HRR1235495	HEALTHY	0	-1.2191882256838829
fame	BRCA	test	HRR1235496	HEALTHY	0	-1.8408162818324116
fame	BRCA	test	HRR1235507	HEALTHY	0	-1.8398424762991747
fame	BRCA	test	HRR1235509	HEALTHY	0	-2.5106289933768826
fame	BRCA	test	HRR1235512	HEALTHY	0	-2.6224844284427005
fame	BRCA	test	HRR1235543	HEALTHY	0	-3.451200693307876
fame	BRCA	test	HRR1235550	HEALTHY	0	-0.7651925611050416
fame	BRCA	test	HRR1235551	HEALTHY	0	-1.612135368295601
fame	BRCA	test	HRR1235552	HEALTHY	0	-1.6167722544562828
fame	BRCA	test	HRR1235553	HEALTHY	0	-1.1452359126646408
fame	BRCA	test	HRR1235554	HEALTHY	0	1.047133292939817
fame	BRCA	test	HRR1235555	HEALTHY	0	0.0084941050995946
fame	BRCA	test	HRR1235556	HEALTHY	0	-3.386201264773584
fame	BRCA	test	HRR1235557	HEALTHY	0	-0.8701100810182022
fame	BRCA	test	HRR1235558	HEALTHY	0	0.1391717862242253
fame	BRCA	test	HRR1235559	HEALTHY	0	-1.7956494830002798
fame	BRCA	test	HRR1235560	HEALTHY	0	-1.951779550560047
fame	BRCA	test	HRR1235561	HEALTHY	0	-1.8642737254075208
fame	BRCA	test	HRR1235562	HEALTHY	0	-1.3213227381887405
fame	BRCA	test	HRR1235563	HEALTHY	0	-2.4192390219624795
fame	BRCA	test	HRR1235564	HEALTHY	0	-1.4058953942496906
fame	BRCA	test	HRR1235565	HEALTHY	0	-1.1391275892562396
fame	BRCA	test	HRR1235566	HEALTHY	0	-0.5679942073141078
fame	BRCA	test	HRR1235567	HEALTHY	0	-1.1617319620518818
fame	BRCA	test	HRR1235568	HEALTHY	0	-1.2175972046511618
fame	BRCA	test	HRR1235569	HEALTHY	0	-0.424552356677086
fame	BRCA	test	HRR1235570	HEALTHY	0	-2.6802753203755967
fame	BRCA	test	HRR1235571	HEALTHY	0	-1.4654072952463977
fame	BRCA	test	HRR1235572	HEALTHY	0	-0.0922982219155871
fame	BRCA	test	HRR1235573	HEALTHY	0	-0.5629454852432213
fame	BRCA	test	HRR1235574	HEALTHY	0	-1.6966967897591752
fame	BRCA	test	HRR1235575	HEALTHY	0	-0.8606240829809727
fame	BRCA	test	HRR1235576	HEALTHY	0	-0.9301107646869669
fame	BRCA	test	HRR1235577	HEALTHY	0	-1.3103101291793902
fame	BRCA	test	HRR1235578	HEALTHY	0	0.5606445849975114
fame	BRCA	test	HRR1235579	HEALTHY	0	-0.810499122787619
fame	BRCA	test	HRR1235580	HEALTHY	0	-0.5954269328386396
fame	BRCA	test	HRR1235581	HEALTHY	0	-1.8622462886430895
fame	BRCA	test	HRR1235582	HEALTHY	0	0.1681930184661916
fame	BRCA	test	HRR1235583	HEALTHY	0	-1.3517622328845924
fame	BRCA	test	HRR1235584	HEALTHY	0	-0.7288545327805543
fame	BRCA	test	HRR1235585	HEALTHY	0	-1.2020373141226115
fame	BRCA	test	HRR1235586	HEALTHY	0	-0.8963019465824631
fame	BRCA	test	HRR1235587	HEALTHY	0	-1.0127434502130672
fame	BRCA	test	HRR1235588	HEALTHY	0	0.6008405740943358
fame	BRCA	test	HRR1235589	HEALTHY	0	0.9554279999350682
fame	BRCA	test	HRR1235590	HEALTHY	0	-1.4798175053356726
fame	BRCA	test	HRR1235591	HEALTHY	0	0.3266357173409581
fame	BRCA	test	HRR1235592	HEALTHY	0	-1.918404008585321
fame	BRCA	test	HRR1235593	HEALTHY	0	-1.3624533882407182
fame	BRCA	test	HRR1235594	HEALTHY	0	-1.2932562657888071
fame	BRCA	test	HRR1235595	HEALTHY	0	-1.4763656406612875
fame	BRCA	test	HRR1235596	HEALTHY	0	0.6905915029636859
fame	BRCA	test	HRR1235597	HEALTHY	0	-1.3800656484412992
fame	BRCA	test	HRR1235621	HEALTHY	0	-0.5721627876739822
fame	BRCA	test	HRR1235626	HEALTHY	0	-0.611046723944706
fame	BRCA	test	HRR1235629	HEALTHY	0	-0.7271093433049103
fame	BRCA	test	HRR1235630	HEALTHY	0	-1.443652421035352
fame	BRCA	test	HRR1235640	HEALTHY	0	-1.79657816384108
fame	BRCA	test	HRR1235643	HEALTHY	0	-1.996707146466844
fame	BRCA	test	HRR1235649	HEALTHY	0	-1.42686761272128
fame	BRCA	test	HRR1235651	HEALTHY	0	-2.6238822181335206
fame	BRCA	test	HRR1235652	HEALTHY	0	-0.2804604847762029
fame	BRCA	test	HRR1235654	HEALTHY	0	0.0339904321907957
fame	BRCA	test	HRR1235656	HEALTHY	0	-0.764063495755296
fame	BRCA	test	HRR1235659	HEALTHY	0	-0.3896505382054932
fame	BRCA	test	HRR1235660	HEALTHY	0	-1.800599919221305
fame	BRCA	test	HRR1235664	HEALTHY	0	-0.9118748894043328
fame	BRCA	test	HRR1235666	HEALTHY	0	-2.1859755179732927
fame	BRCA	test	HRR1235668	HEALTHY	0	-0.6341502978516418
fame	BRCA	test	HRR1235681	HEALTHY	0	-1.9344629284972557
fame	BRCA	test	HRR1235682	HEALTHY	0	-1.3477104780972438
fame	BRCA	test	HRR1235684	HEALTHY	0	-1.1834502137435765
fame	BRCA	test	HRR1235700	HEALTHY	0	-2.754919997771754
fame	BRCA	test	HRR1235701	HEALTHY	0	-1.6114446339826238
fame	BRCA	test	HRR1235702	HEALTHY	0	-3.034047043957266
fame	BRCA	test	HRR1235705	HEALTHY	0	-1.8305355043248197
fame	BRCA	test	HRR1235708	HEALTHY	0	0.815805717684113
fame	BRCA	test	HRR1235717	HEALTHY	0	-1.362441397564659
fame	BRCA	test	HRR1235718	HEALTHY	0	-2.952892342206478
fame	BRCA	test	HRR1235721	HEALTHY	0	0.5044365652227539
fame	BRCA	test	HRR1235724	HEALTHY	0	-1.213814000068974
fame	BRCA	test	HRR1235725	HEALTHY	0	-0.8541753982749438
fame	BRCA	test	HRR1235729	HEALTHY	0	-3.745448713545117
fame	BRCA	test	HRR1235730	HEALTHY	0	-0.2541565416982013
fame	BRCA	test	HRR1235735	HEALTHY	0	-1.1198945496490436
fame	BRCA	test	HRR1235736	HEALTHY	0	-0.7357183758369796
fame	BRCA	test	HRR1235741	HEALTHY	0	-1.0052003668313394
fame	BRCA	test	HRR1235742	HEALTHY	0	-1.8666255769597784
fame	BRCA	test	HRR1235748	HEALTHY	0	-1.8110090539976431
fame	BRCA	test	HRR1235749	HEALTHY	0	-1.8647915511303608
fame	BRCA	test	HRR1235750	HEALTHY	0	-2.544030165746999
fame	BRCA	test	HRR1235752	HEALTHY	0	-1.4038605631911056
fame	BRCA	test	HRR1235754	HEALTHY	0	-2.6986276546014207
fame	BRCA	test	HRR1235758	HEALTHY	0	-1.578213031632476
fame	BRCA	test	HRR1235761	HEALTHY	0	-0.1144687474178011
fame	BRCA	test	HRR1235762	HEALTHY	0	-2.095843580341684
fame	BRCA	test	HRR1235766	HEALTHY	0	0.3156965905554746
fame	BRCA	test	HRR1235778	HEALTHY	0	-0.9059997019650388
fame	BRCA	test	HRR1235780	HEALTHY	0	-1.478165958963963
fame	BRCA	test	HRR1235788	HEALTHY	0	-0.7987157550978711
fame	BRCA	test	HRR1235791	HEALTHY	0	-2.9627131205687616
fame	BRCA	test	HRR1235792	HEALTHY	0	-2.7250127884216613
fame	BRCA	test	HRR1235794	HEALTHY	0	-2.5279103961453595
fame	BRCA	test	HRR1235795	HEALTHY	0	0.6816740323744336
fame	BRCA	test	HRR1235796	HEALTHY	0	-0.7880563223109809
fame	BRCA	test	HRR1235800	HEALTHY	0	-0.2598907730519789
fame	BRCA	test	HRR1235802	HEALTHY	0	-0.8491199699738257
fame	BRCA	test	HRR1235804	HEALTHY	0	-0.0518793719556872
fame	BRCA	test	HRR1235806	HEALTHY	0	-0.7653254057092602
fame	BRCA	test	HRR1235807	HEALTHY	0	-1.16421975343335
fame	BRCA	test	HRR1235810	HEALTHY	0	-2.0096029460134504
fame	BRCA	test	HRR1235811	HEALTHY	0	-1.7073337010237704
fame	BRCA	test	HRR1235813	HEALTHY	0	-1.301222545381048
fame	BRCA	test	HRR1235816	BRCA	1	8.528244768017547
fame	BRCA	test	HRR1235821	BRCA	1	15.859444038966984
fame	BRCA	test	HRR1235822	BRCA	1	2.0390520195999797
fame	BRCA	test	HRR1235823	BRCA	1	7.748596225104776
fame	BRCA	test	HRR1235826	BRCA	1	32.560143493654245
fame	BRCA	test	HRR1235827	BRCA	1	26.736220981930938
fame	BRCA	test	HRR1235828	BRCA	1	13.080016083628188
fame	BRCA	test	HRR1235829	BRCA	1	19.928446862468387
fame	BRCA	test	HRR1235832	BRCA	1	19.37457878652874
fame	BRCA	test	HRR1235835	BRCA	1	28.3220340673928
fame	BRCA	test	HRR1235850	BRCA	1	7.939512416303184
fame	BRCA	test	HRR1235856	BRCA	1	7.107332402730595
fame	BRCA	test	HRR1235857	BRCA	1	3.410399072851007
fame	BRCA	test	HRR1235860	BRCA	1	-1.6376585861696076
fame	BRCA	test	HRR1235865	BRCA	1	-0.3162580173440804
fame	BRCA	test	HRR1235869	BRCA	1	2.2315669063598933
fame	BRCA	test	HRR1235876	BRCA	1	0.956902525447581
fame	BRCA	test	HRR1235877	BRCA	1	-0.254118927214751
fame	BRCA	test	HRR1235880	BRCA	1	-0.3452833043667525
fame	BRCA	test	HRR1235881	BRCA	1	-0.2791399272113181
fame	COREAD	cv	HRR1235319	HEALTHY	0	-1.5908717664352048
fame	COREAD	cv	HRR1235320	HEALTHY	0	-0.1582055963587562
fame	COREAD	cv	HRR1235321	HEALTHY	0	0.0704113725930316
fame	COREAD	cv	HRR1235322	HEALTHY	0	-1.723683785681048
fame	COREAD	cv	HRR1235323	HEALTHY	0	0.6917523355629187
fame	COREAD	cv	HRR1235325	HEALTHY	0	-1.131049814521706
fame	COREAD	cv	HRR1235326	HEALTHY	0	-1.9262992536001948
fame	COREAD	cv	HRR1235327	HEALTHY	0	-0.76929151511585
fame	COREAD	cv	HRR1235328	HEALTHY	0	-1.4811908131545046
fame	COREAD	cv	HRR1235330	HEALTHY	0	-1.394174843866583
fame	COREAD	cv	HRR1235331	HEALTHY	0	-2.6149652335405973
fame	COREAD	cv	HRR1235332	HEALTHY	0	-1.411955558845986
fame	COREAD	cv	HRR1235334	HEALTHY	0	-0.9660787351981688
fame	COREAD	cv	HRR1235335	HEALTHY	0	-0.2141366091574224
fame	COREAD	cv	HRR1235337	HEALTHY	0	-1.6643022945319976
fame	COREAD	cv	HRR1235339	HEALTHY	0	-2.336005544234758
fame	COREAD	cv	HRR1235340	HEALTHY	0	-1.5489211268840712
fame	COREAD	cv	HRR1235341	HEALTHY	0	-2.5662771288020627
fame	COREAD	cv	HRR1235342	HEALTHY	0	-0.762662775280287
fame	COREAD	cv	HRR1235343	HEALTHY	0	-0.8882683814609554
fame	COREAD	cv	HRR1235344	HEALTHY	0	-1.9559748788254432
fame	COREAD	cv	HRR1235345	HEALTHY	0	-0.6411816047237574
fame	COREAD	cv	HRR1235346	HEALTHY	0	-1.4694480531837006
fame	COREAD	cv	HRR1235347	HEALTHY	0	-1.2594504161620128
fame	COREAD	cv	HRR1235349	HEALTHY	0	-1.9722602717437896
fame	COREAD	cv	HRR1235350	HEALTHY	0	0.5845405422102943
fame	COREAD	cv	HRR1235351	HEALTHY	0	-1.6375977680505365
fame	COREAD	cv	HRR1235352	HEALTHY	0	-1.1134445086055536
fame	COREAD	cv	HRR1235353	HEALTHY	0	-2.034775949360923
fame	COREAD	cv	HRR1235354	HEALTHY	0	-0.2317377065990875
fame	COREAD	cv	HRR1235355	HEALTHY	0	-2.002603025419709
fame	COREAD	cv	HRR1235356	HEALTHY	0	-2.253338028217064
fame	COREAD	cv	HRR1235357	HEALTHY	0	-0.433285264005335
fame	COREAD	cv	HRR1235358	HEALTHY	0	-1.655458946878832
fame	COREAD	cv	HRR1235359	HEALTHY	0	-0.0401477285131752
fame	COREAD	cv	HRR1235360	HEALTHY	0	-1.6814909124605013
fame	COREAD	cv	HRR1235361	HEALTHY	0	-1.8145466667946968
fame	COREAD	cv	HRR1235363	HEALTHY	0	-1.1660720006933585
fame	COREAD	cv	HRR1235364	HEALTHY	0	-0.633523659942914
fame	COREAD	cv	HRR1235365	HEALTHY	0	-1.9704488104930384
fame	COREAD	cv	HRR1235367	HEALTHY	0	0.8671881897264417
fame	COREAD	cv	HRR1235368	HEALTHY	0	-2.7881125400771394
fame	COREAD	cv	HRR1235369	HEALTHY	0	0.0037002917446178
fame	COREAD	cv	HRR1235370	HEALTHY	0	-2.358691789975329
fame	COREAD	cv	HRR1235371	HEALTHY	0	-1.7910736423526257
fame	COREAD	cv	HRR1235372	HEALTHY	0	-1.630126284875294
fame	COREAD	cv	HRR1235373	HEALTHY	0	-1.2128769356454263
fame	COREAD	cv	HRR1235374	HEALTHY	0	-0.3888300603787498
fame	COREAD	cv	HRR1235375	HEALTHY	0	-1.229465572952057
fame	COREAD	cv	HRR1235376	HEALTHY	0	-2.1234252896702404
fame	COREAD	cv	HRR1235377	HEALTHY	0	-2.290408397509775
fame	COREAD	cv	HRR1235378	HEALTHY	0	-1.6908889824695073
fame	COREAD	cv	HRR1235380	HEALTHY	0	-2.263290719606248
fame	COREAD	cv	HRR1235381	HEALTHY	0	-2.450099850809932
fame	COREAD	cv	HRR1235382	HEALTHY	0	-2.06958738333606
fame	COREAD	cv	HRR1235383	HEALTHY	0	-3.3540118881414744
fame	COREAD	cv	HRR1235384	HEALTHY	0	-0.6744232753274799
fame	COREAD	cv	HRR1235386	HEALTHY	0	-1.6188783945172198
fame	COREAD	cv	HRR1235387	HEALTHY	0	-1.8488989442602173
fame	COREAD	cv	HRR1235388	HEALTHY	0	0.5367792128057709
fame	COREAD	cv	HRR1235389	HEALTHY	0	-1.8631709239842116
fame	COREAD	cv	HRR1235390	HEALTHY	0	-2.715176106276282
fame	COREAD	cv	HRR1235391	HEALTHY	0	-1.0814410282033364
fame	COREAD	cv	HRR1235392	HEALTHY	0	-1.9849195928172585
fame	COREAD	cv	HRR1235393	HEALTHY	0	-1.4381671236604778
fame	COREAD	cv	HRR1235395	HEALTHY	0	-1.249970150354203
fame	COREAD	cv	HRR1235396	HEALTHY	0	-1.9781252351428675
fame	COREAD	cv	HRR1235397	HEALTHY	0	-2.3638359908992443
fame	COREAD	cv	HRR1235400	HEALTHY	0	-2.6671708513333248
fame	COREAD	cv	HRR1235401	HEALTHY	0	-2.894130402763101
fame	COREAD	cv	HRR1235403	HEALTHY	0	-1.8512223481496664
fame	COREAD	cv	HRR1235404	HEALTHY	0	-3.0177749065520416
fame	COREAD	cv	HRR1235405	HEALTHY	0	-1.240623487639779
fame	COREAD	cv	HRR1235406	HEALTHY	0	-0.1327575338941289
fame	COREAD	cv	HRR1235407	HEALTHY	0	-1.4783383641741112
fame	COREAD	cv	HRR1235408	HEALTHY	0	-0.8321269021400698
fame	COREAD	cv	HRR1235409	HEALTHY	0	-0.9466707359046634
fame	COREAD	cv	HRR1235411	HEALTHY	0	0.1550342759342238
fame	COREAD	cv	HRR1235412	HEALTHY	0	-1.6881961638075067
fame	COREAD	cv	HRR1235413	HEALTHY	0	-2.213102343120682
fame	COREAD	cv	HRR1235415	HEALTHY	0	-2.0648221361471277
fame	COREAD	cv	HRR1235417	HEALTHY	0	-1.4076797042677027
fame	COREAD	cv	HRR1235418	HEALTHY	0	-1.5791424580753837
fame	COREAD	cv	HRR1235419	HEALTHY	0	-0.7660278348518448
fame	COREAD	cv	HRR1235420	HEALTHY	0	-1.5925889312061008
fame	COREAD	cv	HRR1235422	HEALTHY	0	-0.6565479093853392
fame	COREAD	cv	HRR1235423	HEALTHY	0	-2.42340877783432
fame	COREAD	cv	HRR1235425	HEALTHY	0	-1.953922679618686
fame	COREAD	cv	HRR1235426	HEALTHY	0	-2.273194945917083
fame	COREAD	cv	HRR1235427	HEALTHY	0	-1.5328712311069
fame	COREAD	cv	HRR1235428	HEALTHY	0	-1.605497905032898
fame	COREAD	cv	HRR1235429	HEALTHY	0	-1.653520622879134
fame	COREAD	cv	HRR1235430	HEALTHY	0	-1.1219336498698542
fame	COREAD	cv	HRR1235431	HEALTHY	0	-2.024628778050567
fame	COREAD	cv	HRR1235432	HEALTHY	0	-1.9088370117830784
fame	COREAD	cv	HRR1235433	HEALTHY	0	-2.5962433870238137
fame	COREAD	cv	HRR1235435	HEALTHY	0	-1.4790793439252703
fame	COREAD	cv	HRR1235436	HEALTHY	0	-2.1109021890539728
fame	COREAD	cv	HRR1235437	HEALTHY	0	-2.126692065985245
fame	COREAD	cv	HRR1235438	HEALTHY	0	-1.4854706389631676
fame	COREAD	cv	HRR1235439	HEALTHY	0	-1.6369136857531752
fame	COREAD	cv	HRR1235440	HEALTHY	0	-2.1005930119966822
fame	COREAD	cv	HRR1235441	HEALTHY	0	-1.229473210720831
fame	COREAD	cv	HRR1235442	HEALTHY	0	-2.692022435946916
fame	COREAD	cv	HRR1235443	HEALTHY	0	-0.1979002761987158
fame	COREAD	cv	HRR1235444	HEALTHY	0	-1.3760585010788735
fame	COREAD	cv	HRR1235445	HEALTHY	0	-2.0284588606424183
fame	COREAD	cv	HRR1235446	HEALTHY	0	-1.8351350748429904
fame	COREAD	cv	HRR1235447	HEALTHY	0	-2.11243607540398
fame	COREAD	cv	HRR1235448	HEALTHY	0	-1.7452741577443596
fame	COREAD	cv	HRR1235449	HEALTHY	0	-0.948022412759878
fame	COREAD	cv	HRR1235450	HEALTHY	0	-2.6931001224341315
fame	COREAD	cv	HRR1235451	HEALTHY	0	0.7246646237798808
fame	COREAD	cv	HRR1235452	HEALTHY	0	-2.2975263096019343
fame	COREAD	cv	HRR1235453	HEALTHY	0	-2.011820817552203
fame	COREAD	cv	HRR1235455	HEALTHY	0	-2.589672382557321
fame	COREAD	cv	HRR1235456	HEALTHY	0	-2.3339717239767377
fame	COREAD	cv	HRR1235457	HEALTHY	0	-1.1524130864971611
fame	COREAD	cv	HRR1235458	HEALTHY	0	-0.2595076588565979
fame	COREAD	cv	HRR1235459	HEALTHY	0	-2.618977150281435
fame	COREAD	cv	HRR1235460	HEALTHY	0	-1.3288445157393989
fame	COREAD	cv	HRR1235461	HEALTHY	0	-1.9587319834977823
fame	COREAD	cv	HRR1235463	HEALTHY	0	-2.727660970227124
fame	COREAD	cv	HRR1235464	HEALTHY	0	-1.351601418737998
fame	COREAD	cv	HRR1235465	HEALTHY	0	-1.379240241092207
fame	COREAD	cv	HRR1235466	HEALTHY	0	-1.5850238698434715
fame	COREAD	cv	HRR1235467	HEALTHY	0	-0.6160268205014744
fame	COREAD	cv	HRR1235468	HEALTHY	0	-2.1790309802358023
fame	COREAD	cv	HRR1235469	HEALTHY	0	-1.8233227746689944
fame	COREAD	cv	HRR1235470	HEALTHY	0	-1.898161439134188
fame	COREAD	cv	HRR1235472	HEALTHY	0	-2.2340343578847666
fame	COREAD	cv	HRR1235473	HEALTHY	0	-2.599436526887285
fame	COREAD	cv	HRR1235474	HEALTHY	0	-1.767104978335982
fame	COREAD	cv	HRR1235475	HEALTHY	0	-2.375437334705792
fame	COREAD	cv	HRR1235478	HEALTHY	0	-0.0720531717559207
fame	COREAD	cv	HRR1235481	HEALTHY	0	-2.524370916223932
fame	COREAD	cv	HRR1235482	HEALTHY	0	-1.7241048518071238
fame	COREAD	cv	HRR1235483	HEALTHY	0	0.3317903845733672
fame	COREAD	cv	HRR1235486	HEALTHY	0	-1.7147946752564844
fame	COREAD	cv	HRR1235488	HEALTHY	0	-2.798741243473006
fame	COREAD	cv	HRR1235489	HEALTHY	0	-2.46711989140965
fame	COREAD	cv	HRR1235490	HEALTHY	0	-1.0595115953027314
fame	COREAD	cv	HRR1235491	HEALTHY	0	0.2398747161658454
fame	COREAD	cv	HRR1235492	HEALTHY	0	-1.6159698035112096
fame	COREAD	cv	HRR1235493	HEALTHY	0	-2.391696099983375
fame	COREAD	cv	HRR1235497	HEALTHY	0	-1.7050148160105576
fame	COREAD	cv	HRR1235498	HEALTHY	0	-1.2917561258607448
fame	COREAD	cv	HRR1235499	HEALTHY	0	-2.395518856294035
fame	COREAD	cv	HRR1235500	HEALTHY	0	-2.257327139944302
fame	COREAD	cv	HRR1235501	HEALTHY	0	-1.692447640503702
fame	COREAD	cv	HRR1235502	HEALTHY	0	-1.8961158910473404
fame	COREAD	cv	HRR1235503	HEALTHY	0	-2.385365881114601
fame	COREAD	cv	HRR1235504	HEALTHY	0	-2.379816281399913
fame	COREAD	cv	HRR1235505	HEALTHY	0	-1.4723209573758005
fame	COREAD	cv	HRR1235506	HEALTHY	0	-1.5323377015786268
fame	COREAD	cv	HRR1235508	HEALTHY	0	-2.130746873879547
fame	COREAD	cv	HRR1235510	HEALTHY	0	-2.1657890403477307
fame	COREAD	cv	HRR1235511	HEALTHY	0	-1.762807094346278
fame	COREAD	cv	HRR1235513	HEALTHY	0	-0.5986800253326469
fame	COREAD	cv	HRR1235514	HEALTHY	0	-0.5418134702430843
fame	COREAD	cv	HRR1235515	HEALTHY	0	-1.3963097338090489
fame	COREAD	cv	HRR1235516	HEALTHY	0	-4.063086293570184
fame	COREAD	cv	HRR1235517	HEALTHY	0	-0.6684841754175419
fame	COREAD	cv	HRR1235518	HEALTHY	0	-1.8856807414381749
fame	COREAD	cv	HRR1235519	HEALTHY	0	-0.5899453942713921
fame	COREAD	cv	HRR1235520	HEALTHY	0	-1.4575701075926475
fame	COREAD	cv	HRR1235521	HEALTHY	0	-1.0548648507382214
fame	COREAD	cv	HRR1235522	HEALTHY	0	-1.113625386440525
fame	COREAD	cv	HRR1235523	HEALTHY	0	0.147845823875692
fame	COREAD	cv	HRR1235524	HEALTHY	0	-2.121910102361674
fame	COREAD	cv	HRR1235525	HEALTHY	0	-2.591344492651591
fame	COREAD	cv	HRR1235526	HEALTHY	0	-1.8708005767519051
fame	COREAD	cv	HRR1235527	HEALTHY	0	-1.219250375774386
fame	COREAD	cv	HRR1235528	HEALTHY	0	-1.284024520049298
fame	COREAD	cv	HRR1235529	HEALTHY	0	-0.8815675053944774
fame	COREAD	cv	HRR1235530	HEALTHY	0	-0.933782851311878
fame	COREAD	cv	HRR1235531	HEALTHY	0	-2.684630703097443
fame	COREAD	cv	HRR1235532	HEALTHY	0	-1.7483764880803236
fame	COREAD	cv	HRR1235533	HEALTHY	0	-0.8390961857033373
fame	COREAD	cv	HRR1235534	HEALTHY	0	-0.5264027141549106
fame	COREAD	cv	HRR1235535	HEALTHY	0	-2.212575870878673
fame	COREAD	cv	HRR1235536	HEALTHY	0	-1.6884950643302608
fame	COREAD	cv	HRR1235537	HEALTHY	0	-2.7135040087168205
fame	COREAD	cv	HRR1235538	HEALTHY	0	-1.0257128209562385
fame	COREAD	cv	HRR1235539	HEALTHY	0	-1.6889873030989302
fame	COREAD	cv	HRR1235540	HEALTHY	0	-0.1395414518822944
fame	COREAD	cv	HRR1235541	HEALTHY	0	-2.3912132311121552
fame	COREAD	cv	HRR1235542	HEALTHY	0	-1.2870569590816332
fame	COREAD	cv	HRR1235544	HEALTHY	0	-1.6686149576446092
fame	COREAD	cv	HRR1235545	HEALTHY	0	-0.0840267911912487
fame	COREAD	cv	HRR1235546	HEALTHY	0	-4.590916907568119
fame	COREAD	cv	HRR1235547	HEALTHY	0	-1.6637939771728074
fame	COREAD	cv	HRR1235548	HEALTHY	0	-1.746320856113763
fame	COREAD	cv	HRR1235549	HEALTHY	0	-0.2529252958597633
fame	COREAD	cv	HRR1235598	HEALTHY	0	-1.7391839810616814
fame	COREAD	cv	HRR1235599	HEALTHY	0	-0.1851039468466513
fame	COREAD	cv	HRR1235600	HEALTHY	0	-0.679263972111591
fame	COREAD	cv	HRR1235601	HEALTHY	0	-0.6544792830164544
fame	COREAD	cv	HRR1235602	HEALTHY	0	-0.1986093177952357
fame	COREAD	cv	HRR1235603	HEALTHY	0	-1.1089758286980014
fame	COREAD	cv	HRR1235604	HEALTHY	0	-0.4095028752775153
fame	COREAD	cv	HRR1235605	HEALTHY	0	-0.1470709293640122
fame	COREAD	cv	HRR1235606	HEALTHY	0	-1.3009596326799024
fame	COREAD	cv	HRR1235607	HEALTHY	0	-2.015864135545396
fame	COREAD	cv	HRR1235608	HEALTHY	0	-0.8697657404424923
fame	COREAD	cv	HRR1235609	HEALTHY	0	-1.2395362260013196
fame	COREAD	cv	HRR1235610	HEALTHY	0	-1.647754400561876
fame	COREAD	cv	HRR1235611	HEALTHY	0	-0.5040993064902191
fame	COREAD	cv	HRR1235612	HEALTHY	0	-2.3315902351468445
fame	COREAD	cv	HRR1235613	HEALTHY	0	-2.268272162268956
fame	COREAD	cv	HRR1235614	HEALTHY	0	-0.6681136757990902
fame	COREAD	cv	HRR1235615	HEALTHY	0	-0.4610372389225915
fame	COREAD	cv	HRR1235616	HEALTHY	0	-1.9304924282531148
fame	COREAD	cv	HRR1235617	HEALTHY	0	0.7678607334037084
fame	COREAD	cv	HRR1235618	HEALTHY	0	-1.1742605771765324
fame	COREAD	cv	HRR1235619	HEALTHY	0	-0.6612295187946556
fame	COREAD	cv	HRR1235620	HEALTHY	0	0.1154411019326256
fame	COREAD	cv	HRR1235622	HEALTHY	0	-0.309555727026794
fame	COREAD	cv	HRR1235623	HEALTHY	0	-1.3050471309161569
fame	COREAD	cv	HRR1235624	HEALTHY	0	0.9542254344841458
fame	COREAD	cv	HRR1235625	HEALTHY	0	-0.8360382146813726
fame	COREAD	cv	HRR1235627	HEALTHY	0	-1.142403261027607
fame	COREAD	cv	HRR1235628	HEALTHY	0	-1.2056748060390508
fame	COREAD	cv	HRR1235631	HEALTHY	0	-1.450630360167286
fame	COREAD	cv	HRR1235632	HEALTHY	0	-1.0996558221263997
fame	COREAD	cv	HRR1235633	HEALTHY	0	-1.340634311498648
fame	COREAD	cv	HRR1235634	HEALTHY	0	-1.0040797546615154
fame	COREAD	cv	HRR1235635	HEALTHY	0	-1.6083745240682843
fame	COREAD	cv	HRR1235636	HEALTHY	0	-2.086048376005862
fame	COREAD	cv	HRR1235637	HEALTHY	0	-1.2063560033818226
fame	COREAD	cv	HRR1235638	HEALTHY	0	-2.089838281970289
fame	COREAD	cv	HRR1235639	HEALTHY	0	-1.1451523172667346
fame	COREAD	cv	HRR1235641	HEALTHY	0	-0.9618836204335643
fame	COREAD	cv	HRR1235642	HEALTHY	0	-0.751095812530548
fame	COREAD	cv	HRR1235644	HEALTHY	0	-1.1061988340450255
fame	COREAD	cv	HRR1235645	HEALTHY	0	-2.148608231675869
fame	COREAD	cv	HRR1235646	HEALTHY	0	-0.3144987094744783
fame	COREAD	cv	HRR1235647	HEALTHY	0	-2.291861692582234
fame	COREAD	cv	HRR1235648	HEALTHY	0	-1.2126985100309424
fame	COREAD	cv	HRR1235650	HEALTHY	0	-1.6008489706094893
fame	COREAD	cv	HRR1235653	HEALTHY	0	-1.657382988188202
fame	COREAD	cv	HRR1235655	HEALTHY	0	-0.0692321379100137
fame	COREAD	cv	HRR1235657	HEALTHY	0	-0.6142025536114372
fame	COREAD	cv	HRR1235658	HEALTHY	0	-2.510927040358136
fame	COREAD	cv	HRR1235661	HEALTHY	0	-1.631179958826258
fame	COREAD	cv	HRR1235662	HEALTHY	0	-1.6952338814155317
fame	COREAD	cv	HRR1235663	HEALTHY	0	-2.597299582785679
fame	COREAD	cv	HRR1235665	HEALTHY	0	-0.6149904308808509
fame	COREAD	cv	HRR1235667	HEALTHY	0	-1.0810662713158992
fame	COREAD	cv	HRR1235669	HEALTHY	0	-1.4851104686130587
fame	COREAD	cv	HRR1235670	HEALTHY	0	-1.0935793234587952
fame	COREAD	cv	HRR1235671	HEALTHY	0	-1.1769138640888055
fame	COREAD	cv	HRR1235672	HEALTHY	0	-1.0208679981829782
fame	COREAD	cv	HRR1235673	HEALTHY	0	-0.773365593977669
fame	COREAD	cv	HRR1235674	HEALTHY	0	-2.004740373597998
fame	COREAD	cv	HRR1235675	HEALTHY	0	-0.2023255793699981
fame	COREAD	cv	HRR1235676	HEALTHY	0	-0.6385765496196296
fame	COREAD	cv	HRR1235677	HEALTHY	0	-1.8560853649534603
fame	COREAD	cv	HRR1235678	HEALTHY	0	-1.985604193108054
fame	COREAD	cv	HRR1235679	HEALTHY	0	0.1864204040531215
fame	COREAD	cv	HRR1235680	HEALTHY	0	-0.1438578864889981
fame	COREAD	cv	HRR1235683	HEALTHY	0	-1.771034056832828
fame	COREAD	cv	HRR1235685	HEALTHY	0	-1.3917762045577002
fame	COREAD	cv	HRR1235686	HEALTHY	0	-0.1047967198064268
fame	COREAD	cv	HRR1235687	HEALTHY	0	-1.7920517913010303
fame	COREAD	cv	HRR1235688	HEALTHY	0	-2.0112881455182823
fame	COREAD	cv	HRR1235689	HEALTHY	0	-2.082605218869891
fame	COREAD	cv	HRR1235690	HEALTHY	0	-0.4140592465320061
fame	COREAD	cv	HRR1235691	HEALTHY	0	-0.4291983070249715
fame	COREAD	cv	HRR1235692	HEALTHY	0	-1.2863970632521653
fame	COREAD	cv	HRR1235693	HEALTHY	0	-1.9124991126319828
fame	COREAD	cv	HRR1235694	HEALTHY	0	-2.083998307420408
fame	COREAD	cv	HRR1235695	HEALTHY	0	-1.512383869548123
fame	COREAD	cv	HRR1235696	HEALTHY	0	0.4071268274508569
fame	COREAD	cv	HRR1235697	HEALTHY	0	-1.4357127149585351
fame	COREAD	cv	HRR1235698	HEALTHY	0	-2.158689160871452
fame	COREAD	cv	HRR1235699	HEALTHY	0	-0.8400292927287941
fame	COREAD	cv	HRR1235703	HEALTHY	0	-0.982632259986398
fame	COREAD	cv	HRR1235704	HEALTHY	0	-1.865049205680388
fame	COREAD	cv	HRR1235706	HEALTHY	0	-1.0173371322237748
fame	COREAD	cv	HRR1235707	HEALTHY	0	-2.194034622119077
fame	COREAD	cv	HRR1235709	HEALTHY	0	-1.3951346616648026
fame	COREAD	cv	HRR1235710	HEALTHY	0	0.5287383936616152
fame	COREAD	cv	HRR1235711	HEALTHY	0	-1.0301150541851278
fame	COREAD	cv	HRR1235712	HEALTHY	0	-0.3611855238250896
fame	COREAD	cv	HRR1235713	HEALTHY	0	-1.001339690765207
fame	COREAD	cv	HRR1235714	HEALTHY	0	-0.4635026399847916
fame	COREAD	cv	HRR1235715	HEALTHY	0	-1.856055823116692
fame	COREAD	cv	HRR1235716	HEALTHY	0	-1.2039916396938768
fame	COREAD	cv	HRR1235719	HEALTHY	0	-1.381944554953415
fame	COREAD	cv	HRR1235720	HEALTHY	0	-2.077989017400813
fame	COREAD	cv	HRR1235722	HEALTHY	0	-2.1656211356961377
fame	COREAD	cv	HRR1235723	HEALTHY	0	0.1574634154847579
fame	COREAD	cv	HRR1235726	HEALTHY	0	-1.2281663056930914
fame	COREAD	cv	HRR1235727	HEALTHY	0	-1.5856044215895493
fame	COREAD	cv	HRR1235728	HEALTHY	0	-1.1717705450361944
fame	COREAD	cv	HRR1235731	HEALTHY	0	-2.169208161534355
fame	COREAD	cv	HRR1235732	HEALTHY	0	-2.5490685742925923
fame	COREAD	cv	HRR1235733	HEALTHY	0	-0.6329075955226019
fame	COREAD	cv	HRR1235734	HEALTHY	0	-0.4101870549913547
fame	COREAD	cv	HRR1235737	HEALTHY	0	-0.3191735977414225
fame	COREAD	cv	HRR1235738	HEALTHY	0	-2.2803872940412395
fame	COREAD	cv	HRR1235739	HEALTHY	0	-1.1406501103184603
fame	COREAD	cv	HRR1235740	HEALTHY	0	-1.5264907375424532
fame	COREAD	cv	HRR1235743	HEALTHY	0	-1.0346457261868849
fame	COREAD	cv	HRR1235744	HEALTHY	0	-1.5103905451958362
fame	COREAD	cv	HRR1235745	HEALTHY	0	-1.3292115114884568
fame	COREAD	cv	HRR1235746	HEALTHY	0	-0.4208324987824603
fame	COREAD	cv	HRR1235747	HEALTHY	0	-1.468155527093269
fame	COREAD	cv	HRR1235751	HEALTHY	0	-0.9349328384650994
fame	COREAD	cv	HRR1235753	HEALTHY	0	-1.2752732849453357
fame	COREAD	cv	HRR1235755	HEALTHY	0	-1.7186177726004637
fame	COREAD	cv	HRR1235756	HEALTHY	0	-0.7114177537818032
fame	COREAD	cv	HRR1235757	HEALTHY	0	-0.9500200055277918
fame	COREAD	cv	HRR1235759	HEALTHY	0	-1.1974484667309628
fame	COREAD	cv	HRR1235760	HEALTHY	0	-2.299056722833857
fame	COREAD	cv	HRR1235763	HEALTHY	0	-2.286675740518969
fame	COREAD	cv	HRR1235764	HEALTHY	0	-2.071216613755862
fame	COREAD	cv	HRR1235765	HEALTHY	0	-0.0861513585857146
fame	COREAD	cv	HRR1235767	HEALTHY	0	-1.5758061992052066
fame	COREAD	cv	HRR1235768	HEALTHY	0	-1.02563210459164
fame	COREAD	cv	HRR1235769	HEALTHY	0	-1.0615028998778135
fame	COREAD	cv	HRR1235770	HEALTHY	0	-1.1297962316767942
fame	COREAD	cv	HRR1235771	HEALTHY	0	-1.5509310460452332
fame	COREAD	cv	HRR1235772	HEALTHY	0	-1.5932868537670335
fame	COREAD	cv	HRR1235773	HEALTHY	0	-1.587447112596101
fame	COREAD	cv	HRR1235774	HEALTHY	0	-1.299799341547817
fame	COREAD	cv	HRR1235775	HEALTHY	0	-1.062734595886829
fame	COREAD	cv	HRR1235776	HEALTHY	0	-1.484711766536798
fame	COREAD	cv	HRR1235777	HEALTHY	0	-0.3906009312814296
fame	COREAD	cv	HRR1235779	HEALTHY	0	-2.6554846384410986
fame	COREAD	cv	HRR1235781	HEALTHY	0	0.0307121597003444
fame	COREAD	cv	HRR1235782	HEALTHY	0	-0.5681363175964689
fame	COREAD	cv	HRR1235783	HEALTHY	0	-1.286634444700837
fame	COREAD	cv	HRR1235784	HEALTHY	0	-1.4085474083666218
fame	COREAD	cv	HRR1235785	HEALTHY	0	-2.259690293152327
fame	COREAD	cv	HRR1235786	HEALTHY	0	-1.340128973711904
fame	COREAD	cv	HRR1235787	HEALTHY	0	-2.0116907024512587
fame	COREAD	cv	HRR1235789	HEALTHY	0	-1.63927503860995
fame	COREAD	cv	HRR1235790	HEALTHY	0	-1.1310458637470722
fame	COREAD	cv	HRR1235793	HEALTHY	0	-0.4263128332776353
fame	COREAD	cv	HRR1235797	HEALTHY	0	-2.249940191383929
fame	COREAD	cv	HRR1235798	HEALTHY	0	-1.632439669087223
fame	COREAD	cv	HRR1235799	HEALTHY	0	-1.1091268522839457
fame	COREAD	cv	HRR1235801	HEALTHY	0	-0.717253889943221
fame	COREAD	cv	HRR1235803	HEALTHY	0	-0.9162497334131788
fame	COREAD	cv	HRR1235805	HEALTHY	0	-1.88684316831052
fame	COREAD	cv	HRR1235808	HEALTHY	0	-0.9420564555301002
fame	COREAD	cv	HRR1235809	HEALTHY	0	-2.0674335992721664
fame	COREAD	cv	HRR1235812	HEALTHY	0	-1.517246869713225
fame	COREAD	cv	HRR1235814	HEALTHY	0	-1.15004441745203
fame	COREAD	cv	HRR1235815	HEALTHY	0	-2.5182129687466537
fame	COREAD	cv	HRR1235882	COREAD	1	6.610868715444413
fame	COREAD	cv	HRR1235885	COREAD	1	5.588497913117919
fame	COREAD	cv	HRR1235887	COREAD	1	2.402504756223655
fame	COREAD	cv	HRR1235888	COREAD	1	16.217158848659796
fame	COREAD	cv	HRR1235890	COREAD	1	0.5427675766404554
fame	COREAD	cv	HRR1235892	COREAD	1	2.724165537959166
fame	COREAD	cv	HRR1235894	COREAD	1	0.9977011672546048
fame	COREAD	cv	HRR1235895	COREAD	1	0.0477590180386929
fame	COREAD	cv	HRR1235896	COREAD	1	-1.1683749904531144
fame	COREAD	cv	HRR1235899	COREAD	1	0.2183220206864053
fame	COREAD	cv	HRR1235900	COREAD	1	2.873530829454946
fame	COREAD	cv	HRR1235902	COREAD	1	0.5212259081640438
fame	COREAD	cv	HRR1235907	COREAD	1	32.64892981406067
fame	COREAD	cv	HRR1235908	COREAD	1	-0.446507777347402
fame	COREAD	cv	HRR1235911	COREAD	1	-0.0112734838695213
fame	COREAD	cv	HRR1235912	COREAD	1	-2.287238568924766
fame	COREAD	cv	HRR1235913	COREAD	1	-0.6782162703017103
fame	COREAD	cv	HRR1235916	COREAD	1	1.0950284509595043
fame	COREAD	cv	HRR1235917	COREAD	1	-0.0302858309603591
fame	COREAD	cv	HRR1235918	COREAD	1	-0.661727591519446
fame	COREAD	cv	HRR1235919	COREAD	1	0.1988750988699273
fame	COREAD	cv	HRR1235920	COREAD	1	1.9205867789894189
fame	COREAD	cv	HRR1235921	COREAD	1	1.982676082507075
fame	COREAD	cv	HRR1235922	COREAD	1	0.3061427936562437
fame	COREAD	cv	HRR1235923	COREAD	1	16.205767543500677
fame	COREAD	cv	HRR1235924	COREAD	1	42.55242289775015
fame	COREAD	cv	HRR1235925	COREAD	1	14.15870306799587
fame	COREAD	cv	HRR1235926	COREAD	1	2.168081052629413
fame	COREAD	cv	HRR1235927	COREAD	1	0.5197946786955405
fame	COREAD	cv	HRR1235928	COREAD	1	1.8223867637886269
fame	COREAD	cv	HRR1235929	COREAD	1	1.273206995247439
fame	COREAD	cv	HRR1235931	COREAD	1	14.877518354454844
fame	COREAD	cv	HRR1235932	COREAD	1	-1.2308184633146078
fame	COREAD	cv	HRR1235934	COREAD	1	-1.654778410946517
fame	COREAD	cv	HRR1235935	COREAD	1	0.1556976014697292
fame	COREAD	cv	HRR1235936	COREAD	1	13.659761819637732
fame	COREAD	cv	HRR1235937	COREAD	1	0.911502371173732
fame	COREAD	cv	HRR1235939	COREAD	1	1.5345563881601552
fame	COREAD	cv	HRR1235940	COREAD	1	23.60843100779424
fame	COREAD	cv	HRR1235941	COREAD	1	-0.0036225875074024
fame	COREAD	cv	HRR1235943	COREAD	1	7.754615208829642
fame	COREAD	cv	HRR1235947	COREAD	1	10.699438449729245
fame	COREAD	cv	HRR1235950	COREAD	1	-1.2677160578788502
fame	COREAD	cv	HRR1235953	COREAD	1	-0.1901413712336017
fame	COREAD	cv	HRR1235954	COREAD	1	5.947597360144305
fame	COREAD	cv	HRR1235955	COREAD	1	17.787014319486033
fame	COREAD	cv	HRR1235957	COREAD	1	18.31526919810866
fame	COREAD	cv	HRR1235958	COREAD	1	3.9024478179939535
fame	COREAD	cv	HRR1235959	COREAD	1	8.101783794495933
fame	COREAD	cv	HRR1235963	COREAD	1	10.34411209347414
fame	COREAD	cv	HRR1235965	COREAD	1	1.208401524970325
fame	COREAD	cv	HRR1235966	COREAD	1	-1.707339332180953
fame	COREAD	cv	HRR1235968	COREAD	1	3.879625102329004
fame	COREAD	cv	HRR1235972	COREAD	1	8.475058652255829
fame	COREAD	cv	HRR1235973	COREAD	1	0.8963420474591997
fame	COREAD	cv	HRR1235974	COREAD	1	0.4344857012641795
fame	COREAD	cv	HRR1235975	COREAD	1	7.36133677408359
fame	COREAD	cv	HRR1235977	COREAD	1	4.7483442488365215
fame	COREAD	cv	HRR1235980	COREAD	1	33.28082657281644
fame	COREAD	cv	HRR1235981	COREAD	1	2.3144031997386434
fame	COREAD	cv	HRR1235982	COREAD	1	17.73727329817519
fame	COREAD	cv	HRR1235983	COREAD	1	6.761714712228285
fame	COREAD	cv	HRR1235985	COREAD	1	1.3243265843108107
fame	COREAD	cv	HRR1235986	COREAD	1	6.644439653848373
fame	COREAD	cv	HRR1235987	COREAD	1	0.7804063844666889
fame	COREAD	cv	HRR1235988	COREAD	1	1.0124264880529954
fame	COREAD	cv	HRR1235989	COREAD	1	0.7858127547116507
fame	COREAD	cv	HRR1235990	COREAD	1	5.834956751410844
fame	COREAD	cv	HRR1235991	COREAD	1	0.910475803318156
fame	COREAD	cv	HRR1235992	COREAD	1	1.546959740693698
fame	COREAD	cv	HRR1235993	COREAD	1	2.795999984794735
fame	COREAD	cv	HRR1235995	COREAD	1	0.9297275298048896
fame	COREAD	cv	HRR1235996	COREAD	1	0.8387035253250205
fame	COREAD	cv	HRR1235997	COREAD	1	3.0583896512455047
fame	COREAD	cv	HRR1235998	COREAD	1	3.637061973248568
fame	COREAD	cv	HRR1235999	COREAD	1	36.38399282862172
fame	COREAD	cv	HRR1236000	COREAD	1	27.46072536986885
fame	COREAD	cv	HRR1236001	COREAD	1	14.862050746987087
fame	COREAD	cv	HRR1236002	COREAD	1	20.992015907956016
fame	COREAD	cv	HRR1236003	COREAD	1	20.21141484931245
fame	COREAD	cv	HRR1236004	COREAD	1	1.598821459713043
fame	COREAD	cv	HRR1236005	COREAD	1	-0.0228179662585652
fame	COREAD	cv	HRR1236006	COREAD	1	2.235245553643664
fame	COREAD	cv	HRR1236007	COREAD	1	2.310273061069354
fame	COREAD	cv	HRR1236008	COREAD	1	8.91828006810164
fame	COREAD	cv	HRR1236009	COREAD	1	27.346441024291828
fame	COREAD	cv	HRR1236010	COREAD	1	3.1960428346336607
fame	COREAD	cv	HRR1236011	COREAD	1	21.308625215784726
fame	COREAD	cv	HRR1236012	COREAD	1	2.145668109418952
fame	COREAD	cv	HRR1236013	COREAD	1	18.46123807788291
fame	COREAD	cv	HRR1236014	COREAD	1	35.990034884753
fame	COREAD	cv	HRR1236015	COREAD	1	37.85902251401952
fame	COREAD	cv	HRR1236016	COREAD	1	19.49070631867665
fame	COREAD	cv	HRR1236017	COREAD	1	27.94095632661448
fame	COREAD	cv	HRR1236019	COREAD	1	17.566958262228216
fame	COREAD	cv	HRR1236021	COREAD	1	-0.3298966698346336
fame	COREAD	cv	HRR1236022	COREAD	1	33.73092013356169
fame	COREAD	cv	HRR1236023	COREAD	1	16.069805122762755
fame	COREAD	cv	HRR1236024	COREAD	1	21.218526338824624
fame	COREAD	cv	HRR1236026	COREAD	1	1.503594891235425
fame	COREAD	cv	HRR1236027	COREAD	1	20.36954235372476
fame	COREAD	cv	HRR1236028	COREAD	1	38.79622494453853
fame	COREAD	cv	HRR1236029	COREAD	1	32.91916128729993
fame	COREAD	cv	HRR1236030	COREAD	1	10.495923026355046
fame	COREAD	cv	HRR1236031	COREAD	1	0.3973946625144282
fame	COREAD	test	HRR1235324	HEALTHY	0	-0.6283876386801878
fame	COREAD	test	HRR1235329	HEALTHY	0	-1.5840683549442738
fame	COREAD	test	HRR1235333	HEALTHY	0	-1.3979951806555562
fame	COREAD	test	HRR1235336	HEALTHY	0	-2.057827740672737
fame	COREAD	test	HRR1235338	HEALTHY	0	-1.1894124940738604
fame	COREAD	test	HRR1235348	HEALTHY	0	-0.9886378386299622
fame	COREAD	test	HRR1235362	HEALTHY	0	-1.7972677669150858
fame	COREAD	test	HRR1235366	HEALTHY	0	-1.948027849767893
fame	COREAD	test	HRR1235379	HEALTHY	0	-1.671436448340351
fame	COREAD	test	HRR1235385	HEALTHY	0	-1.9358133233782595
fame	COREAD	test	HRR1235394	HEALTHY	0	-1.2647737836782689
fame	COREAD	test	HRR1235398	HEALTHY	0	-1.165682065085071
fame	COREAD	test	HRR1235399	HEALTHY	0	-1.3629041753750806
fame	COREAD	test	HRR1235402	HEALTHY	0	-2.610609431826521
fame	COREAD	test	HRR1235410	HEALTHY	0	-2.527064988062749
fame	COREAD	test	HRR1235414	HEALTHY	0	-1.624230042941515
fame	COREAD	test	HRR1235416	HEALTHY	0	-1.234974967728066
fame	COREAD	test	HRR1235421	HEALTHY	0	-0.7165560516339885
fame	COREAD	test	HRR1235424	HEALTHY	0	-1.9417908836553357
fame	COREAD	test	HRR1235434	HEALTHY	0	-1.525014375531872
fame	COREAD	test	HRR1235454	HEALTHY	0	-1.8163993493559405
fame	COREAD	test	HRR1235462	HEALTHY	0	-3.023683389626828
fame	COREAD	test	HRR1235471	HEALTHY	0	-1.8811913840198955
fame	COREAD	test	HRR1235476	HEALTHY	0	-2.378675077503672
fame	COREAD	test	HRR1235477	HEALTHY	0	-1.2035147111562328
fame	COREAD	test	HRR1235479	HEALTHY	0	-1.8973263416081456
fame	COREAD	test	HRR1235480	HEALTHY	0	-2.665532785057967
fame	COREAD	test	HRR1235484	HEALTHY	0	-2.76920246508998
fame	COREAD	test	HRR1235485	HEALTHY	0	-2.4305586272423017
fame	COREAD	test	HRR1235487	HEALTHY	0	-0.4164791278296408
fame	COREAD	test	HRR1235494	HEALTHY	0	-2.025790988376136
fame	COREAD	test	HRR1235495	HEALTHY	0	-0.9614551460132408
fame	COREAD	test	HRR1235496	HEALTHY	0	-2.22615304519922
fame	COREAD	test	HRR1235507	HEALTHY	0	-2.29010428137559
fame	COREAD	test	HRR1235509	HEALTHY	0	-2.55272288441431
fame	COREAD	test	HRR1235512	HEALTHY	0	-1.6774713844212688
fame	COREAD	test	HRR1235543	HEALTHY	0	-3.5886388143097423
fame	COREAD	test	HRR1235550	HEALTHY	0	-0.195886497415339
fame	COREAD	test	HRR1235551	HEALTHY	0	-1.2359433639752249
fame	COREAD	test	HRR1235552	HEALTHY	0	-0.9948540736079606
fame	COREAD	test	HRR1235553	HEALTHY	0	-0.3336261214243433
fame	COREAD	test	HRR1235554	HEALTHY	0	0.5286542596869291
fame	COREAD	test	HRR1235555	HEALTHY	0	0.2683254064857145
fame	COREAD	test	HRR1235556	HEALTHY	0	-2.9881397589248047
fame	COREAD	test	HRR1235557	HEALTHY	0	-0.8392482566065286
fame	COREAD	test	HRR1235558	HEALTHY	0	0.3488006333379913
fame	COREAD	test	HRR1235559	HEALTHY	0	-1.2786894058227642
fame	COREAD	test	HRR1235560	HEALTHY	0	-1.6973880700474415
fame	COREAD	test	HRR1235561	HEALTHY	0	-1.5471985872895222
fame	COREAD	test	HRR1235562	HEALTHY	0	-0.8367634770335789
fame	COREAD	test	HRR1235563	HEALTHY	0	-1.7457130144077877
fame	COREAD	test	HRR1235564	HEALTHY	0	-0.3583133909872683
fame	COREAD	test	HRR1235565	HEALTHY	0	-1.1588531383343126
fame	COREAD	test	HRR1235566	HEALTHY	0	-0.6534928245144819
fame	COREAD	test	HRR1235567	HEALTHY	0	-1.3118263093189633
fame	COREAD	test	HRR1235568	HEALTHY	0	-0.871812507833596
fame	COREAD	test	HRR1235569	HEALTHY	0	-0.5571373085212811
fame	COREAD	test	HRR1235570	HEALTHY	0	-1.7958473553758303
fame	COREAD	test	HRR1235571	HEALTHY	0	-0.6756030577443543
fame	COREAD	test	HRR1235572	HEALTHY	0	-0.6097732821453364
fame	COREAD	test	HRR1235573	HEALTHY	0	0.1292886592907751
fame	COREAD	test	HRR1235574	HEALTHY	0	-1.2588959231890955
fame	COREAD	test	HRR1235575	HEALTHY	0	-1.0504187542088657
fame	COREAD	test	HRR1235576	HEALTHY	0	-0.5705477919465504
fame	COREAD	test	HRR1235577	HEALTHY	0	-0.835435250619098
fame	COREAD	test	HRR1235578	HEALTHY	0	-0.6851114970051039
fame	COREAD	test	HRR1235579	HEALTHY	0	-0.7061722760987389
fame	COREAD	test	HRR1235580	HEALTHY	0	-0.9813490165883886
fame	COREAD	test	HRR1235581	HEALTHY	0	-1.6589608690682325
fame	COREAD	test	HRR1235582	HEALTHY	0	-0.3382419306232015
fame	COREAD	test	HRR1235583	HEALTHY	0	-1.3757195890437717
fame	COREAD	test	HRR1235584	HEALTHY	0	-0.2547715262836986
fame	COREAD	test	HRR1235585	HEALTHY	0	-1.694971924768503
fame	COREAD	test	HRR1235586	HEALTHY	0	-0.0615298457544426
fame	COREAD	test	HRR1235587	HEALTHY	0	-0.7359514906804202
fame	COREAD	test	HRR1235588	HEALTHY	0	0.3549560515240428
fame	COREAD	test	HRR1235589	HEALTHY	0	0.4025174636274902
fame	COREAD	test	HRR1235590	HEALTHY	0	-0.5124824842672618
fame	COREAD	test	HRR1235591	HEALTHY	0	-1.04902861361936
fame	COREAD	test	HRR1235592	HEALTHY	0	-1.4077064006090605
fame	COREAD	test	HRR1235593	HEALTHY	0	-1.072973676380497
fame	COREAD	test	HRR1235594	HEALTHY	0	-0.1259419841571708
fame	COREAD	test	HRR1235595	HEALTHY	0	-0.9003699130098887
fame	COREAD	test	HRR1235596	HEALTHY	0	1.5872690161174066
fame	COREAD	test	HRR1235597	HEALTHY	0	-0.8617733662673216
fame	COREAD	test	HRR1235621	HEALTHY	0	-0.6265920002759667
fame	COREAD	test	HRR1235626	HEALTHY	0	-0.9223218896105212
fame	COREAD	test	HRR1235629	HEALTHY	0	-0.8851574916301724
fame	COREAD	test	HRR1235630	HEALTHY	0	-0.5463583131658128
fame	COREAD	test	HRR1235640	HEALTHY	0	-1.716718891351594
fame	COREAD	test	HRR1235643	HEALTHY	0	-0.9995004514587328
fame	COREAD	test	HRR1235649	HEALTHY	0	-1.433719233648136
fame	COREAD	test	HRR1235651	HEALTHY	0	-2.3413499451391044
fame	COREAD	test	HRR1235652	HEALTHY	0	-1.2590766273837577
fame	COREAD	test	HRR1235654	HEALTHY	0	0.4924047548876044
fame	COREAD	test	HRR1235656	HEALTHY	0	-1.308049728951208
fame	COREAD	test	HRR1235659	HEALTHY	0	-0.115671571974124
fame	COREAD	test	HRR1235660	HEALTHY	0	-0.715076109218329
fame	COREAD	test	HRR1235664	HEALTHY	0	-0.2856240858187532
fame	COREAD	test	HRR1235666	HEALTHY	0	-1.7658079000190074
fame	COREAD	test	HRR1235668	HEALTHY	0	-1.070830674221753
fame	COREAD	test	HRR1235681	HEALTHY	0	-1.6130459729591244
fame	COREAD	test	HRR1235682	HEALTHY	0	-1.108357461402242
fame	COREAD	test	HRR1235684	HEALTHY	0	-1.321865145970075
fame	COREAD	test	HRR1235700	HEALTHY	0	-2.069713231615576
fame	COREAD	test	HRR1235701	HEALTHY	0	-1.7876186735594333
fame	COREAD	test	HRR1235702	HEALTHY	0	-2.406467083193755
fame	COREAD	test	HRR1235705	HEALTHY	0	-2.1682578391560106
fame	COREAD	test	HRR1235708	HEALTHY	0	0.3767804342020564
fame	COREAD	test	HRR1235717	HEALTHY	0	-1.7911275706058198
fame	COREAD	test	HRR1235718	HEALTHY	0	-3.191053635811182
fame	COREAD	test	HRR1235721	HEALTHY	0	-0.8049153204167653
fame	COREAD	test	HRR1235724	HEALTHY	0	-0.6889739475271329
fame	COREAD	test	HRR1235725	HEALTHY	0	-0.8646548670729272
fame	COREAD	test	HRR1235729	HEALTHY	0	-2.2064597091257294
fame	COREAD	test	HRR1235730	HEALTHY	0	-0.7543202508582513
fame	COREAD	test	HRR1235735	HEALTHY	0	-1.08299179608485
fame	COREAD	test	HRR1235736	HEALTHY	0	-0.0841890034811784
fame	COREAD	test	HRR1235741	HEALTHY	0	-0.8661904439535163
fame	COREAD	test	HRR1235742	HEALTHY	0	-1.2897021368331338
fame	COREAD	test	HRR1235748	HEALTHY	0	-0.966352522517563
fame	COREAD	test	HRR1235749	HEALTHY	0	-1.648738915994883
fame	COREAD	test	HRR1235750	HEALTHY	0	-2.6822463407737565
fame	COREAD	test	HRR1235752	HEALTHY	0	-1.0282389565747594
fame	COREAD	test	HRR1235754	HEALTHY	0	-1.4840675291641623
fame	COREAD	test	HRR1235758	HEALTHY	0	-1.9909042272376356
fame	COREAD	test	HRR1235761	HEALTHY	0	0.2432743520655362
fame	COREAD	test	HRR1235762	HEALTHY	0	-2.288920756682829
fame	COREAD	test	HRR1235766	HEALTHY	0	0.378607064242909
fame	COREAD	test	HRR1235778	HEALTHY	0	-0.9681320123512268
fame	COREAD	test	HRR1235780	HEALTHY	0	-0.5628485749528503
fame	COREAD	test	HRR1235788	HEALTHY	0	-0.0176526400385438
fame	COREAD	test	HRR1235791	HEALTHY	0	-1.769443074264466
fame	COREAD	test	HRR1235792	HEALTHY	0	-2.888159550880771
fame	COREAD	test	HRR1235794	HEALTHY	0	-1.274269272796139
fame	COREAD	test	HRR1235795	HEALTHY	0	0.5465286669642316
fame	COREAD	test	HRR1235796	HEALTHY	0	-0.8504123841405048
fame	COREAD	test	HRR1235800	HEALTHY	0	-0.8979084764126598
fame	COREAD	test	HRR1235802	HEALTHY	0	-1.3834431079081146
fame	COREAD	test	HRR1235804	HEALTHY	0	-0.2605930982777426
fame	COREAD	test	HRR1235806	HEALTHY	0	-0.7382557678111351
fame	COREAD	test	HRR1235807	HEALTHY	0	-0.6571045482075154
fame	COREAD	test	HRR1235810	HEALTHY	0	-1.4713487664370826
fame	COREAD	test	HRR1235811	HEALTHY	0	-1.4486418248287332
fame	COREAD	test	HRR1235813	HEALTHY	0	-0.7157528063073514
fame	COREAD	test	HRR1235883	COREAD	1	33.53775387110614
fame	COREAD	test	HRR1235884	COREAD	1	3.712505637431482
fame	COREAD	test	HRR1235886	COREAD	1	29.29962614551756
fame	COREAD	test	HRR1235889	COREAD	1	0.5281434719435845
fame	COREAD	test	HRR1235891	COREAD	1	-1.2356841690461082
fame	COREAD	test	HRR1235893	COREAD	1	3.64429145546376
fame	COREAD	test	HRR1235897	COREAD	1	0.1917583294541616
fame	COREAD	test	HRR1235898	COREAD	1	0.5232905493521289
fame	COREAD	test	HRR1235901	COREAD	1	1.66647534155434
fame	COREAD	test	HRR1235903	COREAD	1	18.91499954557297
fame	COREAD	test	HRR1235904	COREAD	1	0.7505169086897229
fame	COREAD	test	HRR1235905	COREAD	1	2.990570064186689
fame	COREAD	test	HRR1235906	COREAD	1	29.3771844378302
fame	COREAD	test	HRR1235909	COREAD	1	1.5253648391886665
fame	COREAD	test	HRR1235910	COREAD	1	-0.1072732414310925
fame	COREAD	test	HRR1235914	COREAD	1	2.2666001105287075
fame	COREAD	test	HRR1235915	COREAD	1	4.320210076126561
fame	COREAD	test	HRR1235930	COREAD	1	5.56313019984629
fame	COREAD	test	HRR1235933	COREAD	1	6.088237922064249
fame	COREAD	test	HRR1235938	COREAD	1	7.427687643440316
fame	COREAD	test	HRR1235942	COREAD	1	-0.0779576953278783
fame	COREAD	test	HRR1235944	COREAD	1	4.460618661907516
fame	COREAD	test	HRR1235945	COREAD	1	5.576911391349138
fame	COREAD	test	HRR1235946	COREAD	1	4.288680780420052
fame	COREAD	test	HRR1235948	COREAD	1	11.2194943350785
fame	COREAD	test	HRR1235949	COREAD	1	14.523434813340028
fame	COREAD	test	HRR1235951	COREAD	1	2.7186218131938005
fame	COREAD	test	HRR1235952	COREAD	1	9.959770483949471
fame	COREAD	test	HRR1235956	COREAD	1	12.4275423358839
fame	COREAD	test	HRR1235960	COREAD	1	2.677085850713357
fame	COREAD	test	HRR1235961	COREAD	1	3.1843913455353365
fame	COREAD	test	HRR1235962	COREAD	1	-0.5811138145447142
fame	COREAD	test	HRR1235964	COREAD	1	0.8122656751567188
fame	COREAD	test	HRR1235967	COREAD	1	5.679104525114174
fame	COREAD	test	HRR1235969	COREAD	1	0.9823457802912328
fame	COREAD	test	HRR1235970	COREAD	1	1.150672030376583
fame	COREAD	test	HRR1235971	COREAD	1	6.725715791842554
fame	COREAD	test	HRR1235976	COREAD	1	4.190118582474746
fame	COREAD	test	HRR1235978	COREAD	1	21.42016639718496
fame	COREAD	test	HRR1235979	COREAD	1	25.66303638336306
fame	COREAD	test	HRR1235984	COREAD	1	2.134055741362638
fame	COREAD	test	HRR1235994	COREAD	1	27.977289848455225
fame	COREAD	test	HRR1236018	COREAD	1	38.781870324779845
fame	COREAD	test	HRR1236020	COREAD	1	4.547867357351085
fame	COREAD	test	HRR1236025	COREAD	1	36.89316312173754
fame	ESCA	cv	HRR1235319	HEALTHY	0	-0.6177863580729557
fame	ESCA	cv	HRR1235320	HEALTHY	0	-0.1734844841902283
fame	ESCA	cv	HRR1235321	HEALTHY	0	0.0469425152234858
fame	ESCA	cv	HRR1235322	HEALTHY	0	-0.4384999558809633
fame	ESCA	cv	HRR1235323	HEALTHY	0	2.63205690413637
fame	ESCA	cv	HRR1235325	HEALTHY	0	-0.9283070098232034
fame	ESCA	cv	HRR1235326	HEALTHY	0	-2.513097295246084
fame	ESCA	cv	HRR1235327	HEALTHY	0	-1.3004559640657534
fame	ESCA	cv	HRR1235328	HEALTHY	0	-1.836745251330929
fame	ESCA	cv	HRR1235330	HEALTHY	0	-0.7076240030938303
fame	ESCA	cv	HRR1235331	HEALTHY	0	-2.7408121046646645
fame	ESCA	cv	HRR1235332	HEALTHY	0	-0.7625466176213089
fame	ESCA	cv	HRR1235334	HEALTHY	0	-1.0768851784493312
fame	ESCA	cv	HRR1235335	HEALTHY	0	-0.0452287078960769
fame	ESCA	cv	HRR1235337	HEALTHY	0	0.185407296755544
fame	ESCA	cv	HRR1235339	HEALTHY	0	-2.341019188755706
fame	ESCA	cv	HRR1235340	HEALTHY	0	-0.994467056431183
fame	ESCA	cv	HRR1235341	HEALTHY	0	-2.2728002573206
fame	ESCA	cv	HRR1235342	HEALTHY	0	-1.7594200821339367
fame	ESCA	cv	HRR1235343	HEALTHY	0	-1.2457902380187662
fame	ESCA	cv	HRR1235344	HEALTHY	0	-1.305030093900161
fame	ESCA	cv	HRR1235345	HEALTHY	0	0.0961682253918013
fame	ESCA	cv	HRR1235346	HEALTHY	0	-1.1094996381157471
fame	ESCA	cv	HRR1235347	HEALTHY	0	-0.6563061180984542
fame	ESCA	cv	HRR1235349	HEALTHY	0	-2.301491776978779
fame	ESCA	cv	HRR1235350	HEALTHY	0	0.5522520120061551
fame	ESCA	cv	HRR1235351	HEALTHY	0	-2.711250178718326
fame	ESCA	cv	HRR1235352	HEALTHY	0	-0.515342016061412
fame	ESCA	cv	HRR1235353	HEALTHY	0	-1.5538017677478666
fame	ESCA	cv	HRR1235354	HEALTHY	0	-0.1472347559775007
fame	ESCA	cv	HRR1235355	HEALTHY	0	-2.1220230230903927
fame	ESCA	cv	HRR1235356	HEALTHY	0	-2.92009289715101
fame	ESCA	cv	HRR1235357	HEALTHY	0	0.271589827366532
fame	ESCA	cv	HRR1235358	HEALTHY	0	-1.1513166845766656
fame	ESCA	cv	HRR1235359	HEALTHY	0	0.7579187297391545
fame	ESCA	cv	HRR1235360	HEALTHY	0	-1.0563040506441363
fame	ESCA	cv	HRR1235361	HEALTHY	0	-2.023658082133456
fame	ESCA	cv	HRR1235363	HEALTHY	0	-0.5834631848474033
fame	ESCA	cv	HRR1235364	HEALTHY	0	-0.4638111601959515
fame	ESCA	cv	HRR1235365	HEALTHY	0	-3.921746570653322
fame	ESCA	cv	HRR1235367	HEALTHY	0	0.5064258642138904
fame	ESCA	cv	HRR1235368	HEALTHY	0	-1.9775408677004824
fame	ESCA	cv	HRR1235369	HEALTHY	0	-0.7741678733321801
fame	ESCA	cv	HRR1235370	HEALTHY	0	-3.1168859683525434
fame	ESCA	cv	HRR1235371	HEALTHY	0	-2.1690704433968326
fame	ESCA	cv	HRR1235372	HEALTHY	0	-1.6560438158185122
fame	ESCA	cv	HRR1235373	HEALTHY	0	-0.4723457023122349
fame	ESCA	cv	HRR1235374	HEALTHY	0	-0.0937100100501604
fame	ESCA	cv	HRR1235375	HEALTHY	0	-1.015948966856946
fame	ESCA	cv	HRR1235376	HEALTHY	0	-1.340871422037913
fame	ESCA	cv	HRR1235377	HEALTHY	0	-2.018599102083826
fame	ESCA	cv	HRR1235378	HEALTHY	0	-1.2607247727339714
fame	ESCA	cv	HRR1235380	HEALTHY	0	-2.003151148873762
fame	ESCA	cv	HRR1235381	HEALTHY	0	-2.4051764134817524
fame	ESCA	cv	HRR1235382	HEALTHY	0	-1.5263620754006315
fame	ESCA	cv	HRR1235383	HEALTHY	0	-3.323107840854665
fame	ESCA	cv	HRR1235384	HEALTHY	0	0.0139589350829597
fame	ESCA	cv	HRR1235386	HEALTHY	0	-1.4866674507465722
fame	ESCA	cv	HRR1235387	HEALTHY	0	-1.0368721059436357
fame	ESCA	cv	HRR1235388	HEALTHY	0	0.9504281160347804
fame	ESCA	cv	HRR1235389	HEALTHY	0	-0.8012656642670415
fame	ESCA	cv	HRR1235390	HEALTHY	0	-3.055621403490399
fame	ESCA	cv	HRR1235391	HEALTHY	0	-1.580260910232984
fame	ESCA	cv	HRR1235392	HEALTHY	0	-1.686184088018329
fame	ESCA	cv	HRR1235393	HEALTHY	0	-2.139021254664128
fame	ESCA	cv	HRR1235395	HEALTHY	0	-1.778015042454504
fame	ESCA	cv	HRR1235396	HEALTHY	0	-0.9629230488128632
fame	ESCA	cv	HRR1235397	HEALTHY	0	-2.792511581276253
fame	ESCA	cv	HRR1235400	HEALTHY	0	-2.269344988574895
fame	ESCA	cv	HRR1235401	HEALTHY	0	-3.870991327542369
fame	ESCA	cv	HRR1235403	HEALTHY	0	-0.7687878820631153
fame	ESCA	cv	HRR1235404	HEALTHY	0	-2.681637764553443
fame	ESCA	cv	HRR1235405	HEALTHY	0	-2.179947103614805
fame	ESCA	cv	HRR1235406	HEALTHY	0	0.4804253884444669
fame	ESCA	cv	HRR1235407	HEALTHY	0	-0.7699005978915321
fame	ESCA	cv	HRR1235408	HEALTHY	0	-1.7177200196717146
fame	ESCA	cv	HRR1235409	HEALTHY	0	-0.7390970131778234
fame	ESCA	cv	HRR1235411	HEALTHY	0	1.84162093936656
fame	ESCA	cv	HRR1235412	HEALTHY	0	-1.4228861184673092
fame	ESCA	cv	HRR1235413	HEALTHY	0	-2.3646865419173206
fame	ESCA	cv	HRR1235415	HEALTHY	0	-1.157655947243166
fame	ESCA	cv	HRR1235417	HEALTHY	0	-1.1318931935894128
fame	ESCA	cv	HRR1235418	HEALTHY	0	-1.5245101200645563
fame	ESCA	cv	HRR1235419	HEALTHY	0	-0.176403853824928
fame	ESCA	cv	HRR1235420	HEALTHY	0	-1.9767737871196087
fame	ESCA	cv	HRR1235422	HEALTHY	0	-0.6477473875202876
fame	ESCA	cv	HRR1235423	HEALTHY	0	-2.3718948658587955
fame	ESCA	cv	HRR1235425	HEALTHY	0	-2.424938172954117
fame	ESCA	cv	HRR1235426	HEALTHY	0	-2.3806978629903
fame	ESCA	cv	HRR1235427	HEALTHY	0	-1.8428794183340476
fame	ESCA	cv	HRR1235428	HEALTHY	0	-1.3355956463160796
fame	ESCA	cv	HRR1235429	HEALTHY	0	-2.031720680950307
fame	ESCA	cv	HRR1235430	HEALTHY	0	-1.839883824497323
fame	ESCA	cv	HRR1235431	HEALTHY	0	-2.2187206111157294
fame	ESCA	cv	HRR1235432	HEALTHY	0	-1.236217919555786
fame	ESCA	cv	HRR1235433	HEALTHY	0	-3.0868598065591835
fame	ESCA	cv	HRR1235435	HEALTHY	0	-1.540815754669246
fame	ESCA	cv	HRR1235436	HEALTHY	0	-2.3881374898469367
fame	ESCA	cv	HRR1235437	HEALTHY	0	-3.522789626885164
fame	ESCA	cv	HRR1235438	HEALTHY	0	-1.425102191782812
fame	ESCA	cv	HRR1235439	HEALTHY	0	-1.580107971129158
fame	ESCA	cv	HRR1235440	HEALTHY	0	-2.4902707477597765
fame	ESCA	cv	HRR1235441	HEALTHY	0	-0.2843086260053736
fame	ESCA	cv	HRR1235442	HEALTHY	0	-1.586319666370032
fame	ESCA	cv	HRR1235443	HEALTHY	0	0.2398975764559332
fame	ESCA	cv	HRR1235444	HEALTHY	0	-0.7185910448907198
fame	ESCA	cv	HRR1235445	HEALTHY	0	-1.876295516311646
fame	ESCA	cv	HRR1235446	HEALTHY	0	-1.5436703094742117
fame	ESCA	cv	HRR1235447	HEALTHY	0	-2.188699881685031
fame	ESCA	cv	HRR1235448	HEALTHY	0	-1.64281127418135
fame	ESCA	cv	HRR1235449	HEALTHY	0	-1.6601699497612503
fame	ESCA	cv	HRR1235450	HEALTHY	0	-2.7648183085538625
fame	ESCA	cv	HRR1235451	HEALTHY	0	0.2652863185795571
fame	ESCA	cv	HRR1235452	HEALTHY	0	-1.7285969557075054
fame	ESCA	cv	HRR1235453	HEALTHY	0	-2.700007869105966
fame	ESCA	cv	HRR1235455	HEALTHY	0	-2.254973144236298
fame	ESCA	cv	HRR1235456	HEALTHY	0	-2.153579170276606
fame	ESCA	cv	HRR1235457	HEALTHY	0	-0.8762878894001394
fame	ESCA	cv	HRR1235458	HEALTHY	0	-1.3579672691133116
fame	ESCA	cv	HRR1235459	HEALTHY	0	-2.14658424203235
fame	ESCA	cv	HRR1235460	HEALTHY	0	-1.8771860480597968
fame	ESCA	cv	HRR1235461	HEALTHY	0	-2.274000099292216
fame	ESCA	cv	HRR1235463	HEALTHY	0	-2.491035390424765
fame	ESCA	cv	HRR1235464	HEALTHY	0	-1.7272023514981654
fame	ESCA	cv	HRR1235465	HEALTHY	0	-2.379737072922841
fame	ESCA	cv	HRR1235466	HEALTHY	0	-1.3214176444559873
fame	ESCA	cv	HRR1235467	HEALTHY	0	-0.0122946160984477
fame	ESCA	cv	HRR1235468	HEALTHY	0	-2.0978392224314866
fame	ESCA	cv	HRR1235469	HEALTHY	0	-2.429256547410389
fame	ESCA	cv	HRR1235470	HEALTHY	0	-2.353648882101828
fame	ESCA	cv	HRR1235472	HEALTHY	0	-2.2019784628436203
fame	ESCA	cv	HRR1235473	HEALTHY	0	-2.6879668888887416
fame	ESCA	cv	HRR1235474	HEALTHY	0	-2.742016928600293
fame	ESCA	cv	HRR1235475	HEALTHY	0	-2.597811893795435
fame	ESCA	cv	HRR1235478	HEALTHY	0	-1.2824817460944655
fame	ESCA	cv	HRR1235481	HEALTHY	0	-2.351363051983143
fame	ESCA	cv	HRR1235482	HEALTHY	0	-1.9842358717234445
fame	ESCA	cv	HRR1235483	HEALTHY	0	-0.7305253587084738
fame	ESCA	cv	HRR1235486	HEALTHY	0	-1.5395442927110214
fame	ESCA	cv	HRR1235488	HEALTHY	0	-2.735430235607033
fame	ESCA	cv	HRR1235489	HEALTHY	0	-2.5477092807588737
fame	ESCA	cv	HRR1235490	HEALTHY	0	-1.3045416862262504
fame	ESCA	cv	HRR1235491	HEALTHY	0	0.4657136863016425
fame	ESCA	cv	HRR1235492	HEALTHY	0	-1.703902698519454
fame	ESCA	cv	HRR1235493	HEALTHY	0	-3.086490709583852
fame	ESCA	cv	HRR1235497	HEALTHY	0	-1.1234820876453562
fame	ESCA	cv	HRR1235498	HEALTHY	0	-2.618276619553793
fame	ESCA	cv	HRR1235499	HEALTHY	0	-3.240223586670134
fame	ESCA	cv	HRR1235500	HEALTHY	0	-2.853411088032607
fame	ESCA	cv	HRR1235501	HEALTHY	0	-1.9218617412191843
fame	ESCA	cv	HRR1235502	HEALTHY	0	-1.8735274541508509
fame	ESCA	cv	HRR1235503	HEALTHY	0	-2.097965987289093
fame	ESCA	cv	HRR1235504	HEALTHY	0	-1.944906918740608
fame	ESCA	cv	HRR1235505	HEALTHY	0	-0.4521599272141184
fame	ESCA	cv	HRR1235506	HEALTHY	0	-1.543679757268382
fame	ESCA	cv	HRR1235508	HEALTHY	0	-2.654775487178141
fame	ESCA	cv	HRR1235510	HEALTHY	0	-2.2171029262318824
fame	ESCA	cv	HRR1235511	HEALTHY	0	-2.0742375338686765
fame	ESCA	cv	HRR1235513	HEALTHY	0	-1.3975016744165596
fame	ESCA	cv	HRR1235514	HEALTHY	0	-0.4755588128819938
fame	ESCA	cv	HRR1235515	HEALTHY	0	-1.9034039460425465
fame	ESCA	cv	HRR1235516	HEALTHY	0	-5.090861161730229
fame	ESCA	cv	HRR1235517	HEALTHY	0	-1.253006082236093
fame	ESCA	cv	HRR1235518	HEALTHY	0	-1.771637868021842
fame	ESCA	cv	HRR1235519	HEALTHY	0	-0.3084163223159264
fame	ESCA	cv	HRR1235520	HEALTHY	0	-0.885309346822235
fame	ESCA	cv	HRR1235521	HEALTHY	0	-1.2983266163300096
fame	ESCA	cv	HRR1235522	HEALTHY	0	-1.8459944232457397
fame	ESCA	cv	HRR1235523	HEALTHY	0	0.3264564893177707
fame	ESCA	cv	HRR1235524	HEALTHY	0	-2.6900121599888904
fame	ESCA	cv	HRR1235525	HEALTHY	0	-3.305520896830588
fame	ESCA	cv	HRR1235526	HEALTHY	0	-2.2488402242537835
fame	ESCA	cv	HRR1235527	HEALTHY	0	-2.6472910567457006
fame	ESCA	cv	HRR1235528	HEALTHY	0	-2.569261499824406
fame	ESCA	cv	HRR1235529	HEALTHY	0	-1.0435944887338555
fame	ESCA	cv	HRR1235530	HEALTHY	0	-2.00677271229127
fame	ESCA	cv	HRR1235531	HEALTHY	0	-2.8799042365704755
fame	ESCA	cv	HRR1235532	HEALTHY	0	-1.9879684637974984
fame	ESCA	cv	HRR1235533	HEALTHY	0	-0.9727951811420246
fame	ESCA	cv	HRR1235534	HEALTHY	0	-1.005953616271144
fame	ESCA	cv	HRR1235535	HEALTHY	0	-2.258888999274011
fame	ESCA	cv	HRR1235536	HEALTHY	0	-2.878034242405904
fame	ESCA	cv	HRR1235537	HEALTHY	0	-2.7940758963350505
fame	ESCA	cv	HRR1235538	HEALTHY	0	-1.2699959507899816
fame	ESCA	cv	HRR1235539	HEALTHY	0	-2.42336790933767
fame	ESCA	cv	HRR1235540	HEALTHY	0	0.907575050976342
fame	ESCA	cv	HRR1235541	HEALTHY	0	-2.4798741615393918
fame	ESCA	cv	HRR1235542	HEALTHY	0	-1.9327528731812151
fame	ESCA	cv	HRR1235544	HEALTHY	0	-1.634571994048911
fame	ESCA	cv	HRR1235545	HEALTHY	0	-0.8685652096868917
fame	ESCA	cv	HRR1235546	HEALTHY	0	-4.955031376473186
fame	ESCA	cv	HRR1235547	HEALTHY	0	-0.0077780816664498
fame	ESCA	cv	HRR1235548	HEALTHY	0	-2.0820992390242377
fame	ESCA	cv	HRR1235549	HEALTHY	0	0.7615257247046607
fame	ESCA	cv	HRR1235598	HEALTHY	0	-2.766989383294685
fame	ESCA	cv	HRR1235599	HEALTHY	0	-0.2895291584607664
fame	ESCA	cv	HRR1235600	HEALTHY	0	-0.2233619558132119
fame	ESCA	cv	HRR1235601	HEALTHY	0	-1.0793289119685014
fame	ESCA	cv	HRR1235602	HEALTHY	0	0.7020255626548721
fame	ESCA	cv	HRR1235603	HEALTHY	0	-0.3617770996135662
fame	ESCA	cv	HRR1235604	HEALTHY	0	-0.5948453324046332
fame	ESCA	cv	HRR1235605	HEALTHY	0	-0.5018506314396582
fame	ESCA	cv	HRR1235606	HEALTHY	0	-2.1309707367047923
fame	ESCA	cv	HRR1235607	HEALTHY	0	-3.330829318476883
fame	ESCA	cv	HRR1235608	HEALTHY	0	-4.7072189845413455
fame	ESCA	cv	HRR1235609	HEALTHY	0	-1.6380337570631829
fame	ESCA	cv	HRR1235610	HEALTHY	0	-2.813842205921388
fame	ESCA	cv	HRR1235611	HEALTHY	0	-1.7918712279698454
fame	ESCA	cv	HRR1235612	HEALTHY	0	-2.2556997064908444
fame	ESCA	cv	HRR1235613	HEALTHY	0	-2.737345923627982
fame	ESCA	cv	HRR1235614	HEALTHY	0	-1.0311704079560788
fame	ESCA	cv	HRR1235615	HEALTHY	0	-1.203379482284114
fame	ESCA	cv	HRR1235616	HEALTHY	0	-3.5187440436991544
fame	ESCA	cv	HRR1235617	HEALTHY	0	-0.550554309891941
fame	ESCA	cv	HRR1235618	HEALTHY	0	-0.4682165311342532
fame	ESCA	cv	HRR1235619	HEALTHY	0	-1.9676054005120736
fame	ESCA	cv	HRR1235620	HEALTHY	0	0.4165494354368714
fame	ESCA	cv	HRR1235622	HEALTHY	0	-0.613506471550059
fame	ESCA	cv	HRR1235623	HEALTHY	0	0.0177880978041484
fame	ESCA	cv	HRR1235624	HEALTHY	0	1.0602840981520751
fame	ESCA	cv	HRR1235625	HEALTHY	0	-1.9237579854906688
fame	ESCA	cv	HRR1235627	HEALTHY	0	-1.1407721491989826
fame	ESCA	cv	HRR1235628	HEALTHY	0	-2.359322581156914
fame	ESCA	cv	HRR1235631	HEALTHY	0	-1.6588294225015618
fame	ESCA	cv	HRR1235632	HEALTHY	0	-2.153063996219906
fame	ESCA	cv	HRR1235633	HEALTHY	0	-2.016327679431936
fame	ESCA	cv	HRR1235634	HEALTHY	0	-1.2356226756071145
fame	ESCA	cv	HRR1235635	HEALTHY	0	-1.5433570831117205
fame	ESCA	cv	HRR1235636	HEALTHY	0	-0.9743746587964808
fame	ESCA	cv	HRR1235637	HEALTHY	0	-0.2848916860067858
fame	ESCA	cv	HRR1235638	HEALTHY	0	-2.72828919771126
fame	ESCA	cv	HRR1235639	HEALTHY	0	-1.5489037838766868
fame	ESCA	cv	HRR1235641	HEALTHY	0	-0.8624496151579734
fame	ESCA	cv	HRR1235642	HEALTHY	0	-0.0894732098395538
fame	ESCA	cv	HRR1235644	HEALTHY	0	-1.4425039104267463
fame	ESCA	cv	HRR1235645	HEALTHY	0	-1.2006324266057218
fame	ESCA	cv	HRR1235646	HEALTHY	0	-1.4599580563177563
fame	ESCA	cv	HRR1235647	HEALTHY	0	-2.677302566855836
fame	ESCA	cv	HRR1235648	HEALTHY	0	-2.326842171045014
fame	ESCA	cv	HRR1235650	HEALTHY	0	-2.0927236750059466
fame	ESCA	cv	HRR1235653	HEALTHY	0	-1.2184381279075844
fame	ESCA	cv	HRR1235655	HEALTHY	0	-0.1279625056850847
fame	ESCA	cv	HRR1235657	HEALTHY	0	0.0159853307431013
fame	ESCA	cv	HRR1235658	HEALTHY	0	-2.7818821768647246
fame	ESCA	cv	HRR1235661	HEALTHY	0	-1.109918924008449
fame	ESCA	cv	HRR1235662	HEALTHY	0	-1.3863050643465886
fame	ESCA	cv	HRR1235663	HEALTHY	0	-2.8117158679073126
fame	ESCA	cv	HRR1235665	HEALTHY	0	-0.6025100773620577
fame	ESCA	cv	HRR1235667	HEALTHY	0	-1.4622875267861553
fame	ESCA	cv	HRR1235669	HEALTHY	0	-1.0403615343033912
fame	ESCA	cv	HRR1235670	HEALTHY	0	-0.4182647167510271
fame	ESCA	cv	HRR1235671	HEALTHY	0	-1.657986786058335
fame	ESCA	cv	HRR1235672	HEALTHY	0	-1.463076593886682
fame	ESCA	cv	HRR1235673	HEALTHY	0	-0.2749081986427805
fame	ESCA	cv	HRR1235674	HEALTHY	0	-1.6570144049145228
fame	ESCA	cv	HRR1235675	HEALTHY	0	0.0594888408873849
fame	ESCA	cv	HRR1235676	HEALTHY	0	-0.4759333986996688
fame	ESCA	cv	HRR1235677	HEALTHY	0	-1.2894999303015822
fame	ESCA	cv	HRR1235678	HEALTHY	0	-2.495387644470344
fame	ESCA	cv	HRR1235679	HEALTHY	0	1.2048071657884096
fame	ESCA	cv	HRR1235680	HEALTHY	0	0.1920247961015351
fame	ESCA	cv	HRR1235683	HEALTHY	0	-1.8995807191389849
fame	ESCA	cv	HRR1235685	HEALTHY	0	-1.5162271303854693
fame	ESCA	cv	HRR1235686	HEALTHY	0	1.285416323109234
fame	ESCA	cv	HRR1235687	HEALTHY	0	-2.635618106792617
fame	ESCA	cv	HRR1235688	HEALTHY	0	-1.539004018127494
fame	ESCA	cv	HRR1235689	HEALTHY	0	-1.585732155736419
fame	ESCA	cv	HRR1235690	HEALTHY	0	-0.6900718432840567
fame	ESCA	cv	HRR1235691	HEALTHY	0	0.3041225425894287
fame	ESCA	cv	HRR1235692	HEALTHY	0	-1.6792077309213749
fame	ESCA	cv	HRR1235693	HEALTHY	0	-1.1029582685921373
fame	ESCA	cv	HRR1235694	HEALTHY	0	-2.6458266093218565
fame	ESCA	cv	HRR1235695	HEALTHY	0	-1.2960033533977997
fame	ESCA	cv	HRR1235696	HEALTHY	0	0.791953406216512
fame	ESCA	cv	HRR1235697	HEALTHY	0	-1.5455249719278743
fame	ESCA	cv	HRR1235698	HEALTHY	0	-1.5738483759584816
fame	ESCA	cv	HRR1235699	HEALTHY	0	-0.3262828973194503
fame	ESCA	cv	HRR1235703	HEALTHY	0	-0.9979111026411048
fame	ESCA	cv	HRR1235704	HEALTHY	0	-2.265500426692143
fame	ESCA	cv	HRR1235706	HEALTHY	0	-1.0551867077357917
fame	ESCA	cv	HRR1235707	HEALTHY	0	-1.6644774538942246
fame	ESCA	cv	HRR1235709	HEALTHY	0	-1.6816239387588698
fame	ESCA	cv	HRR1235710	HEALTHY	0	0.8541482301935543
fame	ESCA	cv	HRR1235711	HEALTHY	0	-0.3673534724750528
fame	ESCA	cv	HRR1235712	HEALTHY	0	-0.2048023382460266
fame	ESCA	cv	HRR1235713	HEALTHY	0	-0.695746830938436
fame	ESCA	cv	HRR1235714	HEALTHY	0	0.5174245695624387
fame	ESCA	cv	HRR1235715	HEALTHY	0	-1.408389324058152
fame	ESCA	cv	HRR1235716	HEALTHY	0	-1.9436873104980847
fame	ESCA	cv	HRR1235719	HEALTHY	0	-1.3519549619100415
fame	ESCA	cv	HRR1235720	HEALTHY	0	-2.333695123241898
fame	ESCA	cv	HRR1235722	HEALTHY	0	-1.6289116166515654
fame	ESCA	cv	HRR1235723	HEALTHY	0	0.1838971730645239
fame	ESCA	cv	HRR1235726	HEALTHY	0	-1.3378442868953977
fame	ESCA	cv	HRR1235727	HEALTHY	0	-1.099011330146558
fame	ESCA	cv	HRR1235728	HEALTHY	0	-1.3447171217977671
fame	ESCA	cv	HRR1235731	HEALTHY	0	-2.3417194307059965
fame	ESCA	cv	HRR1235732	HEALTHY	0	-3.178556793615974
fame	ESCA	cv	HRR1235733	HEALTHY	0	-1.1409845629817914
fame	ESCA	cv	HRR1235734	HEALTHY	0	-0.6350762012993636
fame	ESCA	cv	HRR1235737	HEALTHY	0	0.3415077289827908
fame	ESCA	cv	HRR1235738	HEALTHY	0	-1.962517882653332
fame	ESCA	cv	HRR1235739	HEALTHY	0	-1.8306896808022328
fame	ESCA	cv	HRR1235740	HEALTHY	0	-1.5806610227622162
fame	ESCA	cv	HRR1235743	HEALTHY	0	-0.711539598129469
fame	ESCA	cv	HRR1235744	HEALTHY	0	-0.7647181359745335
fame	ESCA	cv	HRR1235745	HEALTHY	0	-1.7852938506175788
fame	ESCA	cv	HRR1235746	HEALTHY	0	-1.0690446550767423
fame	ESCA	cv	HRR1235747	HEALTHY	0	-1.9817880700787
fame	ESCA	cv	HRR1235751	HEALTHY	0	-0.9393230988193688
fame	ESCA	cv	HRR1235753	HEALTHY	0	-1.7932880926612764
fame	ESCA	cv	HRR1235755	HEALTHY	0	-0.7835126011080306
fame	ESCA	cv	HRR1235756	HEALTHY	0	-0.6616568320748802
fame	ESCA	cv	HRR1235757	HEALTHY	0	-0.3883762780036097
fame	ESCA	cv	HRR1235759	HEALTHY	0	-0.3590099475766731
fame	ESCA	cv	HRR1235760	HEALTHY	0	-2.4098117626294053
fame	ESCA	cv	HRR1235763	HEALTHY	0	-1.3576767039113309
fame	ESCA	cv	HRR1235764	HEALTHY	0	-2.153003774497049
fame	ESCA	cv	HRR1235765	HEALTHY	0	0.6911340293710154
fame	ESCA	cv	HRR1235767	HEALTHY	0	-1.408006331100525
fame	ESCA	cv	HRR1235768	HEALTHY	0	-0.122521792717561
fame	ESCA	cv	HRR1235769	HEALTHY	0	-1.931429075200157
fame	ESCA	cv	HRR1235770	HEALTHY	0	-0.4331283130015406
fame	ESCA	cv	HRR1235771	HEALTHY	0	-1.212961536117184
fame	ESCA	cv	HRR1235772	HEALTHY	0	-1.294674214761829
fame	ESCA	cv	HRR1235773	HEALTHY	0	-2.121723963085418
fame	ESCA	cv	HRR1235774	HEALTHY	0	-1.1954972896949925
fame	ESCA	cv	HRR1235775	HEALTHY	0	-1.4828355231164831
fame	ESCA	cv	HRR1235776	HEALTHY	0	-0.1032594223405933
fame	ESCA	cv	HRR1235777	HEALTHY	0	0.3967962845729992
fame	ESCA	cv	HRR1235779	HEALTHY	0	-3.0721139183578647
fame	ESCA	cv	HRR1235781	HEALTHY	0	-0.9128415997182664
fame	ESCA	cv	HRR1235782	HEALTHY	0	-0.3399026178698616
fame	ESCA	cv	HRR1235783	HEALTHY	0	-0.5711008012202897
fame	ESCA	cv	HRR1235784	HEALTHY	0	-0.3082634642482444
fame	ESCA	cv	HRR1235785	HEALTHY	0	-2.8280503066548053
fame	ESCA	cv	HRR1235786	HEALTHY	0	-0.8910477819081845
fame	ESCA	cv	HRR1235787	HEALTHY	0	-2.7552769390042
fame	ESCA	cv	HRR1235789	HEALTHY	0	-1.4893047954353524
fame	ESCA	cv	HRR1235790	HEALTHY	0	-1.9628296052175105
fame	ESCA	cv	HRR1235793	HEALTHY	0	0.4270995873369594
fame	ESCA	cv	HRR1235797	HEALTHY	0	-1.422033531270042
fame	ESCA	cv	HRR1235798	HEALTHY	0	-2.051497556045407
fame	ESCA	cv	HRR1235799	HEALTHY	0	-1.140197327659666
fame	ESCA	cv	HRR1235801	HEALTHY	0	-1.2700705539007644
fame	ESCA	cv	HRR1235803	HEALTHY	0	-0.4113417606194631
fame	ESCA	cv	HRR1235805	HEALTHY	0	-0.7011454368014947
fame	ESCA	cv	HRR1235808	HEALTHY	0	-1.6498519902220914
fame	ESCA	cv	HRR1235809	HEALTHY	0	-2.709582192343686
fame	ESCA	cv	HRR1235812	HEALTHY	0	-1.5528632043333583
fame	ESCA	cv	HRR1235814	HEALTHY	0	-1.4755056218790124
fame	ESCA	cv	HRR1235815	HEALTHY	0	-1.9515807317652825
fame	ESCA	cv	HRR1236033	ESCA	1	-0.9583546618009926
fame	ESCA	cv	HRR1236034	ESCA	1	0.5525094318072763
fame	ESCA	cv	HRR1236035	ESCA	1	-0.3681590938749352
fame	ESCA	cv	HRR1236036	ESCA	1	1.0680972187796014
fame	ESCA	cv	HRR1236037	ESCA	1	-0.7374150535305997
fame	ESCA	cv	HRR1236038	ESCA	1	6.318051351759134
fame	ESCA	cv	HRR1236039	ESCA	1	-1.4156219673344566
fame	ESCA	cv	HRR1236040	ESCA	1	28.467744558247823
fame	ESCA	cv	HRR1236042	ESCA	1	-1.2512216721887124
fame	ESCA	cv	HRR1236043	ESCA	1	-0.6970975113517743
fame	ESCA	cv	HRR1236045	ESCA	1	9.062071488400962
fame	ESCA	cv	HRR1236051	ESCA	1	7.838794276449935
fame	ESCA	cv	HRR1236053	ESCA	1	2.8350678154889843
fame	ESCA	cv	HRR1236054	ESCA	1	1.4660818062748109
fame	ESCA	cv	HRR1236055	ESCA	1	3.4357059427947103
fame	ESCA	cv	HRR1236056	ESCA	1	6.173208610863004
fame	ESCA	cv	HRR1236057	ESCA	1	5.972140865053678
fame	ESCA	cv	HRR1236058	ESCA	1	4.628608206343984
fame	ESCA	cv	HRR1236059	ESCA	1	-0.6202485125050412
fame	ESCA	cv	HRR1236060	ESCA	1	3.160622215377906
fame	ESCA	cv	HRR1236061	ESCA	1	20.62748064235088
fame	ESCA	cv	HRR1236062	ESCA	1	2.6330438657117616
fame	ESCA	cv	HRR1236063	ESCA	1	2.8951445169221093
fame	ESCA	cv	HRR1236064	ESCA	1	5.315161140905226
fame	ESCA	cv	HRR1236065	ESCA	1	10.211713116420594
fame	ESCA	cv	HRR1236066	ESCA	1	-0.0862751390152773
fame	ESCA	cv	HRR1236068	ESCA	1	0.9601544278823982
fame	ESCA	cv	HRR1236069	ESCA	1	1.1259547308520634
fame	ESCA	cv	HRR1236070	ESCA	1	-0.6222067221039639
fame	ESCA	cv	HRR1236071	ESCA	1	28.66806170517066
fame	ESCA	cv	HRR1236072	ESCA	1	20.33625738917363
fame	ESCA	cv	HRR1236073	ESCA	1	10.617170589647534
fame	ESCA	cv	HRR1236075	ESCA	1	0.6324113638042388
fame	ESCA	cv	HRR1236076	ESCA	1	3.036151701425087
fame	ESCA	cv	HRR1236077	ESCA	1	0.6128686753550501
fame	ESCA	cv	HRR1236078	ESCA	1	0.4984912476865868
fame	ESCA	cv	HRR1236079	ESCA	1	0.1258891860797184
fame	ESCA	cv	HRR1236080	ESCA	1	1.589584540160884
fame	ESCA	cv	HRR1236081	ESCA	1	1.3239077291236476
fame	ESCA	cv	HRR1236082	ESCA	1	1.3464998478616257
fame	ESCA	cv	HRR1236083	ESCA	1	1.7076542923390776
fame	ESCA	cv	HRR1236092	ESCA	1	3.3107760764602645
fame	ESCA	test	HRR1235324	HEALTHY	0	-0.4804341332490754
fame	ESCA	test	HRR1235329	HEALTHY	0	-1.5204188206087896
fame	ESCA	test	HRR1235333	HEALTHY	0	-1.761329773935951
fame	ESCA	test	HRR1235336	HEALTHY	0	-2.1344180025686343
fame	ESCA	test	HRR1235338	HEALTHY	0	-0.2479392946315068
fame	ESCA	test	HRR1235348	HEALTHY	0	-0.6890039552105793
fame	ESCA	test	HRR1235362	HEALTHY	0	-2.3530011411850884
fame	ESCA	test	HRR1235366	HEALTHY	0	-2.662073653070633
fame	ESCA	test	HRR1235379	HEALTHY	0	-1.474780413970166
fame	ESCA	test	HRR1235385	HEALTHY	0	-1.8697727578022507
fame	ESCA	test	HRR1235394	HEALTHY	0	-0.7307236154202207
fame	ESCA	test	HRR1235398	HEALTHY	0	-1.332729747700146
fame	ESCA	test	HRR1235399	HEALTHY	0	-1.5036191604722966
fame	ESCA	test	HRR1235402	HEALTHY	0	-3.076101971721541
fame	ESCA	test	HRR1235410	HEALTHY	0	-2.900830139099547
fame	ESCA	test	HRR1235414	HEALTHY	0	-1.393813065267153
fame	ESCA	test	HRR1235416	HEALTHY	0	-0.7550739373444321
fame	ESCA	test	HRR1235421	HEALTHY	0	-0.2966666394113217
fame	ESCA	test	HRR1235424	HEALTHY	0	-2.13641522663032
fame	ESCA	test	HRR1235434	HEALTHY	0	-1.431862902800761
fame	ESCA	test	HRR1235454	HEALTHY	0	-2.2051219737773278
fame	ESCA	test	HRR1235462	HEALTHY	0	-3.480897706233866
fame	ESCA	test	HRR1235471	HEALTHY	0	-2.068228467530247
fame	ESCA	test	HRR1235476	HEALTHY	0	-2.7157487958654603
fame	ESCA	test	HRR1235477	HEALTHY	0	-0.4963943384463049
fame	ESCA	test	HRR1235479	HEALTHY	0	-2.018849876257259
fame	ESCA	test	HRR1235480	HEALTHY	0	-2.007306433079649
fame	ESCA	test	HRR1235484	HEALTHY	0	-3.205993762893316
fame	ESCA	test	HRR1235485	HEALTHY	0	-2.5930747722277854
fame	ESCA	test	HRR1235487	HEALTHY	0	1.1053392378876634
fame	ESCA	test	HRR1235494	HEALTHY	0	-2.0173912046866675
fame	ESCA	test	HRR1235495	HEALTHY	0	-1.5311915268005525
fame	ESCA	test	HRR1235496	HEALTHY	0	-1.6564982001623982
fame	ESCA	test	HRR1235507	HEALTHY	0	-2.5708183136753444
fame	ESCA	test	HRR1235509	HEALTHY	0	-2.366477430590449
fame	ESCA	test	HRR1235512	HEALTHY	0	-3.112376873376157
fame	ESCA	test	HRR1235543	HEALTHY	0	-3.307701310178492
fame	ESCA	test	HRR1235550	HEALTHY	0	-0.241721501316684
fame	ESCA	test	HRR1235551	HEALTHY	0	-1.7825458377989558
fame	ESCA	test	HRR1235552	HEALTHY	0	-0.0413866594498624
fame	ESCA	test	HRR1235553	HEALTHY	0	0.604374062485644
fame	ESCA	test	HRR1235554	HEALTHY	0	2.012042627171157
fame	ESCA	test	HRR1235555	HEALTHY	0	0.0534424517578816
fame	ESCA	test	HRR1235556	HEALTHY	0	-2.5811600205039804
fame	ESCA	test	HRR1235557	HEALTHY	0	-1.2115256658826807
fame	ESCA	test	HRR1235558	HEALTHY	0	0.9008182186913468
fame	ESCA	test	HRR1235559	HEALTHY	0	-1.255745584913881
fame	ESCA	test	HRR1235560	HEALTHY	0	-0.7888479913042028
fame	ESCA	test	HRR1235561	HEALTHY	0	-2.3964538161422144
fame	ESCA	test	HRR1235562	HEALTHY	0	-0.8004029735776423
fame	ESCA	test	HRR1235563	HEALTHY	0	-1.2963034891012235
fame	ESCA	test	HRR1235564	HEALTHY	0	-0.4978772793196185
fame	ESCA	test	HRR1235565	HEALTHY	0	-1.3828561810567932
fame	ESCA	test	HRR1235566	HEALTHY	0	-0.8058466036605072
fame	ESCA	test	HRR1235567	HEALTHY	0	-0.4382240864485238
fame	ESCA	test	HRR1235568	HEALTHY	0	-0.8103853698877831
fame	ESCA	test	HRR1235569	HEALTHY	0	0.5641574065849786
fame	ESCA	test	HRR1235570	HEALTHY	0	-2.4982814820790447
fame	ESCA	test	HRR1235571	HEALTHY	0	-0.8294084674041059
fame	ESCA	test	HRR1235572	HEALTHY	0	-0.0437543192170295
fame	ESCA	test	HRR1235573	HEALTHY	0	0.8724056843444019
fame	ESCA	test	HRR1235574	HEALTHY	0	-0.6660995414171349
fame	ESCA	test	HRR1235575	HEALTHY	0	-1.3859031081122188
fame	ESCA	test	HRR1235576	HEALTHY	0	-0.1131137524975762
fame	ESCA	test	HRR1235577	HEALTHY	0	-1.1218981416514575
fame	ESCA	test	HRR1235578	HEALTHY	0	-1.0549000214374702
fame	ESCA	test	HRR1235579	HEALTHY	0	0.0651636167483646
fame	ESCA	test	HRR1235580	HEALTHY	0	-0.2958515082283042
fame	ESCA	test	HRR1235581	HEALTHY	0	-1.4979026789224732
fame	ESCA	test	HRR1235582	HEALTHY	0	0.7538327800494689
fame	ESCA	test	HRR1235583	HEALTHY	0	-1.3445816671518442
fame	ESCA	test	HRR1235584	HEALTHY	0	0.198029278832543
fame	ESCA	test	HRR1235585	HEALTHY	0	-2.458511099494173
fame	ESCA	test	HRR1235586	HEALTHY	0	0.0366511265603204
fame	ESCA	test	HRR1235587	HEALTHY	0	-0.2077558165054391
fame	ESCA	test	HRR1235588	HEALTHY	0	1.125291378404034
fame	ESCA	test	HRR1235589	HEALTHY	0	1.593443036429013
fame	ESCA	test	HRR1235590	HEALTHY	0	-0.1467219343937398
fame	ESCA	test	HRR1235591	HEALTHY	0	-2.3079247428017844
fame	ESCA	test	HRR1235592	HEALTHY	0	-0.5178787231005109
fame	ESCA	test	HRR1235593	HEALTHY	0	-0.8897599223652779
fame	ESCA	test	HRR1235594	HEALTHY	0	0.0151696801723086
fame	ESCA	test	HRR1235595	HEALTHY	0	-1.442073037834574
fame	ESCA	test	HRR1235596	HEALTHY	0	2.588592388357738
fame	ESCA	test	HRR1235597	HEALTHY	0	0.2123578444885445
fame	ESCA	test	HRR1235621	HEALTHY	0	-0.6498767536261731
fame	ESCA	test	HRR1235626	HEALTHY	0	-0.8633125197092493
fame	ESCA	test	HRR1235629	HEALTHY	0	-0.6213959144449198
fame	ESCA	test	HRR1235630	HEALTHY	0	-1.2991888971917485
fame	ESCA	test	HRR1235640	HEALTHY	0	-1.3950844942754408
fame	ESCA	test	HRR1235643	HEALTHY	0	-1.1694358673830254
fame	ESCA	test	HRR1235649	HEALTHY	0	-1.373789617334516
fame	ESCA	test	HRR1235651	HEALTHY	0	-3.060193413298517
fame	ESCA	test	HRR1235652	HEALTHY	0	-0.6441128196194326
fame	ESCA	test	HRR1235654	HEALTHY	0	2.073435917032945
fame	ESCA	test	HRR1235656	HEALTHY	0	-1.3696567607896726
fame	ESCA	test	HRR1235659	HEALTHY	0	-0.4056649941041955
fame	ESCA	test	HRR1235660	HEALTHY	0	-1.8626131824807757
fame	ESCA	test	HRR1235664	HEALTHY	0	0.1338583178688211
fame	ESCA	test	HRR1235666	HEALTHY	0	-0.8586376689436483
fame	ESCA	test	HRR1235668	HEALTHY	0	-0.8336341386294777
fame	ESCA	test	HRR1235681	HEALTHY	0	-1.6637969895290554
fame	ESCA	test	HRR1235682	HEALTHY	0	-0.9338628383231836
fame	ESCA	test	HRR1235684	HEALTHY	0	-1.2951365489119755
fame	ESCA	test	HRR1235700	HEALTHY	0	-2.321761185333336
fame	ESCA	test	HRR1235701	HEALTHY	0	-1.0290340033730048
fame	ESCA	test	HRR1235702	HEALTHY	0	-2.1892961731071927
fame	ESCA	test	HRR1235705	HEALTHY	0	-1.6268480228507052
fame	ESCA	test	HRR1235708	HEALTHY	0	0.4792317191910291
fame	ESCA	test	HRR1235717	HEALTHY	0	-0.6263756369860511
fame	ESCA	test	HRR1235718	HEALTHY	0	-2.424878372559013
fame	ESCA	test	HRR1235721	HEALTHY	0	-0.70639976708972
fame	ESCA	test	HRR1235724	HEALTHY	0	-0.5999570751964435
fame	ESCA	test	HRR1235725	HEALTHY	0	-0.5858659332005489
fame	ESCA	test	HRR1235729	HEALTHY	0	-1.7747684897830234
fame	ESCA	test	HRR1235730	HEALTHY	0	0.8397961545162858
fame	ESCA	test	HRR1235735	HEALTHY	0	-0.6299627335640512
fame	ESCA	test	HRR1235736	HEALTHY	0	-0.9564437611938792
fame	ESCA	test	HRR1235741	HEALTHY	0	-0.7656327476175612
fame	ESCA	test	HRR1235742	HEALTHY	0	-1.7020870785785045
fame	ESCA	test	HRR1235748	HEALTHY	0	-1.1396577515499846
fame	ESCA	test	HRR1235749	HEALTHY	0	-2.0985460888266525
fame	ESCA	test	HRR1235750	HEALTHY	0	-2.2622268653520745
fame	ESCA	test	HRR1235752	HEALTHY	0	-0.6204181631448211
fame	ESCA	test	HRR1235754	HEALTHY	0	-0.922998799077438
fame	ESCA	test	HRR1235758	HEALTHY	0	-2.319253079079245
fame	ESCA	test	HRR1235761	HEALTHY	0	0.2746765841843559
fame	ESCA	test	HRR1235762	HEALTHY	0	-0.2119473075109104
fame	ESCA	test	HRR1235766	HEALTHY	0	0.989088746539658
fame	ESCA	test	HRR1235778	HEALTHY	0	-1.1775071036306453
fame	ESCA	test	HRR1235780	HEALTHY	0	-1.189845123080685
fame	ESCA	test	HRR1235788	HEALTHY	0	-1.1465473913133208
fame	ESCA	test	HRR1235791	HEALTHY	0	-1.9506504157268725
fame	ESCA	test	HRR1235792	HEALTHY	0	-1.3251638397001977
fame	ESCA	test	HRR1235794	HEALTHY	0	-1.3289414199033205
fame	ESCA	test	HRR1235795	HEALTHY	0	1.5475392462438584
fame	ESCA	test	HRR1235796	HEALTHY	0	-0.2261545882954805
fame	ESCA	test	HRR1235800	HEALTHY	0	-0.5154944910082186
fame	ESCA	test	HRR1235802	HEALTHY	0	-0.9274424733691522
fame	ESCA	test	HRR1235804	HEALTHY	0	0.661164210127261
fame	ESCA	test	HRR1235806	HEALTHY	0	-0.1981744710338366
fame	ESCA	test	HRR1235807	HEALTHY	0	-1.7564907078463328
fame	ESCA	test	HRR1235810	HEALTHY	0	-1.4816132946113003
fame	ESCA	test	HRR1235811	HEALTHY	0	-1.1014372077120431
fame	ESCA	test	HRR1235813	HEALTHY	0	-0.8570432465638974
fame	ESCA	test	HRR1236032	ESCA	1	-1.1565771599087362
fame	ESCA	test	HRR1236041	ESCA	1	5.911340085656158
fame	ESCA	test	HRR1236044	ESCA	1	25.33384425614024
fame	ESCA	test	HRR1236046	ESCA	1	8.369571597743162
fame	ESCA	test	HRR1236047	ESCA	1	20.89785911533447
fame	ESCA	test	HRR1236048	ESCA	1	14.99371986965948
fame	ESCA	test	HRR1236049	ESCA	1	-0.3597667606228011
fame	ESCA	test	HRR1236050	ESCA	1	12.0045038225581
fame	ESCA	test	HRR1236052	ESCA	1	0.3532766582302047
fame	ESCA	test	HRR1236067	ESCA	1	-0.8510296834399534
fame	ESCA	test	HRR1236074	ESCA	1	1.5992163560935369
fame	ESCA	test	HRR1236084	ESCA	1	2.759512894751478
fame	ESCA	test	HRR1236085	ESCA	1	1.42822247953822
fame	ESCA	test	HRR1236086	ESCA	1	4.145104676680963
fame	ESCA	test	HRR1236087	ESCA	1	4.762259385021477
fame	ESCA	test	HRR1236088	ESCA	1	5.656516817059683
fame	ESCA	test	HRR1236089	ESCA	1	1.0402210248582433
fame	ESCA	test	HRR1236090	ESCA	1	0.6637249267840832
fame	ESCA	test	HRR1236091	ESCA	1	-0.0633567637725004
fame	LIHC	cv	HRR1235319	HEALTHY	0	-0.4421973280322859
fame	LIHC	cv	HRR1235320	HEALTHY	0	-0.0808687489605333
fame	LIHC	cv	HRR1235321	HEALTHY	0	0.3109852424034928
fame	LIHC	cv	HRR1235322	HEALTHY	0	-0.4115608642647417
fame	LIHC	cv	HRR1235323	HEALTHY	0	2.131976549253692
fame	LIHC	cv	HRR1235325	HEALTHY	0	-0.2896136062160452
fame	LIHC	cv	HRR1235326	HEALTHY	0	-1.1666443591013698
fame	LIHC	cv	HRR1235327	HEALTHY	0	0.1333977266178919
fame	LIHC	cv	HRR1235328	HEALTHY	0	-1.2914639271062316
fame	LIHC	cv	HRR1235330	HEALTHY	0	0.8022422968455335
fame	LIHC	cv	HRR1235331	HEALTHY	0	-2.3052482476301166
fame	LIHC	cv	HRR1235332	HEALTHY	0	-1.5212269728506524
fame	LIHC	cv	HRR1235334	HEALTHY	0	-0.4773159375452602
fame	LIHC	cv	HRR1235335	HEALTHY	0	0.4816700806160849
fame	LIHC	cv	HRR1235337	HEALTHY	0	-0.1755510875020878
fame	LIHC	cv	HRR1235339	HEALTHY	0	-1.7210879049868224
fame	LIHC	cv	HRR1235340	HEALTHY	0	-0.1221221598650905
fame	LIHC	cv	HRR1235341	HEALTHY	0	-3.0106524006719773
fame	LIHC	cv	HRR1235342	HEALTHY	0	-0.2406381163283263
fame	LIHC	cv	HRR1235343	HEALTHY	0	0.3719364451729177
fame	LIHC	cv	HRR1235344	HEALTHY	0	-1.6800178320804378
fame	LIHC	cv	HRR1235345	HEALTHY	0	1.0814782920035686
fame	LIHC	cv	HRR1235346	HEALTHY	0	-0.2320517780177718
fame	LIHC	cv	HRR1235347	HEALTHY	0	-0.8003817507716995
fame	LIHC	cv	HRR1235349	HEALTHY	0	-1.6618858144639088
fame	LIHC	cv	HRR1235350	HEALTHY	0	-0.0275337286823626
fame	LIHC	cv	HRR1235351	HEALTHY	0	-1.5659474810802056
fame	LIHC	cv	HRR1235352	HEALTHY	0	0.0443700172569727
fame	LIHC	cv	HRR1235353	HEALTHY	0	-1.1433340258915297
fame	LIHC	cv	HRR1235354	HEALTHY	0	-0.3268564523473117
fame	LIHC	cv	HRR1235355	HEALTHY	0	-1.1580167549700426
fame	LIHC	cv	HRR1235356	HEALTHY	0	-0.7440263104087255
fame	LIHC	cv	HRR1235357	HEALTHY	0	-0.6241048216729768
fame	LIHC	cv	HRR1235358	HEALTHY	0	-1.1364389133936532
fame	LIHC	cv	HRR1235359	HEALTHY	0	0.6566723718110444
fame	LIHC	cv	HRR1235360	HEALTHY	0	-1.009315725699027
fame	LIHC	cv	HRR1235361	HEALTHY	0	-0.9401114220339832
fame	LIHC	cv	HRR1235363	HEALTHY	0	-0.0801885721681625
fame	LIHC	cv	HRR1235364	HEALTHY	0	-0.6561791828886874
fame	LIHC	cv	HRR1235365	HEALTHY	0	-2.749501714463609
fame	LIHC	cv	HRR1235367	HEALTHY	0	1.006949236534212
fame	LIHC	cv	HRR1235368	HEALTHY	0	-1.796189388830061
fame	LIHC	cv	HRR1235369	HEALTHY	0	0.4026815469302946
fame	LIHC	cv	HRR1235370	HEALTHY	0	-2.597221163828785
fame	LIHC	cv	HRR1235371	HEALTHY	0	-0.3725321501007139
fame	LIHC	cv	HRR1235372	HEALTHY	0	-0.4059503148795245
fame	LIHC	cv	HRR1235373	HEALTHY	0	-0.4536420847349163
fame	LIHC	cv	HRR1235374	HEALTHY	0	0.5441136870454859
fame	LIHC	cv	HRR1235375	HEALTHY	0	-0.672860338630505
fame	LIHC	cv	HRR1235376	HEALTHY	0	-1.7147884065022765
fame	LIHC	cv	HRR1235377	HEALTHY	0	-2.8958463484474373
fame	LIHC	cv	HRR1235378	HEALTHY	0	-0.8065450996147872
fame	LIHC	cv	HRR1235380	HEALTHY	0	-2.4826387363924463
fame	LIHC	cv	HRR1235381	HEALTHY	0	-1.4018380695761117
fame	LIHC	cv	HRR1235382	HEALTHY	0	-1.728756312440027
fame	LIHC	cv	HRR1235383	HEALTHY	0	-3.607923772932288
fame	LIHC	cv	HRR1235384	HEALTHY	0	-0.3059626612976629
fame	LIHC	cv	HRR1235386	HEALTHY	0	-0.8883738284954124
fame	LIHC	cv	HRR1235387	HEALTHY	0	0.6103086467661203
fame	LIHC	cv	HRR1235388	HEALTHY	0	1.7104158314554536
fame	LIHC	cv	HRR1235389	HEALTHY	0	-1.879218017077416
fame	LIHC	cv	HRR1235390	HEALTHY	0	-2.153189795877935
fame	LIHC	cv	HRR1235391	HEALTHY	0	-0.4358090741365056
fame	LIHC	cv	HRR1235392	HEALTHY	0	-0.9382057199576592
fame	LIHC	cv	HRR1235393	HEALTHY	0	-1.4103022775063785
fame	LIHC	cv	HRR1235395	HEALTHY	0	-1.1392276201688936
fame	LIHC	cv	HRR1235396	HEALTHY	0	-2.297780493314876
fame	LIHC	cv	HRR1235397	HEALTHY	0	-3.079683930040728
fame	LIHC	cv	HRR1235400	HEALTHY	0	-2.258995276788535
fame	LIHC	cv	HRR1235401	HEALTHY	0	-3.879183328912815
fame	LIHC	cv	HRR1235403	HEALTHY	0	-1.011582727000355
fame	LIHC	cv	HRR1235404	HEALTHY	0	-2.638996013919924
fame	LIHC	cv	HRR1235405	HEALTHY	0	-1.5863115688719975
fame	LIHC	cv	HRR1235406	HEALTHY	0	-0.7465603330760238
fame	LIHC	cv	HRR1235407	HEALTHY	0	-1.5368156954086851
fame	LIHC	cv	HRR1235408	HEALTHY	0	-0.0941012913826897
fame	LIHC	cv	HRR1235409	HEALTHY	0	-0.3612770302153602
fame	LIHC	cv	HRR1235411	HEALTHY	0	-0.7394040350753257
fame	LIHC	cv	HRR1235412	HEALTHY	0	-2.2732306406732423
fame	LIHC	cv	HRR1235413	HEALTHY	0	-2.15113853292681
fame	LIHC	cv	HRR1235415	HEALTHY	0	-1.2141751008904689
fame	LIHC	cv	HRR1235417	HEALTHY	0	-0.0439894200861942
fame	LIHC	cv	HRR1235418	HEALTHY	0	-1.8260780015992348
fame	LIHC	cv	HRR1235419	HEALTHY	0	1.3348604313969146
fame	LIHC	cv	HRR1235420	HEALTHY	0	-1.4770892262082451
fame	LIHC	cv	HRR1235422	HEALTHY	0	-0.155986830501902
fame	LIHC	cv	HRR1235423	HEALTHY	0	-3.0842456735976485
fame	LIHC	cv	HRR1235425	HEALTHY	0	-1.642535967930542
fame	LIHC	cv	HRR1235426	HEALTHY	0	-3.8299851044618736
fame	LIHC	cv	HRR1235427	HEALTHY	0	-1.0423836635808534
fame	LIHC	cv	HRR1235428	HEALTHY	0	-1.1561257336105866
fame	LIHC	cv	HRR1235429	HEALTHY	0	-2.2738443544204348
fame	LIHC	cv	HRR1235430	HEALTHY	0	-0.9938174112754206
fame	LIHC	cv	HRR1235431	HEALTHY	0	-1.749605355221132
fame	LIHC	cv	HRR1235432	HEALTHY	0	-2.421994847307266
fame	LIHC	cv	HRR1235433	HEALTHY	0	-2.76303917942974
fame	LIHC	cv	HRR1235435	HEALTHY	0	-1.815693262461019
fame	LIHC	cv	HRR1235436	HEALTHY	0	-0.98431158883722
fame	LIHC	cv	HRR1235437	HEALTHY	0	-2.268805341744211
fame	LIHC	cv	HRR1235438	HEALTHY	0	-1.8477590201299563
fame	LIHC	cv	HRR1235439	HEALTHY	0	-0.2888280535012969
fame	LIHC	cv	HRR1235440	HEALTHY	0	-1.1769719943215833
fame	LIHC	cv	HRR1235441	HEALTHY	0	-1.3164063768326328
fame	LIHC	cv	HRR1235442	HEALTHY	0	-2.726755453819883
fame	LIHC	cv	HRR1235443	HEALTHY	0	-1.9080283226069603
fame	LIHC	cv	HRR1235444	HEALTHY	0	-0.8638320021892616
fame	LIHC	cv	HRR1235445	HEALTHY	0	-1.1236735219712155
fame	LIHC	cv	HRR1235446	HEALTHY	0	-1.4975638638290398
fame	LIHC	cv	HRR1235447	HEALTHY	0	-0.811496763098875
fame	LIHC	cv	HRR1235448	HEALTHY	0	-1.4745356063396398
fame	LIHC	cv	HRR1235449	HEALTHY	0	0.069807440436963
fame	LIHC	cv	HRR1235450	HEALTHY	0	-2.93863952901986
fame	LIHC	cv	HRR1235451	HEALTHY	0	2.2665445591816065
fame	LIHC	cv	HRR1235452	HEALTHY	0	-1.8565302828704295
fame	LIHC	cv	HRR1235453	HEALTHY	0	-2.5158990343903223
fame	LIHC	cv	HRR1235455	HEALTHY	0	-1.825595153345086
fame	LIHC	cv	HRR1235456	HEALTHY	0	-3.071352380930924
fame	LIHC	cv	HRR1235457	HEALTHY	0	-1.1232535387606144
fame	LIHC	cv	HRR1235458	HEALTHY	0	-0.3053492471540592
fame	LIHC	cv	HRR1235459	HEALTHY	0	-2.426412404667856
fame	LIHC	cv	HRR1235460	HEALTHY	0	-1.0689367194610342
fame	LIHC	cv	HRR1235461	HEALTHY	0	-2.519568364828884
fame	LIHC	cv	HRR1235463	HEALTHY	0	-2.4704427098008805
fame	LIHC	cv	HRR1235464	HEALTHY	0	-1.1750876598413869
fame	LIHC	cv	HRR1235465	HEALTHY	0	-1.7814028818451255
fame	LIHC	cv	HRR1235466	HEALTHY	0	-1.3013251081717474
fame	LIHC	cv	HRR1235467	HEALTHY	0	-0.7590837442874108
fame	LIHC	cv	HRR1235468	HEALTHY	0	-1.4711091582313174
fame	LIHC	cv	HRR1235469	HEALTHY	0	-1.993450363474904
fame	LIHC	cv	HRR1235470	HEALTHY	0	-3.630910353603787
fame	LIHC	cv	HRR1235472	HEALTHY	0	-0.8356015889426083
fame	LIHC	cv	HRR1235473	HEALTHY	0	-2.1181056543719303
fame	LIHC	cv	HRR1235474	HEALTHY	0	-2.5230243237069025
fame	LIHC	cv	HRR1235475	HEALTHY	0	-1.7929927774505223
fame	LIHC	cv	HRR1235478	HEALTHY	0	0.0291016736815389
fame	LIHC	cv	HRR1235481	HEALTHY	0	-2.579763756846744
fame	LIHC	cv	HRR1235482	HEALTHY	0	-2.360921307257531
fame	LIHC	cv	HRR1235483	HEALTHY	0	-0.1726233116242017
fame	LIHC	cv	HRR1235486	HEALTHY	0	-1.6839222037425012
fame	LIHC	cv	HRR1235488	HEALTHY	0	-2.5203421661662517
fame	LIHC	cv	HRR1235489	HEALTHY	0	-1.5219496579708598
fame	LIHC	cv	HRR1235490	HEALTHY	0	-0.7406907941823972
fame	LIHC	cv	HRR1235491	HEALTHY	0	2.200719806786632
fame	LIHC	cv	HRR1235492	HEALTHY	0	-2.017362625510909
fame	LIHC	cv	HRR1235493	HEALTHY	0	-1.9143588861217924
fame	LIHC	cv	HRR1235497	HEALTHY	0	-1.8063961075296155
fame	LIHC	cv	HRR1235498	HEALTHY	0	-0.0868178383512474
fame	LIHC	cv	HRR1235499	HEALTHY	0	-2.463227882952699
fame	LIHC	cv	HRR1235500	HEALTHY	0	-2.0841888703831497
fame	LIHC	cv	HRR1235501	HEALTHY	0	-2.0698458633369072
fame	LIHC	cv	HRR1235502	HEALTHY	0	-1.0751370091676349
fame	LIHC	cv	HRR1235503	HEALTHY	0	-1.2232158259876649
fame	LIHC	cv	HRR1235504	HEALTHY	0	-2.124390272898622
fame	LIHC	cv	HRR1235505	HEALTHY	0	-0.4320265480531102
fame	LIHC	cv	HRR1235506	HEALTHY	0	-1.24811542305888
fame	LIHC	cv	HRR1235508	HEALTHY	0	-1.0432046560606358
fame	LIHC	cv	HRR1235510	HEALTHY	0	-1.774264425353412
fame	LIHC	cv	HRR1235511	HEALTHY	0	-1.1588023982861366
fame	LIHC	cv	HRR1235513	HEALTHY	0	-2.091298939842007
fame	LIHC	cv	HRR1235514	HEALTHY	0	-2.3416621021416297
fame	LIHC	cv	HRR1235515	HEALTHY	0	-2.4536617639067475
fame	LIHC	cv	HRR1235516	HEALTHY	0	-3.397204625606828
fame	LIHC	cv	HRR1235517	HEALTHY	0	-2.0140202357462105
fame	LIHC	cv	HRR1235518	HEALTHY	0	-0.8264310533047924
fame	LIHC	cv	HRR1235519	HEALTHY	0	-2.337947160425373
fame	LIHC	cv	HRR1235520	HEALTHY	0	-3.061727893040856
fame	LIHC	cv	HRR1235521	HEALTHY	0	-1.898545840409648
fame	LIHC	cv	HRR1235522	HEALTHY	0	-1.836678898890697
fame	LIHC	cv	HRR1235523	HEALTHY	0	-1.0679524699819796
fame	LIHC	cv	HRR1235524	HEALTHY	0	-3.4774443552539456
fame	LIHC	cv	HRR1235525	HEALTHY	0	-2.9823767983713547
fame	LIHC	cv	HRR1235526	HEALTHY	0	-2.5673273860548584
fame	LIHC	cv	HRR1235527	HEALTHY	0	-1.9933273526819144
fame	LIHC	cv	HRR1235528	HEALTHY	0	-2.2906982219173964
fame	LIHC	cv	HRR1235529	HEALTHY	0	-2.380871933744257
fame	LIHC	cv	HRR1235530	HEALTHY	0	-2.315827055734063
fame	LIHC	cv	HRR1235531	HEALTHY	0	-2.035359308528446
fame	LIHC	cv	HRR1235532	HEALTHY	0	-3.0849279912444816
fame	LIHC	cv	HRR1235533	HEALTHY	0	-2.419427847884104
fame	LIHC	cv	HRR1235534	HEALTHY	0	-2.036974480665139
fame	LIHC	cv	HRR1235535	HEALTHY	0	-2.5700471803671285
fame	LIHC	cv	HRR1235536	HEALTHY	0	-2.2698772099958604
fame	LIHC	cv	HRR1235537	HEALTHY	0	-3.3412054397088355
fame	LIHC	cv	HRR1235538	HEALTHY	0	-2.05419108049093
fame	LIHC	cv	HRR1235539	HEALTHY	0	-2.906607451025169
fame	LIHC	cv	HRR1235540	HEALTHY	0	-1.2692847359396984
fame	LIHC	cv	HRR1235541	HEALTHY	0	-2.660592388422232
fame	LIHC	cv	HRR1235542	HEALTHY	0	-3.2215767011189667
fame	LIHC	cv	HRR1235544	HEALTHY	0	-3.0234244732799067
fame	LIHC	cv	HRR1235545	HEALTHY	0	0.3134887769550991
fame	LIHC	cv	HRR1235546	HEALTHY	0	-3.9143041372848257
fame	LIHC	cv	HRR1235547	HEALTHY	0	-2.316633945361529
fame	LIHC	cv	HRR1235548	HEALTHY	0	-2.0767718359551406
fame	LIHC	cv	HRR1235549	HEALTHY	0	-2.284938688113137
fame	LIHC	cv	HRR1235598	HEALTHY	0	-2.872257029055109
fame	LIHC	cv	HRR1235599	HEALTHY	0	0.1541414196283904
fame	LIHC	cv	HRR1235600	HEALTHY	0	-0.5869074311689598
fame	LIHC	cv	HRR1235601	HEALTHY	0	-0.1654084172742375
fame	LIHC	cv	HRR1235602	HEALTHY	0	-1.1501134802872266
fame	LIHC	cv	HRR1235603	HEALTHY	0	-0.7515541573496232
fame	LIHC	cv	HRR1235604	HEALTHY	0	-0.3063816817301691
fame	LIHC	cv	HRR1235605	HEALTHY	0	-2.0476626918056864
fame	LIHC	cv	HRR1235606	HEALTHY	0	-2.605660756955926
fame	LIHC	cv	HRR1235607	HEALTHY	0	-2.9509621450439742
fame	LIHC	cv	HRR1235608	HEALTHY	0	-2.883976422509833
fame	LIHC	cv	HRR1235609	HEALTHY	0	-1.492943248517928
fame	LIHC	cv	HRR1235610	HEALTHY	0	-1.9191841485254808
fame	LIHC	cv	HRR1235611	HEALTHY	0	-1.5079361623260097
fame	LIHC	cv	HRR1235612	HEALTHY	0	-3.1641918240502567
fame	LIHC	cv	HRR1235613	HEALTHY	0	-2.1868482560426963
fame	LIHC	cv	HRR1235614	HEALTHY	0	-2.0280221149533904
fame	LIHC	cv	HRR1235615	HEALTHY	0	-1.7535468421221485
fame	LIHC	cv	HRR1235616	HEALTHY	0	-3.772879305740525
fame	LIHC	cv	HRR1235617	HEALTHY	0	-0.9118661754811496
fame	LIHC	cv	HRR1235618	HEALTHY	0	-1.3975553932790907
fame	LIHC	cv	HRR1235619	HEALTHY	0	-1.9185516534410825
fame	LIHC	cv	HRR1235620	HEALTHY	0	-1.2423636234390094
fame	LIHC	cv	HRR1235622	HEALTHY	0	-1.1134788844219152
fame	LIHC	cv	HRR1235623	HEALTHY	0	-0.9955847823327388
fame	LIHC	cv	HRR1235624	HEALTHY	0	0.8291829583053747
fame	LIHC	cv	HRR1235625	HEALTHY	0	-1.966845826418091
fame	LIHC	cv	HRR1235627	HEALTHY	0	-2.2963799212117024
fame	LIHC	cv	HRR1235628	HEALTHY	0	-2.328425670161682
fame	LIHC	cv	HRR1235631	HEALTHY	0	-2.5916346872639133
fame	LIHC	cv	HRR1235632	HEALTHY	0	-1.6893050859468413
fame	LIHC	cv	HRR1235633	HEALTHY	0	-1.0609815196476595
fame	LIHC	cv	HRR1235634	HEALTHY	0	-1.1636151859519024
fame	LIHC	cv	HRR1235635	HEALTHY	0	-1.629315940883494
fame	LIHC	cv	HRR1235636	HEALTHY	0	-1.8271967028259053
fame	LIHC	cv	HRR1235637	HEALTHY	0	-1.331438811742453
fame	LIHC	cv	HRR1235638	HEALTHY	0	-3.18225404062484
fame	LIHC	cv	HRR1235639	HEALTHY	0	-2.1166348837797155
fame	LIHC	cv	HRR1235641	HEALTHY	0	-2.7365211858452536
fame	LIHC	cv	HRR1235642	HEALTHY	0	-0.9136647475478692
fame	LIHC	cv	HRR1235644	HEALTHY	0	-3.233860605208708
fame	LIHC	cv	HRR1235645	HEALTHY	0	-2.524856385956882
fame	LIHC	cv	HRR1235646	HEALTHY	0	-1.1161740668605744
fame	LIHC	cv	HRR1235647	HEALTHY	0	-2.3403284932122466
fame	LIHC	cv	HRR1235648	HEALTHY	0	-2.3986200170831955
fame	LIHC	cv	HRR1235650	HEALTHY	0	-2.8344089771125893
fame	LIHC	cv	HRR1235653	HEALTHY	0	-2.443209386293224
fame	LIHC	cv	HRR1235655	HEALTHY	0	-1.0694772667845285
fame	LIHC	cv	HRR1235657	HEALTHY	0	-1.640465774742336
fame	LIHC	cv	HRR1235658	HEALTHY	0	-3.0744169120612868
fame	LIHC	cv	HRR1235661	HEALTHY	0	-2.355236299589297
fame	LIHC	cv	HRR1235662	HEALTHY	0	-2.883886635775072
fame	LIHC	cv	HRR1235663	HEALTHY	0	-4.0482108424597945
fame	LIHC	cv	HRR1235665	HEALTHY	0	-1.5020162249724778
fame	LIHC	cv	HRR1235667	HEALTHY	0	-2.718285270671962
fame	LIHC	cv	HRR1235669	HEALTHY	0	-2.105812843311404
fame	LIHC	cv	HRR1235670	HEALTHY	0	-1.0655968380159946
fame	LIHC	cv	HRR1235671	HEALTHY	0	-2.474445253099353
fame	LIHC	cv	HRR1235672	HEALTHY	0	-2.487031907226497
fame	LIHC	cv	HRR1235673	HEALTHY	0	-2.4348791497225157
fame	LIHC	cv	HRR1235674	HEALTHY	0	-2.211803061038597
fame	LIHC	cv	HRR1235675	HEALTHY	0	-2.4061749018860272
fame	LIHC	cv	HRR1235676	HEALTHY	0	-1.3524808129019157
fame	LIHC	cv	HRR1235677	HEALTHY	0	-2.377375693307402
fame	LIHC	cv	HRR1235678	HEALTHY	0	-3.847047298296165
fame	LIHC	cv	HRR1235679	HEALTHY	0	0.7698040131369122
fame	LIHC	cv	HRR1235680	HEALTHY	0	-0.1925289679195218
fame	LIHC	cv	HRR1235683	HEALTHY	0	-2.4370778987514945
fame	LIHC	cv	HRR1235685	HEALTHY	0	-2.5051888778638207
fame	LIHC	cv	HRR1235686	HEALTHY	0	0.52607967860238
fame	LIHC	cv	HRR1235687	HEALTHY	0	-2.896173116024351
fame	LIHC	cv	HRR1235688	HEALTHY	0	-1.570040587150206
fame	LIHC	cv	HRR1235689	HEALTHY	0	-1.9153314182794845
fame	LIHC	cv	HRR1235690	HEALTHY	0	-1.6576067504551173
fame	LIHC	cv	HRR1235691	HEALTHY	0	-0.4931194316945216
fame	LIHC	cv	HRR1235692	HEALTHY	0	-1.2648079894637565
fame	LIHC	cv	HRR1235693	HEALTHY	0	-2.104140728404418
fame	LIHC	cv	HRR1235694	HEALTHY	0	-2.610481631887662
fame	LIHC	cv	HRR1235695	HEALTHY	0	-2.3885159366277096
fame	LIHC	cv	HRR1235696	HEALTHY	0	-0.9503423879559209
fame	LIHC	cv	HRR1235697	HEALTHY	0	-0.8872246055618267
fame	LIHC	cv	HRR1235698	HEALTHY	0	-1.3984280192658065
fame	LIHC	cv	HRR1235699	HEALTHY	0	-0.54711420580923
fame	LIHC	cv	HRR1235703	HEALTHY	0	-1.8246355158309957
fame	LIHC	cv	HRR1235704	HEALTHY	0	-3.769327610651767
fame	LIHC	cv	HRR1235706	HEALTHY	0	-1.1081936365357108
fame	LIHC	cv	HRR1235707	HEALTHY	0	-1.332728924145951
fame	LIHC	cv	HRR1235709	HEALTHY	0	-1.5009569752151557
fame	LIHC	cv	HRR1235710	HEALTHY	0	0.189788502683346
fame	LIHC	cv	HRR1235711	HEALTHY	0	-2.144923036647227
fame	LIHC	cv	HRR1235712	HEALTHY	0	-1.032854142849164
fame	LIHC	cv	HRR1235713	HEALTHY	0	-1.516552034964753
fame	LIHC	cv	HRR1235714	HEALTHY	0	-1.0091041552392603
fame	LIHC	cv	HRR1235715	HEALTHY	0	-1.5668062858330336
fame	LIHC	cv	HRR1235716	HEALTHY	0	-1.708783488621363
fame	LIHC	cv	HRR1235719	HEALTHY	0	-2.1871374480198265
fame	LIHC	cv	HRR1235720	HEALTHY	0	-2.791533141701731
fame	LIHC	cv	HRR1235722	HEALTHY	0	-1.1057906164404736
fame	LIHC	cv	HRR1235723	HEALTHY	0	-0.4758820195409231
fame	LIHC	cv	HRR1235726	HEALTHY	0	-1.1641695114456243
fame	LIHC	cv	HRR1235727	HEALTHY	0	-1.4845632935890611
fame	LIHC	cv	HRR1235728	HEALTHY	0	-0.598684026776807
fame	LIHC	cv	HRR1235731	HEALTHY	0	-3.0305648043154703
fame	LIHC	cv	HRR1235732	HEALTHY	0	-3.072290462233956
fame	LIHC	cv	HRR1235733	HEALTHY	0	-1.310062843189456
fame	LIHC	cv	HRR1235734	HEALTHY	0	-0.5837299178183164
fame	LIHC	cv	HRR1235737	HEALTHY	0	0.3980342615140854
fame	LIHC	cv	HRR1235738	HEALTHY	0	-2.9589705458818347
fame	LIHC	cv	HRR1235739	HEALTHY	0	-2.075699954899161
fame	LIHC	cv	HRR1235740	HEALTHY	0	-3.2996748474309987
fame	LIHC	cv	HRR1235743	HEALTHY	0	-0.7738024575459919
fame	LIHC	cv	HRR1235744	HEALTHY	0	-2.206072035150952
fame	LIHC	cv	HRR1235745	HEALTHY	0	-2.3359429687321853
fame	LIHC	cv	HRR1235746	HEALTHY	0	-1.5011316600977214
fame	LIHC	cv	HRR1235747	HEALTHY	0	-1.1574996207767634
fame	LIHC	cv	HRR1235751	HEALTHY	0	-1.3598133683861695
fame	LIHC	cv	HRR1235753	HEALTHY	0	-2.161673269531408
fame	LIHC	cv	HRR1235755	HEALTHY	0	-2.3246607316535246
fame	LIHC	cv	HRR1235756	HEALTHY	0	-1.0442501274154528
fame	LIHC	cv	HRR1235757	HEALTHY	0	-0.411850091181416
fame	LIHC	cv	HRR1235759	HEALTHY	0	-1.6125211728127449
fame	LIHC	cv	HRR1235760	HEALTHY	0	-3.292408254315639
fame	LIHC	cv	HRR1235763	HEALTHY	0	-2.051727461541108
fame	LIHC	cv	HRR1235764	HEALTHY	0	-3.1271479172895846
fame	LIHC	cv	HRR1235765	HEALTHY	0	0.6742486734253836
fame	LIHC	cv	HRR1235767	HEALTHY	0	-2.68670627046686
fame	LIHC	cv	HRR1235768	HEALTHY	0	0.7805341179897032
fame	LIHC	cv	HRR1235769	HEALTHY	0	-2.058187355144137
fame	LIHC	cv	HRR1235770	HEALTHY	0	-2.2710902996165045
fame	LIHC	cv	HRR1235771	HEALTHY	0	-1.492350854402754
fame	LIHC	cv	HRR1235772	HEALTHY	0	-1.812309553910326
fame	LIHC	cv	HRR1235773	HEALTHY	0	-2.851998402080574
fame	LIHC	cv	HRR1235774	HEALTHY	0	-1.5157442259859275
fame	LIHC	cv	HRR1235775	HEALTHY	0	-2.470026475841911
fame	LIHC	cv	HRR1235776	HEALTHY	0	-1.1000915507681583
fame	LIHC	cv	HRR1235777	HEALTHY	0	-2.597180210321722
fame	LIHC	cv	HRR1235779	HEALTHY	0	-3.643132505526296
fame	LIHC	cv	HRR1235781	HEALTHY	0	0.1709584394254799
fame	LIHC	cv	HRR1235782	HEALTHY	0	-1.185923849814314
fame	LIHC	cv	HRR1235783	HEALTHY	0	-1.4876980554002004
fame	LIHC	cv	HRR1235784	HEALTHY	0	-1.535929316872935
fame	LIHC	cv	HRR1235785	HEALTHY	0	-3.246754696951897
fame	LIHC	cv	HRR1235786	HEALTHY	0	-0.2066715249976216
fame	LIHC	cv	HRR1235787	HEALTHY	0	-2.60325207129628
fame	LIHC	cv	HRR1235789	HEALTHY	0	-2.3192035473512584
fame	LIHC	cv	HRR1235790	HEALTHY	0	-2.880968091988235
fame	LIHC	cv	HRR1235793	HEALTHY	0	-0.1438997191088381
fame	LIHC	cv	HRR1235797	HEALTHY	0	-1.9553257728459807
fame	LIHC	cv	HRR1235798	HEALTHY	0	-2.73960063653388
fame	LIHC	cv	HRR1235799	HEALTHY	0	-1.0452935922733664
fame	LIHC	cv	HRR1235801	HEALTHY	0	-1.3419468221206174
fame	LIHC	cv	HRR1235803	HEALTHY	0	-0.0729830544675887
fame	LIHC	cv	HRR1235805	HEALTHY	0	-1.4156191956836852
fame	LIHC	cv	HRR1235808	HEALTHY	0	-2.478143933166633
fame	LIHC	cv	HRR1235809	HEALTHY	0	-3.1807479646725176
fame	LIHC	cv	HRR1235812	HEALTHY	0	-2.43566534791903
fame	LIHC	cv	HRR1235814	HEALTHY	0	-2.091713580751867
fame	LIHC	cv	HRR1235815	HEALTHY	0	-2.4212046268196974
fame	LIHC	cv	HRR1236207	LIHC	1	1.7671302281060022
fame	LIHC	cv	HRR1236208	LIHC	1	-0.2892690164659572
fame	LIHC	cv	HRR1236209	LIHC	1	0.6884425761876447
fame	LIHC	cv	HRR1236210	LIHC	1	3.185431908676293
fame	LIHC	cv	HRR1236211	LIHC	1	-0.6139459383086103
fame	LIHC	cv	HRR1236213	LIHC	1	0.5933512432499857
fame	LIHC	cv	HRR1236214	LIHC	1	-0.5302441629145827
fame	LIHC	cv	HRR1236215	LIHC	1	4.127546098038378
fame	LIHC	cv	HRR1236216	LIHC	1	1.9645954863266728
fame	LIHC	cv	HRR1236220	LIHC	1	-0.5476882301557321
fame	LIHC	cv	HRR1236221	LIHC	1	0.0281346435990236
fame	LIHC	cv	HRR1236222	LIHC	1	3.278147657780653
fame	LIHC	cv	HRR1236223	LIHC	1	-0.850657091060183
fame	LIHC	cv	HRR1236224	LIHC	1	3.085122215011792
fame	LIHC	cv	HRR1236225	LIHC	1	-0.6565829239579435
fame	LIHC	cv	HRR1236227	LIHC	1	6.972315478356686
fame	LIHC	cv	HRR1236230	LIHC	1	2.9150064171502525
fame	LIHC	cv	HRR1236231	LIHC	1	4.87948136012033
fame	LIHC	cv	HRR1236234	LIHC	1	-1.1002963472859215
fame	LIHC	cv	HRR1236235	LIHC	1	0.6413208256772318
fame	LIHC	cv	HRR1236236	LIHC	1	2.3158679018082675
fame	LIHC	cv	HRR1236238	LIHC	1	1.666037693584118
fame	LIHC	cv	HRR1236239	LIHC	1	-0.2929496680513703
fame	LIHC	cv	HRR1236240	LIHC	1	2.71227223614558
fame	LIHC	cv	HRR1236241	LIHC	1	0.1678440475911577
fame	LIHC	cv	HRR1236244	LIHC	1	3.112196609792373
fame	LIHC	cv	HRR1236245	LIHC	1	3.003162016199411
fame	LIHC	cv	HRR1236246	LIHC	1	11.36093527143758
fame	LIHC	cv	HRR1236248	LIHC	1	2.216221056836692
fame	LIHC	cv	HRR1236249	LIHC	1	1.3312067087663526
fame	LIHC	cv	HRR1236250	LIHC	1	2.3479592068034183
fame	LIHC	cv	HRR1236251	LIHC	1	6.408455854431835
fame	LIHC	cv	HRR1236252	LIHC	1	2.5302332184200576
fame	LIHC	cv	HRR1236253	LIHC	1	20.102283788781538
fame	LIHC	cv	HRR1236255	LIHC	1	7.531965667827509
fame	LIHC	cv	HRR1236256	LIHC	1	8.99445095431555
fame	LIHC	cv	HRR1236258	LIHC	1	3.009531103856275
fame	LIHC	cv	HRR1236259	LIHC	1	-0.5041919736847652
fame	LIHC	cv	HRR1236260	LIHC	1	2.378055181683235
fame	LIHC	cv	HRR1236261	LIHC	1	3.063900146121765
fame	LIHC	cv	HRR1236262	LIHC	1	5.628400796188925
fame	LIHC	cv	HRR1236263	LIHC	1	18.17443794567175
fame	LIHC	cv	HRR1236264	LIHC	1	17.71821855417264
fame	LIHC	cv	HRR1236266	LIHC	1	5.034711109756158
fame	LIHC	cv	HRR1236268	LIHC	1	4.935841233840418
fame	LIHC	cv	HRR1236269	LIHC	1	23.89591417566237
fame	LIHC	cv	HRR1236270	LIHC	1	25.12949076068237
fame	LIHC	cv	HRR1236275	LIHC	1	17.621223848541877
fame	LIHC	cv	HRR1236276	LIHC	1	8.219493338860964
fame	LIHC	cv	HRR1236278	LIHC	1	11.52309715489186
fame	LIHC	cv	HRR1236280	LIHC	1	6.90857566325038
fame	LIHC	cv	HRR1236281	LIHC	1	8.912919060831562
fame	LIHC	cv	HRR1236282	LIHC	1	2.0378533502697374
fame	LIHC	cv	HRR1236283	LIHC	1	0.6979293785605829
fame	LIHC	cv	HRR1236284	LIHC	1	-0.0471119227786211
fame	LIHC	cv	HRR1236286	LIHC	1	7.840707541038779
fame	LIHC	cv	HRR1236287	LIHC	1	2.256371931072924
fame	LIHC	cv	HRR1236289	LIHC	1	14.392202656777362
fame	LIHC	cv	HRR1236290	LIHC	1	4.057378302716595
fame	LIHC	cv	HRR1236291	LIHC	1	-1.2880838671205024
fame	LIHC	cv	HRR1236292	LIHC	1	0.9245309675634696
fame	LIHC	cv	HRR1236293	LIHC	1	2.0446740846094165
fame	LIHC	cv	HRR1236294	LIHC	1	2.4519966556430104
fame	LIHC	cv	HRR1236295	LIHC	1	0.5297366183035251
fame	LIHC	cv	HRR1236296	LIHC	1	2.8789783665760305
fame	LIHC	cv	HRR1236298	LIHC	1	5.993279424809643
fame	LIHC	cv	HRR1236300	LIHC	1	-0.591370108417236
fame	LIHC	cv	HRR1236301	LIHC	1	7.968902922775386
fame	LIHC	cv	HRR1236302	LIHC	1	3.550779956659652
fame	LIHC	cv	HRR1236303	LIHC	1	0.8862661302506907
fame	LIHC	cv	HRR1236304	LIHC	1	2.4922885728454367
fame	LIHC	cv	HRR1236307	LIHC	1	1.4921952973170125
fame	LIHC	cv	HRR1236308	LIHC	1	1.5752020186009816
fame	LIHC	cv	HRR1236310	LIHC	1	3.061518954731937
fame	LIHC	cv	HRR1236311	LIHC	1	0.6565893514820023
fame	LIHC	cv	HRR1236312	LIHC	1	0.4833463069688303
fame	LIHC	cv	HRR1236316	LIHC	1	33.82414061473612
fame	LIHC	cv	HRR1236318	LIHC	1	-0.0220531024575722
fame	LIHC	test	HRR1235324	HEALTHY	0	-1.4685063812714816
fame	LIHC	test	HRR1235329	HEALTHY	0	1.6311590873560506
fame	LIHC	test	HRR1235333	HEALTHY	0	-0.8380177640593662
fame	LIHC	test	HRR1235336	HEALTHY	0	-1.364451367745422
fame	LIHC	test	HRR1235338	HEALTHY	0	-0.3184224870063423
fame	LIHC	test	HRR1235348	HEALTHY	0	-0.8317444000010077
fame	LIHC	test	HRR1235362	HEALTHY	0	-1.075127730031701
fame	LIHC	test	HRR1235366	HEALTHY	0	-1.7866806899409169
fame	LIHC	test	HRR1235379	HEALTHY	0	-0.376418621995124
fame	LIHC	test	HRR1235385	HEALTHY	0	-2.6178785250463763
fame	LIHC	test	HRR1235394	HEALTHY	0	-1.0443890025054705
fame	LIHC	test	HRR1235398	HEALTHY	0	-0.3202204137136321
fame	LIHC	test	HRR1235399	HEALTHY	0	-1.4080477361981716
fame	LIHC	test	HRR1235402	HEALTHY	0	-3.442924494344173
fame	LIHC	test	HRR1235410	HEALTHY	0	-3.0154378086564715
fame	LIHC	test	HRR1235414	HEALTHY	0	-3.0812646965177257
fame	LIHC	test	HRR1235416	HEALTHY	0	-1.028271617275251
fame	LIHC	test	HRR1235421	HEALTHY	0	-0.4763117757076836
fame	LIHC	test	HRR1235424	HEALTHY	0	-0.976576758267524
fame	LIHC	test	HRR1235434	HEALTHY	0	-2.0725095777617457
fame	LIHC	test	HRR1235454	HEALTHY	0	-1.6990328889922526
fame	LIHC	test	HRR1235462	HEALTHY	0	-4.081478507896004
fame	LIHC	test	HRR1235471	HEALTHY	0	-1.864048573634674
fame	LIHC	test	HRR1235476	HEALTHY	0	-1.8612921485284937
fame	LIHC	test	HRR1235477	HEALTHY	0	-0.2015302596324716
fame	LIHC	test	HRR1235479	HEALTHY	0	-1.669878262201626
fame	LIHC	test	HRR1235480	HEALTHY	0	-2.5946801097496053
fame	LIHC	test	HRR1235484	HEALTHY	0	-3.4959933569949606
fame	LIHC	test	HRR1235485	HEALTHY	0	-2.9619362534914213
fame	LIHC	test	HRR1235487	HEALTHY	0	-0.960946394244248
fame	LIHC	test	HRR1235494	HEALTHY	0	-2.867151781892173
fame	LIHC	test	HRR1235495	HEALTHY	0	-0.80467688885037
fame	LIHC	test	HRR1235496	HEALTHY	0	-1.958111555076166
fame	LIHC	test	HRR1235507	HEALTHY	0	-2.607789382460273
fame	LIHC	test	HRR1235509	HEALTHY	0	-1.690959072098472
fame	LIHC	test	HRR1235512	HEALTHY	0	-2.871437691299497
fame	LIHC	test	HRR1235543	HEALTHY	0	-5.075960233130271
fame	LIHC	test	HRR1235550	HEALTHY	0	0.3968127478082418
fame	LIHC	test	HRR1235551	HEALTHY	0	-2.360677327499732
fame	LIHC	test	HRR1235552	HEALTHY	0	-0.4316322655090064
fame	LIHC	test	HRR1235553	HEALTHY	0	0.3000801579598222
fame	LIHC	test	HRR1235554	HEALTHY	0	1.1934771804740936
fame	LIHC	test	HRR1235555	HEALTHY	0	0.2147409871324197
fame	LIHC	test	HRR1235556	HEALTHY	0	-2.9041895748534583
fame	LIHC	test	HRR1235557	HEALTHY	0	-1.1127599086374058
fame	LIHC	test	HRR1235558	HEALTHY	0	1.1609537913072012
fame	LIHC	test	HRR1235559	HEALTHY	0	-0.3372299413805478
fame	LIHC	test	HRR1235560	HEALTHY	0	-1.6417205722218564
fame	LIHC	test	HRR1235561	HEALTHY	0	-2.362311635284691
fame	LIHC	test	HRR1235562	HEALTHY	0	0.0962608269898926
fame	LIHC	test	HRR1235563	HEALTHY	0	-1.508467318659684
fame	LIHC	test	HRR1235564	HEALTHY	0	-2.52188328377439
fame	LIHC	test	HRR1235565	HEALTHY	0	-1.9887737113821968
fame	LIHC	test	HRR1235566	HEALTHY	0	-0.9107382814328204
fame	LIHC	test	HRR1235567	HEALTHY	0	-0.4133422496488959
fame	LIHC	test	HRR1235568	HEALTHY	0	-1.792816314641768
fame	LIHC	test	HRR1235569	HEALTHY	0	0.8793243265526006
fame	LIHC	test	HRR1235570	HEALTHY	0	-3.0542091261729416
fame	LIHC	test	HRR1235571	HEALTHY	0	-2.2367309486416684
fame	LIHC	test	HRR1235572	HEALTHY	0	0.287533629425417
fame	LIHC	test	HRR1235573	HEALTHY	0	0.5750759356747347
fame	LIHC	test	HRR1235574	HEALTHY	0	-0.1176927868761196
fame	LIHC	test	HRR1235575	HEALTHY	0	-1.8574501783476116
fame	LIHC	test	HRR1235576	HEALTHY	0	-0.4411317722388104
fame	LIHC	test	HRR1235577	HEALTHY	0	-1.8887790444354435
fame	LIHC	test	HRR1235578	HEALTHY	0	-0.9640536701946296
fame	LIHC	test	HRR1235579	HEALTHY	0	-0.6885022137314047
fame	LIHC	test	HRR1235580	HEALTHY	0	-1.1536772328401352
fame	LIHC	test	HRR1235581	HEALTHY	0	-0.4985779446811269
fame	LIHC	test	HRR1235582	HEALTHY	0	1.5116982955492335
fame	LIHC	test	HRR1235583	HEALTHY	0	-1.6042796219229998
fame	LIHC	test	HRR1235584	HEALTHY	0	0.2949924240058206
fame	LIHC	test	HRR1235585	HEALTHY	0	-0.96311971689122
fame	LIHC	test	HRR1235586	HEALTHY	0	-0.5640706683372234
fame	LIHC	test	HRR1235587	HEALTHY	0	0.5356476419913578
fame	LIHC	test	HRR1235588	HEALTHY	0	1.2338569480983548
fame	LIHC	test	HRR1235589	HEALTHY	0	0.2320197221636363
fame	LIHC	test	HRR1235590	HEALTHY	0	-0.8795118954774217
fame	LIHC	test	HRR1235591	HEALTHY	0	-1.7544361926730874
fame	LIHC	test	HRR1235592	HEALTHY	0	-1.4153104444685258
fame	LIHC	test	HRR1235593	HEALTHY	0	-1.561846824246484
fame	LIHC	test	HRR1235594	HEALTHY	0	-1.2077741752265356
fame	LIHC	test	HRR1235595	HEALTHY	0	-2.019791984728228
fame	LIHC	test	HRR1235596	HEALTHY	0	-0.1798502699513761
fame	LIHC	test	HRR1235597	HEALTHY	0	0.226178357601571
fame	LIHC	test	HRR1235621	HEALTHY	0	-1.2410060252815671
fame	LIHC	test	HRR1235626	HEALTHY	0	-0.6538846952097196
fame	LIHC	test	HRR1235629	HEALTHY	0	-1.2479048922721327
fame	LIHC	test	HRR1235630	HEALTHY	0	-1.7140635947496683
fame	LIHC	test	HRR1235640	HEALTHY	0	-2.606368712547014
fame	LIHC	test	HRR1235643	HEALTHY	0	-2.889414749997815
fame	LIHC	test	HRR1235649	HEALTHY	0	-2.623589050431049
fame	LIHC	test	HRR1235651	HEALTHY	0	-3.761750407635032
fame	LIHC	test	HRR1235652	HEALTHY	0	-1.298573608600297
fame	LIHC	test	HRR1235654	HEALTHY	0	-0.0192863649716215
fame	LIHC	test	HRR1235656	HEALTHY	0	-0.3606575796269437
fame	LIHC	test	HRR1235659	HEALTHY	0	0.2842932558007783
fame	LIHC	test	HRR1235660	HEALTHY	0	-0.3406629406693312
fame	LIHC	test	HRR1235664	HEALTHY	0	-1.2134068824534543
fame	LIHC	test	HRR1235666	HEALTHY	0	-2.143106036749105
fame	LIHC	test	HRR1235668	HEALTHY	0	-0.802706031658738
fame	LIHC	test	HRR1235681	HEALTHY	0	-1.7021834393734885
fame	LIHC	test	HRR1235682	HEALTHY	0	-0.5529649851317083
fame	LIHC	test	HRR1235684	HEALTHY	0	-2.1575229661762334
fame	LIHC	test	HRR1235700	HEALTHY	0	-3.0197545109714183
fame	LIHC	test	HRR1235701	HEALTHY	0	-1.5271426901632892
fame	LIHC	test	HRR1235702	HEALTHY	0	-2.6419238293594023
fame	LIHC	test	HRR1235705	HEALTHY	0	-2.36366825670154
fame	LIHC	test	HRR1235708	HEALTHY	0	-0.0842143724227099
fame	LIHC	test	HRR1235717	HEALTHY	0	-1.796470133272174
fame	LIHC	test	HRR1235718	HEALTHY	0	-2.7589247185060377
fame	LIHC	test	HRR1235721	HEALTHY	0	0.3795082427320674
fame	LIHC	test	HRR1235724	HEALTHY	0	-0.9686187339401032
fame	LIHC	test	HRR1235725	HEALTHY	0	-0.3723923345319266
fame	LIHC	test	HRR1235729	HEALTHY	0	-2.872968973027889
fame	LIHC	test	HRR1235730	HEALTHY	0	-0.7441826651333281
fame	LIHC	test	HRR1235735	HEALTHY	0	-1.4831208111171184
fame	LIHC	test	HRR1235736	HEALTHY	0	-0.1179300341309842
fame	LIHC	test	HRR1235741	HEALTHY	0	-1.9595551894882128
fame	LIHC	test	HRR1235742	HEALTHY	0	-1.5090973210379293
fame	LIHC	test	HRR1235748	HEALTHY	0	-0.6278039811561555
fame	LIHC	test	HRR1235749	HEALTHY	0	-2.529978900504464
fame	LIHC	test	HRR1235750	HEALTHY	0	-2.544901918202568
fame	LIHC	test	HRR1235752	HEALTHY	0	-0.2528055756990454
fame	LIHC	test	HRR1235754	HEALTHY	0	-2.206249441881099
fame	LIHC	test	HRR1235758	HEALTHY	0	-1.987084121123232
fame	LIHC	test	HRR1235761	HEALTHY	0	0.5452897648145553
fame	LIHC	test	HRR1235762	HEALTHY	0	-1.959496651783432
fame	LIHC	test	HRR1235766	HEALTHY	0	1.6154386232236169
fame	LIHC	test	HRR1235778	HEALTHY	0	-0.9903352504172857
fame	LIHC	test	HRR1235780	HEALTHY	0	-1.9334607879713093
fame	LIHC	test	HRR1235788	HEALTHY	0	-0.9900999825679728
fame	LIHC	test	HRR1235791	HEALTHY	0	-2.409245287409954
fame	LIHC	test	HRR1235792	HEALTHY	0	-2.264027558534917
fame	LIHC	test	HRR1235794	HEALTHY	0	-1.7458760588158162
fame	LIHC	test	HRR1235795	HEALTHY	0	1.9085132865670176
fame	LIHC	test	HRR1235796	HEALTHY	0	-0.5501881906722945
fame	LIHC	test	HRR1235800	HEALTHY	0	-1.378785926906558
fame	LIHC	test	HRR1235802	HEALTHY	0	0.1337041313902022
fame	LIHC	test	HRR1235804	HEALTHY	0	-0.0688109310118535
fame	LIHC	test	HRR1235806	HEALTHY	0	-0.5660611978002239
fame	LIHC	test	HRR1235807	HEALTHY	0	0.3331526666801203
fame	LIHC	test	HRR1235810	HEALTHY	0	-2.0976333917480714
fame	LIHC	test	HRR1235811	HEALTHY	0	-1.451468199760606
fame	LIHC	test	HRR1235813	HEALTHY	0	-1.9891928000535333
fame	LIHC	test	HRR1236212	LIHC	1	0.1672103263684634
fame	LIHC	test	HRR1236217	LIHC	1	-0.3709492528364034
fame	LIHC	test	HRR1236218	LIHC	1	0.2802731472133771
fame	LIHC	test	HRR1236219	LIHC	1	-0.9708981062084568
fame	LIHC	test	HRR1236226	LIHC	1	1.9085803308785847
fame	LIHC	test	HRR1236228	LIHC	1	4.412743655495463
fame	LIHC	test	HRR1236229	LIHC	1	1.8084529195740584
fame	LIHC	test	HRR1236232	LIHC	1	3.0913837786728733
fame	LIHC	test	HRR1236233	LIHC	1	6.324221177851358
fame	LIHC	test	HRR1236237	LIHC	1	1.3750085638030258
fame	LIHC	test	HRR1236242	LIHC	1	5.268675698320995
fame	LIHC	test	HRR1236243	LIHC	1	3.208508155050424
fame	LIHC	test	HRR1236247	LIHC	1	8.986253956082095
fame	LIHC	test	HRR1236254	LIHC	1	30.084266557478145
fame	LIHC	test	HRR1236257	LIHC	1	7.440337301234781
fame	LIHC	test	HRR1236265	LIHC	1	0.6542931522657024
fame	LIHC	test	HRR1236267	LIHC	1	21.55246025394719
fame	LIHC	test	HRR1236271	LIHC	1	9.686287578177184
fame	LIHC	test	HRR1236272	LIHC	1	-0.4119689609416435
fame	LIHC	test	HRR1236273	LIHC	1	6.392411676163094
fame	LIHC	test	HRR1236274	LIHC	1	6.416685692485267
fame	LIHC	test	HRR1236277	LIHC	1	17.72253827057112
fame	LIHC	test	HRR1236279	LIHC	1	10.860742147537792
fame	LIHC	test	HRR1236285	LIHC	1	8.182651022132273
fame	LIHC	test	HRR1236288	LIHC	1	19.34050069702608
fame	LIHC	test	HRR1236297	LIHC	1	1.3055696520265792
fame	LIHC	test	HRR1236299	LIHC	1	0.610704773493688
fame	LIHC	test	HRR1236305	LIHC	1	3.258155096342694
fame	LIHC	test	HRR1236306	LIHC	1	1.3535163977344236
fame	LIHC	test	HRR1236309	LIHC	1	19.336861968964588
fame	LIHC	test	HRR1236313	LIHC	1	-1.182515071283023
fame	LIHC	test	HRR1236314	LIHC	1	10.974513276274402
fame	LIHC	test	HRR1236315	LIHC	1	9.96590585322495
fame	LIHC	test	HRR1236317	LIHC	1	7.990860192697525
fame	LIHC	test	HRR1236319	LIHC	1	8.338581671251452
fame	NSCLC	cv	HRR1235319	HEALTHY	0	-1.4235293933095805
fame	NSCLC	cv	HRR1235320	HEALTHY	0	-1.1614436615672843
fame	NSCLC	cv	HRR1235321	HEALTHY	0	-0.2088234339978352
fame	NSCLC	cv	HRR1235322	HEALTHY	0	-1.3157504697124782
fame	NSCLC	cv	HRR1235323	HEALTHY	0	1.9731264079522963
fame	NSCLC	cv	HRR1235325	HEALTHY	0	-2.1186536250313024
fame	NSCLC	cv	HRR1235326	HEALTHY	0	-2.3387387030392315
fame	NSCLC	cv	HRR1235327	HEALTHY	0	-1.4528235615423406
fame	NSCLC	cv	HRR1235328	HEALTHY	0	-1.8315624375709791
fame	NSCLC	cv	HRR1235330	HEALTHY	0	-1.990546605815397
fame	NSCLC	cv	HRR1235331	HEALTHY	0	-2.5804138856661942
fame	NSCLC	cv	HRR1235332	HEALTHY	0	-1.8443945314358607
fame	NSCLC	cv	HRR1235334	HEALTHY	0	-1.07983234614909
fame	NSCLC	cv	HRR1235335	HEALTHY	0	-0.6749403559174088
fame	NSCLC	cv	HRR1235337	HEALTHY	0	-2.086326628859288
fame	NSCLC	cv	HRR1235339	HEALTHY	0	-2.252900577330685
fame	NSCLC	cv	HRR1235340	HEALTHY	0	-0.784754277322849
fame	NSCLC	cv	HRR1235341	HEALTHY	0	-3.576501864438666
fame	NSCLC	cv	HRR1235342	HEALTHY	0	-1.2976015827976897
fame	NSCLC	cv	HRR1235343	HEALTHY	0	-0.7292879825001751
fame	NSCLC	cv	HRR1235344	HEALTHY	0	-2.5606740519151803
fame	NSCLC	cv	HRR1235345	HEALTHY	0	-0.412399251943399
fame	NSCLC	cv	HRR1235346	HEALTHY	0	-2.521263412669627
fame	NSCLC	cv	HRR1235347	HEALTHY	0	-1.7800486362866592
fame	NSCLC	cv	HRR1235349	HEALTHY	0	-2.0887773815541752
fame	NSCLC	cv	HRR1235350	HEALTHY	0	0.7212384170769581
fame	NSCLC	cv	HRR1235351	HEALTHY	0	-1.7829800220624883
fame	NSCLC	cv	HRR1235352	HEALTHY	0	-2.180027194048396
fame	NSCLC	cv	HRR1235353	HEALTHY	0	-1.7760282898851298
fame	NSCLC	cv	HRR1235354	HEALTHY	0	-1.491430906689683
fame	NSCLC	cv	HRR1235355	HEALTHY	0	-2.652842354890156
fame	NSCLC	cv	HRR1235356	HEALTHY	0	-1.3586457800513627
fame	NSCLC	cv	HRR1235357	HEALTHY	0	-0.1748577661186006
fame	NSCLC	cv	HRR1235358	HEALTHY	0	-1.1118146033961978
fame	NSCLC	cv	HRR1235359	HEALTHY	0	0.0990437821578865
fame	NSCLC	cv	HRR1235360	HEALTHY	0	-2.298023886551844
fame	NSCLC	cv	HRR1235361	HEALTHY	0	-1.937379468050111
fame	NSCLC	cv	HRR1235363	HEALTHY	0	-0.917464646062901
fame	NSCLC	cv	HRR1235364	HEALTHY	0	-1.1493274602669443
fame	NSCLC	cv	HRR1235365	HEALTHY	0	-2.9263565261946445
fame	NSCLC	cv	HRR1235367	HEALTHY	0	0.0039006799111419
fame	NSCLC	cv	HRR1235368	HEALTHY	0	-2.9307485794527914
fame	NSCLC	cv	HRR1235369	HEALTHY	0	0.0436132571938164
fame	NSCLC	cv	HRR1235370	HEALTHY	0	-2.9678775991056794
fame	NSCLC	cv	HRR1235371	HEALTHY	0	-2.1542309933740684
fame	NSCLC	cv	HRR1235372	HEALTHY	0	-1.916607098246496
fame	NSCLC	cv	HRR1235373	HEALTHY	0	-0.8933268916746868
fame	NSCLC	cv	HRR1235374	HEALTHY	0	-1.3979957799847869
fame	NSCLC	cv	HRR1235375	HEALTHY	0	-2.552644687498936
fame	NSCLC	cv	HRR1235376	HEALTHY	0	-2.085930934440701
fame	NSCLC	cv	HRR1235377	HEALTHY	0	-2.246943635250072
fame	NSCLC	cv	HRR1235378	HEALTHY	0	-1.7193749634297462
fame	NSCLC	cv	HRR1235380	HEALTHY	0	-2.5898578164247024
fame	NSCLC	cv	HRR1235381	HEALTHY	0	-3.0110547317776053
fame	NSCLC	cv	HRR1235382	HEALTHY	0	-2.432197592492104
fame	NSCLC	cv	HRR1235383	HEALTHY	0	-3.044765158043916
fame	NSCLC	cv	HRR1235384	HEALTHY	0	0.2599860837004806
fame	NSCLC	cv	HRR1235386	HEALTHY	0	-1.7211386652819964
fame	NSCLC	cv	HRR1235387	HEALTHY	0	-2.8220710952679045
fame	NSCLC	cv	HRR1235388	HEALTHY	0	1.3188639008821252
fame	NSCLC	cv	HRR1235389	HEALTHY	0	-1.5125787970117972
fame	NSCLC	cv	HRR1235390	HEALTHY	0	-2.136448589727488
fame	NSCLC	cv	HRR1235391	HEALTHY	0	-1.7729342782237838
fame	NSCLC	cv	HRR1235392	HEALTHY	0	-1.3621749724920953
fame	NSCLC	cv	HRR1235393	HEALTHY	0	-0.6774538907786638
fame	NSCLC	cv	HRR1235395	HEALTHY	0	-1.5211180363647048
fame	NSCLC	cv	HRR1235396	HEALTHY	0	-1.5671504674434342
fame	NSCLC	cv	HRR1235397	HEALTHY	0	-2.9612524784524377
fame	NSCLC	cv	HRR1235400	HEALTHY	0	-2.230792556087516
fame	NSCLC	cv	HRR1235401	HEALTHY	0	-2.5635830585317785
fame	NSCLC	cv	HRR1235403	HEALTHY	0	-1.327810865053659
fame	NSCLC	cv	HRR1235404	HEALTHY	0	-3.822678727400276
fame	NSCLC	cv	HRR1235405	HEALTHY	0	-1.458721752609216
fame	NSCLC	cv	HRR1235406	HEALTHY	0	-0.144786061190454
fame	NSCLC	cv	HRR1235407	HEALTHY	0	-1.7768294419180777
fame	NSCLC	cv	HRR1235408	HEALTHY	0	-1.2170612683170132
fame	NSCLC	cv	HRR1235409	HEALTHY	0	-0.5156993045410205
fame	NSCLC	cv	HRR1235411	HEALTHY	0	0.9159690806383876
fame	NSCLC	cv	HRR1235412	HEALTHY	0	-1.6419262621054342
fame	NSCLC	cv	HRR1235413	HEALTHY	0	-2.3273400670592324
fame	NSCLC	cv	HRR1235415	HEALTHY	0	-1.554492046171824
fame	NSCLC	cv	HRR1235417	HEALTHY	0	-2.021301946087082
fame	NSCLC	cv	HRR1235418	HEALTHY	0	-2.129463188031316
fame	NSCLC	cv	HRR1235419	HEALTHY	0	-0.8823278460651881
fame	NSCLC	cv	HRR1235420	HEALTHY	0	-1.4808242717015248
fame	NSCLC	cv	HRR1235422	HEALTHY	0	-0.5027354377303702
fame	NSCLC	cv	HRR1235423	HEALTHY	0	-2.818636391775212
fame	NSCLC	cv	HRR1235425	HEALTHY	0	-2.5105869557679323
fame	NSCLC	cv	HRR1235426	HEALTHY	0	-2.578736835035204
fame	NSCLC	cv	HRR1235427	HEALTHY	0	-1.9390803829476788
fame	NSCLC	cv	HRR1235428	HEALTHY	0	-1.1968705777334188
fame	NSCLC	cv	HRR1235429	HEALTHY	0	-1.4330978023466752
fame	NSCLC	cv	HRR1235430	HEALTHY	0	-0.4236249696834925
fame	NSCLC	cv	HRR1235431	HEALTHY	0	-2.0298355033771847
fame	NSCLC	cv	HRR1235432	HEALTHY	0	-2.373549628382846
fame	NSCLC	cv	HRR1235433	HEALTHY	0	-2.440798461021015
fame	NSCLC	cv	HRR1235435	HEALTHY	0	-1.916110444451862
fame	NSCLC	cv	HRR1235436	HEALTHY	0	-2.296945199203265
fame	NSCLC	cv	HRR1235437	HEALTHY	0	-1.5357418522386157
fame	NSCLC	cv	HRR1235438	HEALTHY	0	-1.8859331169795597
fame	NSCLC	cv	HRR1235439	HEALTHY	0	-2.1824928525344327
fame	NSCLC	cv	HRR1235440	HEALTHY	0	-2.375184816492596
fame	NSCLC	cv	HRR1235441	HEALTHY	0	-1.2401198270921312
fame	NSCLC	cv	HRR1235442	HEALTHY	0	-1.7023368596146835
fame	NSCLC	cv	HRR1235443	HEALTHY	0	-0.390227937520924
fame	NSCLC	cv	HRR1235444	HEALTHY	0	-0.903488951217128
fame	NSCLC	cv	HRR1235445	HEALTHY	0	-2.9264382791717107
fame	NSCLC	cv	HRR1235446	HEALTHY	0	-0.9269192291311192
fame	NSCLC	cv	HRR1235447	HEALTHY	0	-1.2774675798246051
fame	NSCLC	cv	HRR1235448	HEALTHY	0	-1.3964515618755258
fame	NSCLC	cv	HRR1235449	HEALTHY	0	-1.015769975234187
fame	NSCLC	cv	HRR1235450	HEALTHY	0	-2.290930940826401
fame	NSCLC	cv	HRR1235451	HEALTHY	0	1.2509433975325133
fame	NSCLC	cv	HRR1235452	HEALTHY	0	-1.926755986915596
fame	NSCLC	cv	HRR1235453	HEALTHY	0	-2.82356955597693
fame	NSCLC	cv	HRR1235455	HEALTHY	0	-2.2414436584185955
fame	NSCLC	cv	HRR1235456	HEALTHY	0	-2.761458487418388
fame	NSCLC	cv	HRR1235457	HEALTHY	0	-0.7240713710317105
fame	NSCLC	cv	HRR1235458	HEALTHY	0	-0.8016747598404157
fame	NSCLC	cv	HRR1235459	HEALTHY	0	-2.502809008893118
fame	NSCLC	cv	HRR1235460	HEALTHY	0	-2.76933639269614
fame	NSCLC	cv	HRR1235461	HEALTHY	0	-2.020080291126105
fame	NSCLC	cv	HRR1235463	HEALTHY	0	-2.674984378216139
fame	NSCLC	cv	HRR1235464	HEALTHY	0	-1.009675665679234
fame	NSCLC	cv	HRR1235465	HEALTHY	0	-1.4698965353743372
fame	NSCLC	cv	HRR1235466	HEALTHY	0	-1.2871915315554563
fame	NSCLC	cv	HRR1235467	HEALTHY	0	-0.3894224674318779
fame	NSCLC	cv	HRR1235468	HEALTHY	0	-1.988063947927688
fame	NSCLC	cv	HRR1235469	HEALTHY	0	-2.0706974439363344
fame	NSCLC	cv	HRR1235470	HEALTHY	0	-1.7913269443401951
fame	NSCLC	cv	HRR1235472	HEALTHY	0	-1.193902443750836
fame	NSCLC	cv	HRR1235473	HEALTHY	0	-2.8811745308602315
fame	NSCLC	cv	HRR1235474	HEALTHY	0	-1.98198122439176
fame	NSCLC	cv	HRR1235475	HEALTHY	0	-2.24025481570169
fame	NSCLC	cv	HRR1235478	HEALTHY	0	-0.2219406587848415
fame	NSCLC	cv	HRR1235481	HEALTHY	0	-2.6231083813148666
fame	NSCLC	cv	HRR1235482	HEALTHY	0	-1.6176169467029184
fame	NSCLC	cv	HRR1235483	HEALTHY	0	-0.0129200823935582
fame	NSCLC	cv	HRR1235486	HEALTHY	0	-1.5860756830050329
fame	NSCLC	cv	HRR1235488	HEALTHY	0	-2.5770412960903863
fame	NSCLC	cv	HRR1235489	HEALTHY	0	-3.3115304135270853
fame	NSCLC	cv	HRR1235490	HEALTHY	0	-0.8292376988442582
fame	NSCLC	cv	HRR1235491	HEALTHY	0	0.8620332627362415
fame	NSCLC	cv	HRR1235492	HEALTHY	0	-2.3609080785803283
fame	NSCLC	cv	HRR1235493	HEALTHY	0	-2.772543814660519
fame	NSCLC	cv	HRR1235497	HEALTHY	0	-1.2595581438036234
fame	NSCLC	cv	HRR1235498	HEALTHY	0	-0.8439785197418432
fame	NSCLC	cv	HRR1235499	HEALTHY	0	-2.6559156125425987
fame	NSCLC	cv	HRR1235500	HEALTHY	0	-2.2941794103623323
fame	NSCLC	cv	HRR1235501	HEALTHY	0	-1.9397386295991976
fame	NSCLC	cv	HRR1235502	HEALTHY	0	-2.154371935227896
fame	NSCLC	cv	HRR1235503	HEALTHY	0	-2.5732262998676343
fame	NSCLC	cv	HRR1235504	HEALTHY	0	-1.569179291353009
fame	NSCLC	cv	HRR1235505	HEALTHY	0	-1.2229303165702436
fame	NSCLC	cv	HRR1235506	HEALTHY	0	-1.3918788372448485
fame	NSCLC	cv	HRR1235508	HEALTHY	0	-2.276812216731365
fame	NSCLC	cv	HRR1235510	HEALTHY	0	-2.7278658768880084
fame	NSCLC	cv	HRR1235511	HEALTHY	0	-2.1666542706740106
fame	NSCLC	cv	HRR1235513	HEALTHY	0	-0.596453722322388
fame	NSCLC	cv	HRR1235514	HEALTHY	0	-0.0284349039354654
fame	NSCLC	cv	HRR1235515	HEALTHY	0	-0.713466499100261
fame	NSCLC	cv	HRR1235516	HEALTHY	0	-3.406072221188318
fame	NSCLC	cv	HRR1235517	HEALTHY	0	0.227434677048914
fame	NSCLC	cv	HRR1235518	HEALTHY	0	-0.6281107692530098
fame	NSCLC	cv	HRR1235519	HEALTHY	0	-0.3267205433347943
fame	NSCLC	cv	HRR1235520	HEALTHY	0	-0.9353994587157932
fame	NSCLC	cv	HRR1235521	HEALTHY	0	-0.7512447148312008
fame	NSCLC	cv	HRR1235522	HEALTHY	0	-1.1795776920628696
fame	NSCLC	cv	HRR1235523	HEALTHY	0	1.142020886889159
fame	NSCLC	cv	HRR1235524	HEALTHY	0	-0.7328020196387055
fame	NSCLC	cv	HRR1235525	HEALTHY	0	-1.681086492308154
fame	NSCLC	cv	HRR1235526	HEALTHY	0	-1.4279271189697362
fame	NSCLC	cv	HRR1235527	HEALTHY	0	-0.8885139691446273
fame	NSCLC	cv	HRR1235528	HEALTHY	0	-0.7630569185808033
fame	NSCLC	cv	HRR1235529	HEALTHY	0	0.3549727865669119
fame	NSCLC	cv	HRR1235530	HEALTHY	0	-0.4866414639095499
fame	NSCLC	cv	HRR1235531	HEALTHY	0	-1.4329367487128326
fame	NSCLC	cv	HRR1235532	HEALTHY	0	-0.8422266163751913
fame	NSCLC	cv	HRR1235533	HEALTHY	0	0.0821559825165924
fame	NSCLC	cv	HRR1235534	HEALTHY	0	-0.1081537928874185
fame	NSCLC	cv	HRR1235535	HEALTHY	0	-1.1665033849009958
fame	NSCLC	cv	HRR1235536	HEALTHY	0	-1.186626892302218
fame	NSCLC	cv	HRR1235537	HEALTHY	0	-2.446007014836003
fame	NSCLC	cv	HRR1235538	HEALTHY	0	-0.3632762766971136
fame	NSCLC	cv	HRR1235539	HEALTHY	0	-2.325465508002363
fame	NSCLC	cv	HRR1235540	HEALTHY	0	1.3684937972864368
fame	NSCLC	cv	HRR1235541	HEALTHY	0	-1.1377174545746724
fame	NSCLC	cv	HRR1235542	HEALTHY	0	-1.275980426384051
fame	NSCLC	cv	HRR1235544	HEALTHY	0	-0.5179323879317557
fame	NSCLC	cv	HRR1235545	HEALTHY	0	2.6770235148142483
fame	NSCLC	cv	HRR1235546	HEALTHY	0	-2.7565768847850776
fame	NSCLC	cv	HRR1235547	HEALTHY	0	-0.5131908868059505
fame	NSCLC	cv	HRR1235548	HEALTHY	0	-1.455724374123312
fame	NSCLC	cv	HRR1235549	HEALTHY	0	0.1441222901083375
fame	NSCLC	cv	HRR1235598	HEALTHY	0	-1.0752902651623444
fame	NSCLC	cv	HRR1235599	HEALTHY	0	0.5628557017430834
fame	NSCLC	cv	HRR1235600	HEALTHY	0	0.0396030352903262
fame	NSCLC	cv	HRR1235601	HEALTHY	0	0.4294292240688021
fame	NSCLC	cv	HRR1235602	HEALTHY	0	0.6820138880045776
fame	NSCLC	cv	HRR1235603	HEALTHY	0	-0.0197447789377949
fame	NSCLC	cv	HRR1235604	HEALTHY	0	0.3242473059515305
fame	NSCLC	cv	HRR1235605	HEALTHY	0	0.5094516100592104
fame	NSCLC	cv	HRR1235606	HEALTHY	0	-0.6733038426674257
fame	NSCLC	cv	HRR1235607	HEALTHY	0	-1.8204348708178948
fame	NSCLC	cv	HRR1235608	HEALTHY	0	-0.9438918260398832
fame	NSCLC	cv	HRR1235609	HEALTHY	0	0.3221068054291581
fame	NSCLC	cv	HRR1235610	HEALTHY	0	-0.7037672882714412
fame	NSCLC	cv	HRR1235611	HEALTHY	0	-0.9546093545872832
fame	NSCLC	cv	HRR1235612	HEALTHY	0	-1.5934568572534995
fame	NSCLC	cv	HRR1235613	HEALTHY	0	-1.8629312760486332
fame	NSCLC	cv	HRR1235614	HEALTHY	0	-0.5304386840456745
fame	NSCLC	cv	HRR1235615	HEALTHY	0	-0.1991832386529015
fame	NSCLC	cv	HRR1235616	HEALTHY	0	-2.534379303733108
fame	NSCLC	cv	HRR1235617	HEALTHY	0	0.4688000282623454
fame	NSCLC	cv	HRR1235618	HEALTHY	0	-0.882772740053183
fame	NSCLC	cv	HRR1235619	HEALTHY	0	-1.81030093714166
fame	NSCLC	cv	HRR1235620	HEALTHY	0	-0.1154015886871577
fame	NSCLC	cv	HRR1235622	HEALTHY	0	-0.5360759809433133
fame	NSCLC	cv	HRR1235623	HEALTHY	0	-0.5523304692228853
fame	NSCLC	cv	HRR1235624	HEALTHY	0	1.5430294229859325
fame	NSCLC	cv	HRR1235625	HEALTHY	0	-1.125938326434082
fame	NSCLC	cv	HRR1235627	HEALTHY	0	-0.7968704413198415
fame	NSCLC	cv	HRR1235628	HEALTHY	0	-1.0978705945749438
fame	NSCLC	cv	HRR1235631	HEALTHY	0	-1.617895026591863
fame	NSCLC	cv	HRR1235632	HEALTHY	0	-1.0863608593546237
fame	NSCLC	cv	HRR1235633	HEALTHY	0	-1.3564994274860032
fame	NSCLC	cv	HRR1235634	HEALTHY	0	-0.5159021435346522
fame	NSCLC	cv	HRR1235635	HEALTHY	0	-1.568557921353538
fame	NSCLC	cv	HRR1235636	HEALTHY	0	-1.278887942524458
fame	NSCLC	cv	HRR1235637	HEALTHY	0	-1.2526814938695594
fame	NSCLC	cv	HRR1235638	HEALTHY	0	-2.1076216554778235
fame	NSCLC	cv	HRR1235639	HEALTHY	0	-0.6558593490103817
fame	NSCLC	cv	HRR1235641	HEALTHY	0	-1.4730186542865231
fame	NSCLC	cv	HRR1235642	HEALTHY	0	-0.336809011469338
fame	NSCLC	cv	HRR1235644	HEALTHY	0	-0.4978750554225291
fame	NSCLC	cv	HRR1235645	HEALTHY	0	-2.486355331895078
fame	NSCLC	cv	HRR1235646	HEALTHY	0	-0.2213277577168791
fame	NSCLC	cv	HRR1235647	HEALTHY	0	-2.847707139398154
fame	NSCLC	cv	HRR1235648	HEALTHY	0	-1.2563137367213488
fame	NSCLC	cv	HRR1235650	HEALTHY	0	-1.6731615546740568
fame	NSCLC	cv	HRR1235653	HEALTHY	0	-1.553955008356048
fame	NSCLC	cv	HRR1235655	HEALTHY	0	0.0102100891997482
fame	NSCLC	cv	HRR1235657	HEALTHY	0	-0.0370683590369774
fame	NSCLC	cv	HRR1235658	HEALTHY	0	-2.10072238701834
fame	NSCLC	cv	HRR1235661	HEALTHY	0	-1.800626273727231
fame	NSCLC	cv	HRR1235662	HEALTHY	0	-1.4738851521423575
fame	NSCLC	cv	HRR1235663	HEALTHY	0	-2.9471460025482004
fame	NSCLC	cv	HRR1235665	HEALTHY	0	-0.4475992373298167
fame	NSCLC	cv	HRR1235667	HEALTHY	0	-1.723185400680556
fame	NSCLC	cv	HRR1235669	HEALTHY	0	-0.9995266997888356
fame	NSCLC	cv	HRR1235670	HEALTHY	0	-0.2411624595823978
fame	NSCLC	cv	HRR1235671	HEALTHY	0	-0.744183888771669
fame	NSCLC	cv	HRR1235672	HEALTHY	0	-0.555425557262184
fame	NSCLC	cv	HRR1235673	HEALTHY	0	-0.2455784604142079
fame	NSCLC	cv	HRR1235674	HEALTHY	0	-2.284898923009264
fame	NSCLC	cv	HRR1235675	HEALTHY	0	-0.0616469562830775
fame	NSCLC	cv	HRR1235676	HEALTHY	0	-0.2598324726715638
fame	NSCLC	cv	HRR1235677	HEALTHY	0	-1.3062694986856405
fame	NSCLC	cv	HRR1235678	HEALTHY	0	-2.5067261327649693
fame	NSCLC	cv	HRR1235679	HEALTHY	0	0.8443174781517031
fame	NSCLC	cv	HRR1235680	HEALTHY	0	0.1828020008040157
fame	NSCLC	cv	HRR1235683	HEALTHY	0	-2.216979860385745
fame	NSCLC	cv	HRR1235685	HEALTHY	0	-1.4535868870366897
fame	NSCLC	cv	HRR1235686	HEALTHY	0	1.1775820197267517
fame	NSCLC	cv	HRR1235687	HEALTHY	0	-1.8094976052724003
fame	NSCLC	cv	HRR1235688	HEALTHY	0	-1.296681558766953
fame	NSCLC	cv	HRR1235689	HEALTHY	0	-1.4412153005033717
fame	NSCLC	cv	HRR1235690	HEALTHY	0	-0.6709281290465042
fame	NSCLC	cv	HRR1235691	HEALTHY	0	0.7232589317005106
fame	NSCLC	cv	HRR1235692	HEALTHY	0	-2.2255548109300296
fame	NSCLC	cv	HRR1235693	HEALTHY	0	-1.692151907960548
fame	NSCLC	cv	HRR1235694	HEALTHY	0	-2.670252727783998
fame	NSCLC	cv	HRR1235695	HEALTHY	0	-1.5181117897010814
fame	NSCLC	cv	HRR1235696	HEALTHY	0	0.4568090593027744
fame	NSCLC	cv	HRR1235697	HEALTHY	0	-1.298650945556213
fame	NSCLC	cv	HRR1235698	HEALTHY	0	-0.9332261024398438
fame	NSCLC	cv	HRR1235699	HEALTHY	0	-0.5743903276236959
fame	NSCLC	cv	HRR1235703	HEALTHY	0	-0.6920281116096632
fame	NSCLC	cv	HRR1235704	HEALTHY	0	-1.9722844496584424
fame	NSCLC	cv	HRR1235706	HEALTHY	0	-0.7587088236616149
fame	NSCLC	cv	HRR1235707	HEALTHY	0	-1.7401798602074108
fame	NSCLC	cv	HRR1235709	HEALTHY	0	-0.9749353428135488
fame	NSCLC	cv	HRR1235710	HEALTHY	0	0.1162420307027866
fame	NSCLC	cv	HRR1235711	HEALTHY	0	-0.2701140127598209
fame	NSCLC	cv	HRR1235712	HEALTHY	0	-0.7286181246341659
fame	NSCLC	cv	HRR1235713	HEALTHY	0	-1.0087886095034893
fame	NSCLC	cv	HRR1235714	HEALTHY	0	-0.2932465987153038
fame	NSCLC	cv	HRR1235715	HEALTHY	0	-2.2639191157828225
fame	NSCLC	cv	HRR1235716	HEALTHY	0	-1.448828269631988
fame	NSCLC	cv	HRR1235719	HEALTHY	0	-1.427115134641561
fame	NSCLC	cv	HRR1235720	HEALTHY	0	-1.9794927743517852
fame	NSCLC	cv	HRR1235722	HEALTHY	0	-2.1482104560837394
fame	NSCLC	cv	HRR1235723	HEALTHY	0	0.5765970933346969
fame	NSCLC	cv	HRR1235726	HEALTHY	0	-0.4287034762471804
fame	NSCLC	cv	HRR1235727	HEALTHY	0	-1.523539372918517
fame	NSCLC	cv	HRR1235728	HEALTHY	0	-1.2306988719898966
fame	NSCLC	cv	HRR1235731	HEALTHY	0	-2.5685519430790493
fame	NSCLC	cv	HRR1235732	HEALTHY	0	-2.8815196008201363
fame	NSCLC	cv	HRR1235733	HEALTHY	0	-0.4711816548031048
fame	NSCLC	cv	HRR1235734	HEALTHY	0	-0.7006736317531714
fame	NSCLC	cv	HRR1235737	HEALTHY	0	-0.3448860159469372
fame	NSCLC	cv	HRR1235738	HEALTHY	0	-1.933738550618798
fame	NSCLC	cv	HRR1235739	HEALTHY	0	-1.6968566025156655
fame	NSCLC	cv	HRR1235740	HEALTHY	0	-1.1974369446882178
fame	NSCLC	cv	HRR1235743	HEALTHY	0	-0.8605463588631506
fame	NSCLC	cv	HRR1235744	HEALTHY	0	-2.258052792551201
fame	NSCLC	cv	HRR1235745	HEALTHY	0	-0.8762951841730812
fame	NSCLC	cv	HRR1235746	HEALTHY	0	-0.1652531063873364
fame	NSCLC	cv	HRR1235747	HEALTHY	0	-1.8072876633636892
fame	NSCLC	cv	HRR1235751	HEALTHY	0	-0.948468124180369
fame	NSCLC	cv	HRR1235753	HEALTHY	0	-0.7489538265008447
fame	NSCLC	cv	HRR1235755	HEALTHY	0	-1.7919452712635504
fame	NSCLC	cv	HRR1235756	HEALTHY	0	0.0361380935013443
fame	NSCLC	cv	HRR1235757	HEALTHY	0	-0.8176189891760001
fame	NSCLC	cv	HRR1235759	HEALTHY	0	-1.0490626565034338
fame	NSCLC	cv	HRR1235760	HEALTHY	0	-3.3565654292352898
fame	NSCLC	cv	HRR1235763	HEALTHY	0	-2.6324484652111138
fame	NSCLC	cv	HRR1235764	HEALTHY	0	-1.3489942349408932
fame	NSCLC	cv	HRR1235765	HEALTHY	0	0.3939766475024585
fame	NSCLC	cv	HRR1235767	HEALTHY	0	-1.729280355343776
fame	NSCLC	cv	HRR1235768	HEALTHY	0	-1.316639445219803
fame	NSCLC	cv	HRR1235769	HEALTHY	0	-1.9879372865116187
fame	NSCLC	cv	HRR1235770	HEALTHY	0	-0.8462915955069081
fame	NSCLC	cv	HRR1235771	HEALTHY	0	-1.0513408134598528
fame	NSCLC	cv	HRR1235772	HEALTHY	0	-1.2057060272449085
fame	NSCLC	cv	HRR1235773	HEALTHY	0	-1.199998818129667
fame	NSCLC	cv	HRR1235774	HEALTHY	0	-0.995497723680652
fame	NSCLC	cv	HRR1235775	HEALTHY	0	-0.857121474849863
fame	NSCLC	cv	HRR1235776	HEALTHY	0	-0.406366311574958
fame	NSCLC	cv	HRR1235777	HEALTHY	0	-0.9881889249614492
fame	NSCLC	cv	HRR1235779	HEALTHY	0	-2.662339235631167
fame	NSCLC	cv	HRR1235781	HEALTHY	0	-0.6309706717558538
fame	NSCLC	cv	HRR1235782	HEALTHY	0	-0.6034497595639485
fame	NSCLC	cv	HRR1235783	HEALTHY	0	-1.1452623649571183
fame	NSCLC	cv	HRR1235784	HEALTHY	0	-1.4552800258271117
fame	NSCLC	cv	HRR1235785	HEALTHY	0	-2.5189001973713325
fame	NSCLC	cv	HRR1235786	HEALTHY	0	-0.6550746919621914
fame	NSCLC	cv	HRR1235787	HEALTHY	0	-1.806402813105294
fame	NSCLC	cv	HRR1235789	HEALTHY	0	-1.5463713144256837
fame	NSCLC	cv	HRR1235790	HEALTHY	0	-0.9680999983003614
fame	NSCLC	cv	HRR1235793	HEALTHY	0	-0.1089076924766471
fame	NSCLC	cv	HRR1235797	HEALTHY	0	-1.2076875833376242
fame	NSCLC	cv	HRR1235798	HEALTHY	0	-1.4228898286413527
fame	NSCLC	cv	HRR1235799	HEALTHY	0	-0.7775090806147057
fame	NSCLC	cv	HRR1235801	HEALTHY	0	-1.1701919939594063
fame	NSCLC	cv	HRR1235803	HEALTHY	0	-0.8780530412999059
fame	NSCLC	cv	HRR1235805	HEALTHY	0	-1.718505093663022
fame	NSCLC	cv	HRR1235808	HEALTHY	0	-1.0957151428136334
fame	NSCLC	cv	HRR1235809	HEALTHY	0	-3.148031663069496
fame	NSCLC	cv	HRR1235812	HEALTHY	0	-1.2866658260716666
fame	NSCLC	cv	HRR1235814	HEALTHY	0	-1.1518836616670136
fame	NSCLC	cv	HRR1235815	HEALTHY	0	-2.25789718626347
fame	NSCLC	cv	HRR1236320	NSCLC	1	-2.303731732423725
fame	NSCLC	cv	HRR1236321	NSCLC	1	1.1174680308734508
fame	NSCLC	cv	HRR1236322	NSCLC	1	2.012269539493293
fame	NSCLC	cv	HRR1236323	NSCLC	1	1.5482724225693871
fame	NSCLC	cv	HRR1236325	NSCLC	1	0.7872423650981474
fame	NSCLC	cv	HRR1236326	NSCLC	1	-0.4537306537390146
fame	NSCLC	cv	HRR1236327	NSCLC	1	1.9082194904298144
fame	NSCLC	cv	HRR1236328	NSCLC	1	0.4328873502891421
fame	NSCLC	cv	HRR1236329	NSCLC	1	1.3352296605429603
fame	NSCLC	cv	HRR1236330	NSCLC	1	2.175290790374349
fame	NSCLC	cv	HRR1236332	NSCLC	1	0.8706541081040113
fame	NSCLC	cv	HRR1236333	NSCLC	1	1.034171800487305
fame	NSCLC	cv	HRR1236334	NSCLC	1	3.303906235525702
fame	NSCLC	cv	HRR1236335	NSCLC	1	4.787287988415161
fame	NSCLC	cv	HRR1236336	NSCLC	1	1.903234102776572
fame	NSCLC	cv	HRR1236337	NSCLC	1	8.540279779938874
fame	NSCLC	cv	HRR1236339	NSCLC	1	10.260334018952614
fame	NSCLC	cv	HRR1236340	NSCLC	1	23.657133147486476
fame	NSCLC	cv	HRR1236341	NSCLC	1	14.54666561394966
fame	NSCLC	cv	HRR1236342	NSCLC	1	0.4058227995878411
fame	NSCLC	cv	HRR1236343	NSCLC	1	1.131463895736324
fame	NSCLC	cv	HRR1236344	NSCLC	1	-0.6517296415956229
fame	NSCLC	cv	HRR1236345	NSCLC	1	-0.0200711092562451
fame	NSCLC	cv	HRR1236346	NSCLC	1	-0.7778307037240915
fame	NSCLC	cv	HRR1236348	NSCLC	1	0.1876060948288437
fame	NSCLC	cv	HRR1236349	NSCLC	1	0.120331441798121
fame	NSCLC	cv	HRR1236350	NSCLC	1	2.101321978069294
fame	NSCLC	cv	HRR1236351	NSCLC	1	2.122674690380607
fame	NSCLC	cv	HRR1236352	NSCLC	1	0.5692626830940785
fame	NSCLC	cv	HRR1236353	NSCLC	1	0.1327297334591462
fame	NSCLC	cv	HRR1236354	NSCLC	1	2.5965947697616127
fame	NSCLC	cv	HRR1236355	NSCLC	1	0.7008775762702597
fame	NSCLC	cv	HRR1236356	NSCLC	1	-0.590038844355435
fame	NSCLC	cv	HRR1236357	NSCLC	1	2.9495522596010013
fame	NSCLC	cv	HRR1236358	NSCLC	1	0.2175986546750306
fame	NSCLC	cv	HRR1236359	NSCLC	1	0.987328704572506
fame	NSCLC	cv	HRR1236361	NSCLC	1	-1.050706979008901
fame	NSCLC	cv	HRR1236364	NSCLC	1	3.3185133709112686
fame	NSCLC	cv	HRR1236365	NSCLC	1	2.411266393720493
fame	NSCLC	cv	HRR1236368	NSCLC	1	0.7916539259251969
fame	NSCLC	cv	HRR1236369	NSCLC	1	-1.123521197514204
fame	NSCLC	cv	HRR1236370	NSCLC	1	0.1336647641713094
fame	NSCLC	cv	HRR1236371	NSCLC	1	1.386492948260534
fame	NSCLC	cv	HRR1236374	NSCLC	1	2.297947835606345
fame	NSCLC	cv	HRR1236376	NSCLC	1	2.987590541109519
fame	NSCLC	cv	HRR1236378	NSCLC	1	1.95380282282877
fame	NSCLC	cv	HRR1236379	NSCLC	1	-0.926879318894092
fame	NSCLC	cv	HRR1236380	NSCLC	1	-1.55597297255013
fame	NSCLC	cv	HRR1236383	NSCLC	1	7.345823858483668
fame	NSCLC	cv	HRR1236384	NSCLC	1	6.208900763340017
fame	NSCLC	cv	HRR1236385	NSCLC	1	5.149144296451198
fame	NSCLC	cv	HRR1236386	NSCLC	1	16.25288984813179
fame	NSCLC	cv	HRR1236388	NSCLC	1	-1.6754101564194468
fame	NSCLC	cv	HRR1236389	NSCLC	1	-1.0312795341755523
fame	NSCLC	cv	HRR1236391	NSCLC	1	-0.1369808322197331
fame	NSCLC	cv	HRR1236392	NSCLC	1	-2.823446309018743
fame	NSCLC	cv	HRR1236393	NSCLC	1	-1.718455698892525
fame	NSCLC	cv	HRR1236394	NSCLC	1	-0.9474621211987284
fame	NSCLC	cv	HRR1236395	NSCLC	1	3.530581707680569
fame	NSCLC	cv	HRR1236396	NSCLC	1	-0.2336819293964371
fame	NSCLC	cv	HRR1236397	NSCLC	1	-1.2269773378803095
fame	NSCLC	cv	HRR1236398	NSCLC	1	2.697434437898076
fame	NSCLC	cv	HRR1236400	NSCLC	1	5.184243266667519
fame	NSCLC	cv	HRR1236402	NSCLC	1	0.3898899961495161
fame	NSCLC	cv	HRR1236404	NSCLC	1	19.935793296033967
fame	NSCLC	cv	HRR1236406	NSCLC	1	2.81641371307957
fame	NSCLC	cv	HRR1236408	NSCLC	1	2.715317556110328
fame	NSCLC	cv	HRR1236409	NSCLC	1	0.7657358195429547
fame	NSCLC	cv	HRR1236412	NSCLC	1	3.0128948411050254
fame	NSCLC	cv	HRR1236413	NSCLC	1	6.167559621216991
fame	NSCLC	cv	HRR1236414	NSCLC	1	0.6699859670050481
fame	NSCLC	cv	HRR1236417	NSCLC	1	1.8640864816376612
fame	NSCLC	cv	HRR1236419	NSCLC	1	1.991681696394316
fame	NSCLC	cv	HRR1236420	NSCLC	1	2.6293996934422648
fame	NSCLC	cv	HRR1236421	NSCLC	1	-0.0130842236779742
fame	NSCLC	cv	HRR1236424	NSCLC	1	-0.4148395606619502
fame	NSCLC	cv	HRR1236426	NSCLC	1	2.849936771133162
fame	NSCLC	cv	HRR1236428	NSCLC	1	-0.4804661730703855
fame	NSCLC	cv	HRR1236429	NSCLC	1	0.414546070054182
fame	NSCLC	cv	HRR1236430	NSCLC	1	0.0575244574747412
fame	NSCLC	cv	HRR1236432	NSCLC	1	2.0323471847300385
fame	NSCLC	cv	HRR1236434	NSCLC	1	3.3966295496956525
fame	NSCLC	cv	HRR1236435	NSCLC	1	2.350559829735899
fame	NSCLC	cv	HRR1236436	NSCLC	1	3.688645709934761
fame	NSCLC	cv	HRR1236437	NSCLC	1	5.932711223574444
fame	NSCLC	cv	HRR1236438	NSCLC	1	0.1171597863762844
fame	NSCLC	cv	HRR1236439	NSCLC	1	1.0235299578734662
fame	NSCLC	cv	HRR1236441	NSCLC	1	1.6513138403293426
fame	NSCLC	cv	HRR1236442	NSCLC	1	0.8063399303562896
fame	NSCLC	cv	HRR1236443	NSCLC	1	1.592103852522562
fame	NSCLC	cv	HRR1236444	NSCLC	1	2.235967319776704
fame	NSCLC	cv	HRR1236445	NSCLC	1	0.0660226061469774
fame	NSCLC	cv	HRR1236447	NSCLC	1	0.6009473033293008
fame	NSCLC	cv	HRR1236449	NSCLC	1	4.890232351648573
fame	NSCLC	cv	HRR1236451	NSCLC	1	6.414287892661185
fame	NSCLC	cv	HRR1236453	NSCLC	1	3.303872390836996
fame	NSCLC	cv	HRR1236455	NSCLC	1	5.69769599318573
fame	NSCLC	cv	HRR1236460	NSCLC	1	4.385674612039831
fame	NSCLC	cv	HRR1236461	NSCLC	1	3.56871691362909
fame	NSCLC	cv	HRR1236462	NSCLC	1	7.091337781115513
fame	NSCLC	cv	HRR1236464	NSCLC	1	13.313657611320506
fame	NSCLC	cv	HRR1236465	NSCLC	1	10.692977936835216
fame	NSCLC	cv	HRR1236466	NSCLC	1	13.027435300689508
fame	NSCLC	cv	HRR1236467	NSCLC	1	18.26914035792716
fame	NSCLC	cv	HRR1236469	NSCLC	1	19.5703328453991
fame	NSCLC	cv	HRR1236470	NSCLC	1	9.133927144815008
fame	NSCLC	cv	HRR1236471	NSCLC	1	21.53623505720098
fame	NSCLC	cv	HRR1236472	NSCLC	1	29.227473325363203
fame	NSCLC	cv	HRR1236473	NSCLC	1	19.24868101300919
fame	NSCLC	cv	HRR1236475	NSCLC	1	24.60273915669742
fame	NSCLC	test	HRR1235324	HEALTHY	0	-0.6423367538593944
fame	NSCLC	test	HRR1235329	HEALTHY	0	-1.136154382382634
fame	NSCLC	test	HRR1235333	HEALTHY	0	-2.0069112563365628
fame	NSCLC	test	HRR1235336	HEALTHY	0	-1.2654135541114744
fame	NSCLC	test	HRR1235338	HEALTHY	0	-0.8310549921590933
fame	NSCLC	test	HRR1235348	HEALTHY	0	-1.297064543681153
fame	NSCLC	test	HRR1235362	HEALTHY	0	-2.51424355272726
fame	NSCLC	test	HRR1235366	HEALTHY	0	-2.059262092041565
fame	NSCLC	test	HRR1235379	HEALTHY	0	-1.332850042760224
fame	NSCLC	test	HRR1235385	HEALTHY	0	-1.8927907568254556
fame	NSCLC	test	HRR1235394	HEALTHY	0	-1.2731433760331878
fame	NSCLC	test	HRR1235398	HEALTHY	0	-1.7163439915846337
fame	NSCLC	test	HRR1235399	HEALTHY	0	-1.9034647824091429
fame	NSCLC	test	HRR1235402	HEALTHY	0	-3.169308499125308
fame	NSCLC	test	HRR1235410	HEALTHY	0	-2.579012700163309
fame	NSCLC	test	HRR1235414	HEALTHY	0	-1.2144254164434287
fame	NSCLC	test	HRR1235416	HEALTHY	0	-1.7424973329921851
fame	NSCLC	test	HRR1235421	HEALTHY	0	0.0999571481381595
fame	NSCLC	test	HRR1235424	HEALTHY	0	-1.2098737916396396
fame	NSCLC	test	HRR1235434	HEALTHY	0	-1.6273080948195813
fame	NSCLC	test	HRR1235454	HEALTHY	0	-2.7824462090795548
fame	NSCLC	test	HRR1235462	HEALTHY	0	-3.1941732534642977
fame	NSCLC	test	HRR1235471	HEALTHY	0	-1.6557542003476189
fame	NSCLC	test	HRR1235476	HEALTHY	0	-2.2998040237965838
fame	NSCLC	test	HRR1235477	HEALTHY	0	-0.9704889450621444
fame	NSCLC	test	HRR1235479	HEALTHY	0	-1.8411923924974836
fame	NSCLC	test	HRR1235480	HEALTHY	0	-2.4332751107315937
fame	NSCLC	test	HRR1235484	HEALTHY	0	-3.1653946305915657
fame	NSCLC	test	HRR1235485	HEALTHY	0	-2.332617326044949
fame	NSCLC	test	HRR1235487	HEALTHY	0	-0.8171202645003869
fame	NSCLC	test	HRR1235494	HEALTHY	0	-2.327837773992842
fame	NSCLC	test	HRR1235495	HEALTHY	0	-0.8530786892568352
fame	NSCLC	test	HRR1235496	HEALTHY	0	-2.071965720232178
fame	NSCLC	test	HRR1235507	HEALTHY	0	-2.3130395869711746
fame	NSCLC	test	HRR1235509	HEALTHY	0	-3.026534678577681
fame	NSCLC	test	HRR1235512	HEALTHY	0	-1.348872727239249
fame	NSCLC	test	HRR1235543	HEALTHY	0	-2.9376361505116755
fame	NSCLC	test	HRR1235550	HEALTHY	0	-0.9877793860783416
fame	NSCLC	test	HRR1235551	HEALTHY	0	-1.117096636583921
fame	NSCLC	test	HRR1235552	HEALTHY	0	-1.1953624945651389
fame	NSCLC	test	HRR1235553	HEALTHY	0	-0.2136864236611151
fame	NSCLC	test	HRR1235554	HEALTHY	0	0.9881071634060244
fame	NSCLC	test	HRR1235555	HEALTHY	0	0.2391507675761712
fame	NSCLC	test	HRR1235556	HEALTHY	0	-3.323090104271384
fame	NSCLC	test	HRR1235557	HEALTHY	0	-1.1747103888671055
fame	NSCLC	test	HRR1235558	HEALTHY	0	0.3565543961509874
fame	NSCLC	test	HRR1235559	HEALTHY	0	-1.8963203047308697
fame	NSCLC	test	HRR1235560	HEALTHY	0	-1.4636844544804783
fame	NSCLC	test	HRR1235561	HEALTHY	0	-0.9660034236371694
fame	NSCLC	test	HRR1235562	HEALTHY	0	-0.8446921867998258
fame	NSCLC	test	HRR1235563	HEALTHY	0	-2.0531083378214703
fame	NSCLC	test	HRR1235564	HEALTHY	0	-0.4558056909025143
fame	NSCLC	test	HRR1235565	HEALTHY	0	-0.6343835617029719
fame	NSCLC	test	HRR1235566	HEALTHY	0	0.0230454628724858
fame	NSCLC	test	HRR1235567	HEALTHY	0	-1.238089244874155
fame	NSCLC	test	HRR1235568	HEALTHY	0	-0.7147900283409885
fame	NSCLC	test	HRR1235569	HEALTHY	0	-0.3494221101793984
fame	NSCLC	test	HRR1235570	HEALTHY	0	-1.5641941626373848
fame	NSCLC	test	HRR1235571	HEALTHY	0	0.0169861999924963
fame	NSCLC	test	HRR1235572	HEALTHY	0	-0.1257357924129951
fame	NSCLC	test	HRR1235573	HEALTHY	0	0.0523581575705631
fame	NSCLC	test	HRR1235574	HEALTHY	0	-1.4809106457263224
fame	NSCLC	test	HRR1235575	HEALTHY	0	-0.0066827643819776
fame	NSCLC	test	HRR1235576	HEALTHY	0	-0.6757848570886086
fame	NSCLC	test	HRR1235577	HEALTHY	0	-0.8088337578000021
fame	NSCLC	test	HRR1235578	HEALTHY	0	0.5219088453494154
fame	NSCLC	test	HRR1235579	HEALTHY	0	-0.3109872264494437
fame	NSCLC	test	HRR1235580	HEALTHY	0	-0.4218106804362524
fame	NSCLC	test	HRR1235581	HEALTHY	0	-1.5934892770605755
fame	NSCLC	test	HRR1235582	HEALTHY	0	-0.1029823924392858
fame	NSCLC	test	HRR1235583	HEALTHY	0	-1.085917191044081
fame	NSCLC	test	HRR1235584	HEALTHY	0	-0.6596769383998234
fame	NSCLC	test	HRR1235585	HEALTHY	0	-2.424948538968171
fame	NSCLC	test	HRR1235586	HEALTHY	0	0.128474070601084
fame	NSCLC	test	HRR1235587	HEALTHY	0	-0.7829234416289033
fame	NSCLC	test	HRR1235588	HEALTHY	0	0.7470408031508299
fame	NSCLC	test	HRR1235589	HEALTHY	0	0.6010158773725169
fame	NSCLC	test	HRR1235590	HEALTHY	0	-0.8900491329807283
fame	NSCLC	test	HRR1235591	HEALTHY	0	-0.1641655619878663
fame	NSCLC	test	HRR1235592	HEALTHY	0	-1.3237937521773493
fame	NSCLC	test	HRR1235593	HEALTHY	0	-1.2123284535182008
fame	NSCLC	test	HRR1235594	HEALTHY	0	0.2526198924732987
fame	NSCLC	test	HRR1235595	HEALTHY	0	-0.9637582186495144
fame	NSCLC	test	HRR1235596	HEALTHY	0	1.290904450244715
fame	NSCLC	test	HRR1235597	HEALTHY	0	-1.261382731352551
fame	NSCLC	test	HRR1235621	HEALTHY	0	-0.9786034668435
fame	NSCLC	test	HRR1235626	HEALTHY	0	-0.4237118104721773
fame	NSCLC	test	HRR1235629	HEALTHY	0	-0.5459566130624427
fame	NSCLC	test	HRR1235630	HEALTHY	0	-0.655137930945618
fame	NSCLC	test	HRR1235640	HEALTHY	0	-0.8613552199303764
fame	NSCLC	test	HRR1235643	HEALTHY	0	-1.2026583467876009
fame	NSCLC	test	HRR1235649	HEALTHY	0	-1.4585020897416332
fame	NSCLC	test	HRR1235651	HEALTHY	0	-2.1549741294109817
fame	NSCLC	test	HRR1235652	HEALTHY	0	-0.7033994149804625
fame	NSCLC	test	HRR1235654	HEALTHY	0	0.5734149563757164
fame	NSCLC	test	HRR1235656	HEALTHY	0	-0.3915767010877242
fame	NSCLC	test	HRR1235659	HEALTHY	0	-0.4576142524181552
fame	NSCLC	test	HRR1235660	HEALTHY	0	-1.3840825207255942
fame	NSCLC	test	HRR1235664	HEALTHY	0	0.6936701368909312
fame	NSCLC	test	HRR1235666	HEALTHY	0	-1.3909583231930611
fame	NSCLC	test	HRR1235668	HEALTHY	0	-1.152333009752648
fame	NSCLC	test	HRR1235681	HEALTHY	0	-1.450143139244021
fame	NSCLC	test	HRR1235682	HEALTHY	0	-1.0000270661843622
fame	NSCLC	test	HRR1235684	HEALTHY	0	-1.1459107559059598
fame	NSCLC	test	HRR1235700	HEALTHY	0	-2.273630179286965
fame	NSCLC	test	HRR1235701	HEALTHY	0	-1.1060608230708535
fame	NSCLC	test	HRR1235702	HEALTHY	0	-2.8724920507402443
fame	NSCLC	test	HRR1235705	HEALTHY	0	-1.3571172322722438
fame	NSCLC	test	HRR1235708	HEALTHY	0	1.1312270590806264
fame	NSCLC	test	HRR1235717	HEALTHY	0	-0.287671795934175
fame	NSCLC	test	HRR1235718	HEALTHY	0	-3.0686253166280464
fame	NSCLC	test	HRR1235721	HEALTHY	0	-0.1637735109374689
fame	NSCLC	test	HRR1235724	HEALTHY	0	0.1908362735569395
fame	NSCLC	test	HRR1235725	HEALTHY	0	-1.2843269443197072
fame	NSCLC	test	HRR1235729	HEALTHY	0	-2.8809755824052248
fame	NSCLC	test	HRR1235730	HEALTHY	0	0.5689349193790829
fame	NSCLC	test	HRR1235735	HEALTHY	0	-1.257432678535734
fame	NSCLC	test	HRR1235736	HEALTHY	0	-0.7461658414458456
fame	NSCLC	test	HRR1235741	HEALTHY	0	-0.3043477244889589
fame	NSCLC	test	HRR1235742	HEALTHY	0	-1.6032258159983843
fame	NSCLC	test	HRR1235748	HEALTHY	0	-0.7634650473443575
fame	NSCLC	test	HRR1235749	HEALTHY	0	-1.7674187181051737
fame	NSCLC	test	HRR1235750	HEALTHY	0	-2.054046914908425
fame	NSCLC	test	HRR1235752	HEALTHY	0	-0.7139199458334226
fame	NSCLC	test	HRR1235754	HEALTHY	0	-1.9468371671913227
fame	NSCLC	test	HRR1235758	HEALTHY	0	-0.8802828650543221
fame	NSCLC	test	HRR1235761	HEALTHY	0	-0.2966061160975366
fame	NSCLC	test	HRR1235762	HEALTHY	0	-1.60818928288976
fame	NSCLC	test	HRR1235766	HEALTHY	0	0.2946948437529018
fame	NSCLC	test	HRR1235778	HEALTHY	0	-1.3215276084190803
fame	NSCLC	test	HRR1235780	HEALTHY	0	-1.1506670173425202
fame	NSCLC	test	HRR1235788	HEALTHY	0	-0.6436435736658918
fame	NSCLC	test	HRR1235791	HEALTHY	0	-1.4892637418949437
fame	NSCLC	test	HRR1235792	HEALTHY	0	-2.895996204897286
fame	NSCLC	test	HRR1235794	HEALTHY	0	-1.6206301356878976
fame	NSCLC	test	HRR1235795	HEALTHY	0	0.8417794116242429
fame	NSCLC	test	HRR1235796	HEALTHY	0	-0.8334709198487824
fame	NSCLC	test	HRR1235800	HEALTHY	0	0.1171400988537223
fame	NSCLC	test	HRR1235802	HEALTHY	0	-0.9080651357992608
fame	NSCLC	test	HRR1235804	HEALTHY	0	-0.1172051599629463
fame	NSCLC	test	HRR1235806	HEALTHY	0	-0.2127786585721013
fame	NSCLC	test	HRR1235807	HEALTHY	0	-1.58334169747425
fame	NSCLC	test	HRR1235810	HEALTHY	0	-1.193450143395085
fame	NSCLC	test	HRR1235811	HEALTHY	0	-1.4889785310508197
fame	NSCLC	test	HRR1235813	HEALTHY	0	-0.2465998241401663
fame	NSCLC	test	HRR1236324	NSCLC	1	1.5124138038715922
fame	NSCLC	test	HRR1236331	NSCLC	1	1.4444533828490125
fame	NSCLC	test	HRR1236338	NSCLC	1	5.626063730872621
fame	NSCLC	test	HRR1236347	NSCLC	1	2.4699212609929706
fame	NSCLC	test	HRR1236360	NSCLC	1	-0.5789337462834361
fame	NSCLC	test	HRR1236362	NSCLC	1	0.2166632536446981
fame	NSCLC	test	HRR1236363	NSCLC	1	0.2572638753477504
fame	NSCLC	test	HRR1236366	NSCLC	1	-1.0627702845544644
fame	NSCLC	test	HRR1236367	NSCLC	1	4.125360844127395
fame	NSCLC	test	HRR1236372	NSCLC	1	2.685750786560037
fame	NSCLC	test	HRR1236373	NSCLC	1	-0.8721656361458217
fame	NSCLC	test	HRR1236375	NSCLC	1	0.80041264683577
fame	NSCLC	test	HRR1236377	NSCLC	1	-0.2828137879689568
fame	NSCLC	test	HRR1236381	NSCLC	1	1.960412957984104
fame	NSCLC	test	HRR1236382	NSCLC	1	-0.1206827496374225
fame	NSCLC	test	HRR1236387	NSCLC	1	1.7536510948349824
fame	NSCLC	test	HRR1236390	NSCLC	1	-0.6955934463550119
fame	NSCLC	test	HRR1236399	NSCLC	1	7.788225903331908
fame	NSCLC	test	HRR1236401	NSCLC	1	0.3899888175892273
fame	NSCLC	test	HRR1236403	NSCLC	1	0.8746745093174344
fame	NSCLC	test	HRR1236405	NSCLC	1	0.7475952865020967
fame	NSCLC	test	HRR1236407	NSCLC	1	1.4056869264706462
fame	NSCLC	test	HRR1236410	NSCLC	1	3.9212134301967776
fame	NSCLC	test	HRR1236411	NSCLC	1	1.6045970587517606
fame	NSCLC	test	HRR1236415	NSCLC	1	-1.266764569579791
fame	NSCLC	test	HRR1236416	NSCLC	1	7.25501623443821
fame	NSCLC	test	HRR1236418	NSCLC	1	-0.3173858485667311
fame	NSCLC	test	HRR1236422	NSCLC	1	0.3560320352158648
fame	NSCLC	test	HRR1236423	NSCLC	1	0.774984587561421
fame	NSCLC	test	HRR1236425	NSCLC	1	3.054517878473667
fame	NSCLC	test	HRR1236427	NSCLC	1	1.5787440986822443
fame	NSCLC	test	HRR1236431	NSCLC	1	-0.5457306268224648
fame	NSCLC	test	HRR1236433	NSCLC	1	-0.1737798139747191
fame	NSCLC	test	HRR1236440	NSCLC	1	3.022734745699484
fame	NSCLC	test	HRR1236446	NSCLC	1	0.6596998271066113
fame	NSCLC	test	HRR1236448	NSCLC	1	2.2374510561939798
fame	NSCLC	test	HRR1236450	NSCLC	1	2.358014091976377
fame	NSCLC	test	HRR1236452	NSCLC	1	2.6864176902845607
fame	NSCLC	test	HRR1236454	NSCLC	1	4.269939964145223
fame	NSCLC	test	HRR1236456	NSCLC	1	1.4736941886100403
fame	NSCLC	test	HRR1236457	NSCLC	1	2.4481600184223407
fame	NSCLC	test	HRR1236458	NSCLC	1	7.712533565790338
fame	NSCLC	test	HRR1236459	NSCLC	1	5.270473831576978
fame	NSCLC	test	HRR1236463	NSCLC	1	6.511935835329533
fame	NSCLC	test	HRR1236468	NSCLC	1	9.194590191817824
fame	NSCLC	test	HRR1236474	NSCLC	1	24.001368831156714
fame	NSCLC	test	HRR1236476	NSCLC	1	0.514151470774282
fame	PACA	cv	HRR1235319	HEALTHY	0	-2.488207056590688
fame	PACA	cv	HRR1235320	HEALTHY	0	-1.2837837993428227
fame	PACA	cv	HRR1235321	HEALTHY	0	-1.714560160158542
fame	PACA	cv	HRR1235322	HEALTHY	0	-1.5466227395782228
fame	PACA	cv	HRR1235323	HEALTHY	0	1.8060485438811869
fame	PACA	cv	HRR1235325	HEALTHY	0	-2.9865800972647127
fame	PACA	cv	HRR1235326	HEALTHY	0	-4.923245585825192
fame	PACA	cv	HRR1235327	HEALTHY	0	-2.989842332318132
fame	PACA	cv	HRR1235328	HEALTHY	0	-2.593289064127078
fame	PACA	cv	HRR1235330	HEALTHY	0	-1.8112688334844276
fame	PACA	cv	HRR1235331	HEALTHY	0	-2.826014071577581
fame	PACA	cv	HRR1235332	HEALTHY	0	-4.303773599383431
fame	PACA	cv	HRR1235334	HEALTHY	0	-0.7272803477121703
fame	PACA	cv	HRR1235335	HEALTHY	0	-0.4131003210546078
fame	PACA	cv	HRR1235337	HEALTHY	0	-2.0831914857256577
fame	PACA	cv	HRR1235339	HEALTHY	0	-3.4215429013665397
fame	PACA	cv	HRR1235340	HEALTHY	0	-2.0196399434646675
fame	PACA	cv	HRR1235341	HEALTHY	0	-4.198162304341111
fame	PACA	cv	HRR1235342	HEALTHY	0	-3.407930983034388
fame	PACA	cv	HRR1235343	HEALTHY	0	-0.9430823465190604
fame	PACA	cv	HRR1235344	HEALTHY	0	-3.662846806744104
fame	PACA	cv	HRR1235345	HEALTHY	0	-0.3084606728459853
fame	PACA	cv	HRR1235346	HEALTHY	0	-4.14850742043506
fame	PACA	cv	HRR1235347	HEALTHY	0	-2.510831204725499
fame	PACA	cv	HRR1235349	HEALTHY	0	-4.421189344848539
fame	PACA	cv	HRR1235350	HEALTHY	0	0.1870954186339369
fame	PACA	cv	HRR1235351	HEALTHY	0	-4.639931888690767
fame	PACA	cv	HRR1235352	HEALTHY	0	-2.211114066340581
fame	PACA	cv	HRR1235353	HEALTHY	0	-2.192098970740209
fame	PACA	cv	HRR1235354	HEALTHY	0	-0.9751933802957906
fame	PACA	cv	HRR1235355	HEALTHY	0	-2.2880886928915194
fame	PACA	cv	HRR1235356	HEALTHY	0	-1.5917495813365088
fame	PACA	cv	HRR1235357	HEALTHY	0	-0.8007839353198852
fame	PACA	cv	HRR1235358	HEALTHY	0	-1.9301217766541017
fame	PACA	cv	HRR1235359	HEALTHY	0	-1.1778342248569005
fame	PACA	cv	HRR1235360	HEALTHY	0	-3.933365079455231
fame	PACA	cv	HRR1235361	HEALTHY	0	-2.7808989255745
fame	PACA	cv	HRR1235363	HEALTHY	0	-2.8132511055438667
fame	PACA	cv	HRR1235364	HEALTHY	0	-2.362495613010287
fame	PACA	cv	HRR1235365	HEALTHY	0	-3.890315799741316
fame	PACA	cv	HRR1235367	HEALTHY	0	-0.2811157473007255
fame	PACA	cv	HRR1235368	HEALTHY	0	-3.7777717272742426
fame	PACA	cv	HRR1235369	HEALTHY	0	-0.563068698372833
fame	PACA	cv	HRR1235370	HEALTHY	0	-3.745705006952463
fame	PACA	cv	HRR1235371	HEALTHY	0	-1.8366005705184767
fame	PACA	cv	HRR1235372	HEALTHY	0	-3.778387700554606
fame	PACA	cv	HRR1235373	HEALTHY	0	-1.4111911675288793
fame	PACA	cv	HRR1235374	HEALTHY	0	-2.335938894658927
fame	PACA	cv	HRR1235375	HEALTHY	0	-4.612818203756936
fame	PACA	cv	HRR1235376	HEALTHY	0	-4.061889384266018
fame	PACA	cv	HRR1235377	HEALTHY	0	-3.431355723498165
fame	PACA	cv	HRR1235378	HEALTHY	0	-2.5751413693685903
fame	PACA	cv	HRR1235380	HEALTHY	0	-4.597430291949363
fame	PACA	cv	HRR1235381	HEALTHY	0	-3.296774166916874
fame	PACA	cv	HRR1235382	HEALTHY	0	-3.087794842399122
fame	PACA	cv	HRR1235383	HEALTHY	0	-6.229204639859002
fame	PACA	cv	HRR1235384	HEALTHY	0	-0.0913150974572767
fame	PACA	cv	HRR1235386	HEALTHY	0	-3.014425976881692
fame	PACA	cv	HRR1235387	HEALTHY	0	-4.442431436470413
fame	PACA	cv	HRR1235388	HEALTHY	0	0.3304207099780666
fame	PACA	cv	HRR1235389	HEALTHY	0	-2.8803615457624216
fame	PACA	cv	HRR1235390	HEALTHY	0	-4.761028864795261
fame	PACA	cv	HRR1235391	HEALTHY	0	-3.222339659914448
fame	PACA	cv	HRR1235392	HEALTHY	0	-2.571563749203018
fame	PACA	cv	HRR1235393	HEALTHY	0	-2.1247937054563897
fame	PACA	cv	HRR1235395	HEALTHY	0	-1.8551825218154443
fame	PACA	cv	HRR1235396	HEALTHY	0	-3.967021432044604
fame	PACA	cv	HRR1235397	HEALTHY	0	-4.49841698146344
fame	PACA	cv	HRR1235400	HEALTHY	0	-3.907064988312909
fame	PACA	cv	HRR1235401	HEALTHY	0	-5.0823562493261925
fame	PACA	cv	HRR1235403	HEALTHY	0	-2.4508997882980927
fame	PACA	cv	HRR1235404	HEALTHY	0	-4.762452137307085
fame	PACA	cv	HRR1235405	HEALTHY	0	-3.858931069418353
fame	PACA	cv	HRR1235406	HEALTHY	0	-0.454337071393513
fame	PACA	cv	HRR1235407	HEALTHY	0	-3.591437231493737
fame	PACA	cv	HRR1235408	HEALTHY	0	-2.9068746182027074
fame	PACA	cv	HRR1235409	HEALTHY	0	0.0785892678083096
fame	PACA	cv	HRR1235411	HEALTHY	0	0.0338869209883889
fame	PACA	cv	HRR1235412	HEALTHY	0	-3.084900832557305
fame	PACA	cv	HRR1235413	HEALTHY	0	-4.052164502108877
fame	PACA	cv	HRR1235415	HEALTHY	0	-3.0969383985858925
fame	PACA	cv	HRR1235417	HEALTHY	0	-3.115267446498417
fame	PACA	cv	HRR1235418	HEALTHY	0	-3.292544029161188
fame	PACA	cv	HRR1235419	HEALTHY	0	-0.3108287897982776
fame	PACA	cv	HRR1235420	HEALTHY	0	-3.887382927882915
fame	PACA	cv	HRR1235422	HEALTHY	0	-0.7908097903397444
fame	PACA	cv	HRR1235423	HEALTHY	0	-5.967395254937134
fame	PACA	cv	HRR1235425	HEALTHY	0	-4.211080550869537
fame	PACA	cv	HRR1235426	HEALTHY	0	-5.946409694458628
fame	PACA	cv	HRR1235427	HEALTHY	0	-3.286378221149478
fame	PACA	cv	HRR1235428	HEALTHY	0	-1.4423626869891168
fame	PACA	cv	HRR1235429	HEALTHY	0	-2.8314119158979763
fame	PACA	cv	HRR1235430	HEALTHY	0	-1.454416236832977
fame	PACA	cv	HRR1235431	HEALTHY	0	-2.9452245485249087
fame	PACA	cv	HRR1235432	HEALTHY	0	-4.257043146717824
fame	PACA	cv	HRR1235433	HEALTHY	0	-4.1044484065304125
fame	PACA	cv	HRR1235435	HEALTHY	0	-2.544867574479472
fame	PACA	cv	HRR1235436	HEALTHY	0	-5.3242176042713
fame	PACA	cv	HRR1235437	HEALTHY	0	-3.0111761782424136
fame	PACA	cv	HRR1235438	HEALTHY	0	-2.6101101192277985
fame	PACA	cv	HRR1235439	HEALTHY	0	-2.624113393843756
fame	PACA	cv	HRR1235440	HEALTHY	0	-2.6075228718041066
fame	PACA	cv	HRR1235441	HEALTHY	0	-2.9827685861116366
fame	PACA	cv	HRR1235442	HEALTHY	0	-4.076183118105934
fame	PACA	cv	HRR1235443	HEALTHY	0	-2.1495763776693844
fame	PACA	cv	HRR1235444	HEALTHY	0	-3.059972110988074
fame	PACA	cv	HRR1235445	HEALTHY	0	-3.846734000170199
fame	PACA	cv	HRR1235446	HEALTHY	0	-1.154539484264625
fame	PACA	cv	HRR1235447	HEALTHY	0	-1.821359220570164
fame	PACA	cv	HRR1235448	HEALTHY	0	-3.240271381163533
fame	PACA	cv	HRR1235449	HEALTHY	0	-2.2723680045551893
fame	PACA	cv	HRR1235450	HEALTHY	0	-4.546830199534364
fame	PACA	cv	HRR1235451	HEALTHY	0	0.8524765656484081
fame	PACA	cv	HRR1235452	HEALTHY	0	-3.2438355770170566
fame	PACA	cv	HRR1235453	HEALTHY	0	-5.733513284695273
fame	PACA	cv	HRR1235455	HEALTHY	0	-3.77698244179392
fame	PACA	cv	HRR1235456	HEALTHY	0	-5.540097671870547
fame	PACA	cv	HRR1235457	HEALTHY	0	-1.2393045207644295
fame	PACA	cv	HRR1235458	HEALTHY	0	-2.204997045029265
fame	PACA	cv	HRR1235459	HEALTHY	0	-5.838652814034297
fame	PACA	cv	HRR1235460	HEALTHY	0	-3.826264670935202
fame	PACA	cv	HRR1235461	HEALTHY	0	-3.398282434959418
fame	PACA	cv	HRR1235463	HEALTHY	0	-4.174099564022636
fame	PACA	cv	HRR1235464	HEALTHY	0	-2.759714966871792
fame	PACA	cv	HRR1235465	HEALTHY	0	-3.459911647557139
fame	PACA	cv	HRR1235466	HEALTHY	0	-1.3176645915906
fame	PACA	cv	HRR1235467	HEALTHY	0	-0.2563686183871491
fame	PACA	cv	HRR1235468	HEALTHY	0	-2.9655422581931083
fame	PACA	cv	HRR1235469	HEALTHY	0	-2.9201428822410422
fame	PACA	cv	HRR1235470	HEALTHY	0	-4.936077276154109
fame	PACA	cv	HRR1235472	HEALTHY	0	-3.648851786581385
fame	PACA	cv	HRR1235473	HEALTHY	0	-4.528735115398431
fame	PACA	cv	HRR1235474	HEALTHY	0	-4.392701122450426
fame	PACA	cv	HRR1235475	HEALTHY	0	-4.273333823660547
fame	PACA	cv	HRR1235478	HEALTHY	0	-0.1325567464798434
fame	PACA	cv	HRR1235481	HEALTHY	0	-5.0886116957913305
fame	PACA	cv	HRR1235482	HEALTHY	0	-3.699019387651065
fame	PACA	cv	HRR1235483	HEALTHY	0	0.5209635733483137
fame	PACA	cv	HRR1235486	HEALTHY	0	-1.5714474830716942
fame	PACA	cv	HRR1235488	HEALTHY	0	-5.575821250107411
fame	PACA	cv	HRR1235489	HEALTHY	0	-3.9776741741681385
fame	PACA	cv	HRR1235490	HEALTHY	0	-1.836585324844818
fame	PACA	cv	HRR1235491	HEALTHY	0	0.4351498017825652
fame	PACA	cv	HRR1235492	HEALTHY	0	-5.031984423386918
fame	PACA	cv	HRR1235493	HEALTHY	0	-4.499819425208464
fame	PACA	cv	HRR1235497	HEALTHY	0	-2.77329726081979
fame	PACA	cv	HRR1235498	HEALTHY	0	-2.204213078260789
fame	PACA	cv	HRR1235499	HEALTHY	0	-4.049044880631968
fame	PACA	cv	HRR1235500	HEALTHY	0	-5.591446490633704
fame	PACA	cv	HRR1235501	HEALTHY	0	-2.291457253413666
fame	PACA	cv	HRR1235502	HEALTHY	0	-2.8662369456831533
fame	PACA	cv	HRR1235503	HEALTHY	0	-3.832693385248048
fame	PACA	cv	HRR1235504	HEALTHY	0	-3.819490920878682
fame	PACA	cv	HRR1235505	HEALTHY	0	-2.321730851664981
fame	PACA	cv	HRR1235506	HEALTHY	0	-2.451674194107209
fame	PACA	cv	HRR1235508	HEALTHY	0	-5.125234652385308
fame	PACA	cv	HRR1235510	HEALTHY	0	-5.360743533064336
fame	PACA	cv	HRR1235511	HEALTHY	0	-2.162694191079692
fame	PACA	cv	HRR1235513	HEALTHY	0	-1.554939869780994
fame	PACA	cv	HRR1235514	HEALTHY	0	-2.3241594415930167
fame	PACA	cv	HRR1235515	HEALTHY	0	-2.583760715772069
fame	PACA	cv	HRR1235516	HEALTHY	0	-4.700373753287263
fame	PACA	cv	HRR1235517	HEALTHY	0	-0.5242351795901858
fame	PACA	cv	HRR1235518	HEALTHY	0	-2.17196971597444
fame	PACA	cv	HRR1235519	HEALTHY	0	-2.5749420898466826
fame	PACA	cv	HRR1235520	HEALTHY	0	-3.0724261400740964
fame	PACA	cv	HRR1235521	HEALTHY	0	-2.00563570559226
fame	PACA	cv	HRR1235522	HEALTHY	0	-2.824226255679423
fame	PACA	cv	HRR1235523	HEALTHY	0	0.5647844488508985
fame	PACA	cv	HRR1235524	HEALTHY	0	-4.779653857413448
fame	PACA	cv	HRR1235525	HEALTHY	0	-3.6949493249826975
fame	PACA	cv	HRR1235526	HEALTHY	0	-3.0781778216169995
fame	PACA	cv	HRR1235527	HEALTHY	0	-1.2756477940731652
fame	PACA	cv	HRR1235528	HEALTHY	0	-1.4192843860438815
fame	PACA	cv	HRR1235529	HEALTHY	0	-1.9538261102419177
fame	PACA	cv	HRR1235530	HEALTHY	0	-1.2294933326962485
fame	PACA	cv	HRR1235531	HEALTHY	0	-2.0765932459373704
fame	PACA	cv	HRR1235532	HEALTHY	0	-3.365354562558764
fame	PACA	cv	HRR1235533	HEALTHY	0	-0.9859335896479406
fame	PACA	cv	HRR1235534	HEALTHY	0	-1.565861610685781
fame	PACA	cv	HRR1235535	HEALTHY	0	-3.340061803456837
fame	PACA	cv	HRR1235536	HEALTHY	0	-3.5884283737316576
fame	PACA	cv	HRR1235537	HEALTHY	0	-4.022433682560953
fame	PACA	cv	HRR1235538	HEALTHY	0	-2.850218583257659
fame	PACA	cv	HRR1235539	HEALTHY	0	-3.331268917375896
fame	PACA	cv	HRR1235540	HEALTHY	0	0.553905985390518
fame	PACA	cv	HRR1235541	HEALTHY	0	-4.460602293654305
fame	PACA	cv	HRR1235542	HEALTHY	0	-3.616223636990605
fame	PACA	cv	HRR1235544	HEALTHY	0	-3.2465258442886875
fame	PACA	cv	HRR1235545	HEALTHY	0	0.0463565999843553
fame	PACA	cv	HRR1235546	HEALTHY	0	-5.353398583489784
fame	PACA	cv	HRR1235547	HEALTHY	0	-1.809607754198681
fame	PACA	cv	HRR1235548	HEALTHY	0	-2.6127094659893157
fame	PACA	cv	HRR1235549	HEALTHY	0	-0.5737612151997262
fame	PACA	cv	HRR1235598	HEALTHY	0	-2.315294819858657
fame	PACA	cv	HRR1235599	HEALTHY	0	0.3002069871180585
fame	PACA	cv	HRR1235600	HEALTHY	0	-1.451980069530765
fame	PACA	cv	HRR1235601	HEALTHY	0	-0.3000660785367587
fame	PACA	cv	HRR1235602	HEALTHY	0	0.9682044005953108
fame	PACA	cv	HRR1235603	HEALTHY	0	-0.4931128116324362
fame	PACA	cv	HRR1235604	HEALTHY	0	-1.2544259474583517
fame	PACA	cv	HRR1235605	HEALTHY	0	-0.3696042133515804
fame	PACA	cv	HRR1235606	HEALTHY	0	-2.9278258281562417
fame	PACA	cv	HRR1235607	HEALTHY	0	-2.700901501852635
fame	PACA	cv	HRR1235608	HEALTHY	0	-2.343705288442216
fame	PACA	cv	HRR1235609	HEALTHY	0	-1.976087647836696
fame	PACA	cv	HRR1235610	HEALTHY	0	-1.9412295684745111
fame	PACA	cv	HRR1235611	HEALTHY	0	-2.27656883893462
fame	PACA	cv	HRR1235612	HEALTHY	0	-2.9365678912441475
fame	PACA	cv	HRR1235613	HEALTHY	0	-3.354595699883302
fame	PACA	cv	HRR1235614	HEALTHY	0	-1.4515677435428398
fame	PACA	cv	HRR1235615	HEALTHY	0	-0.4679993096787244
fame	PACA	cv	HRR1235616	HEALTHY	0	-2.0629432063176645
fame	PACA	cv	HRR1235617	HEALTHY	0	0.7742510776755437
fame	PACA	cv	HRR1235618	HEALTHY	0	-1.346880958837526
fame	PACA	cv	HRR1235619	HEALTHY	0	-3.790768909805149
fame	PACA	cv	HRR1235620	HEALTHY	0	-0.6912518004792562
fame	PACA	cv	HRR1235622	HEALTHY	0	-1.4673246788656646
fame	PACA	cv	HRR1235623	HEALTHY	0	-0.968171703973441
fame	PACA	cv	HRR1235624	HEALTHY	0	0.6192318428997771
fame	PACA	cv	HRR1235625	HEALTHY	0	-2.509766060244123
fame	PACA	cv	HRR1235627	HEALTHY	0	-2.208958948197849
fame	PACA	cv	HRR1235628	HEALTHY	0	-2.4210037887553137
fame	PACA	cv	HRR1235631	HEALTHY	0	-2.910033578582273
fame	PACA	cv	HRR1235632	HEALTHY	0	-1.7129942941872964
fame	PACA	cv	HRR1235633	HEALTHY	0	-3.158714589902007
fame	PACA	cv	HRR1235634	HEALTHY	0	-1.35412183626809
fame	PACA	cv	HRR1235635	HEALTHY	0	-2.52674575760783
fame	PACA	cv	HRR1235636	HEALTHY	0	-3.194484251255876
fame	PACA	cv	HRR1235637	HEALTHY	0	-1.6549623630823689
fame	PACA	cv	HRR1235638	HEALTHY	0	-2.7199027631460333
fame	PACA	cv	HRR1235639	HEALTHY	0	-1.1293798397514023
fame	PACA	cv	HRR1235641	HEALTHY	0	-2.313681908203385
fame	PACA	cv	HRR1235642	HEALTHY	0	-2.411163464051852
fame	PACA	cv	HRR1235644	HEALTHY	0	-0.9241370066951646
fame	PACA	cv	HRR1235645	HEALTHY	0	-3.216575278191992
fame	PACA	cv	HRR1235646	HEALTHY	0	-0.7221436448557632
fame	PACA	cv	HRR1235647	HEALTHY	0	-3.425326804744403
fame	PACA	cv	HRR1235648	HEALTHY	0	-2.466749037573056
fame	PACA	cv	HRR1235650	HEALTHY	0	-3.264462370391253
fame	PACA	cv	HRR1235653	HEALTHY	0	-2.792130873262804
fame	PACA	cv	HRR1235655	HEALTHY	0	-0.9067467492549208
fame	PACA	cv	HRR1235657	HEALTHY	0	-1.212901222795759
fame	PACA	cv	HRR1235658	HEALTHY	0	-4.524231957888346
fame	PACA	cv	HRR1235661	HEALTHY	0	-3.701144598173823
fame	PACA	cv	HRR1235662	HEALTHY	0	-1.978768338199284
fame	PACA	cv	HRR1235663	HEALTHY	0	-4.428920370048317
fame	PACA	cv	HRR1235665	HEALTHY	0	-0.445251586740045
fame	PACA	cv	HRR1235667	HEALTHY	0	0.122120116670764
fame	PACA	cv	HRR1235669	HEALTHY	0	-2.7385517165733053
fame	PACA	cv	HRR1235670	HEALTHY	0	-1.6265210085431925
fame	PACA	cv	HRR1235671	HEALTHY	0	-2.3991551672487472
fame	PACA	cv	HRR1235672	HEALTHY	0	-1.5612881763861912
fame	PACA	cv	HRR1235673	HEALTHY	0	-2.8006088266782765
fame	PACA	cv	HRR1235674	HEALTHY	0	-2.6025796731981417
fame	PACA	cv	HRR1235675	HEALTHY	0	0.6882425394677898
fame	PACA	cv	HRR1235676	HEALTHY	0	-1.1613054501174735
fame	PACA	cv	HRR1235677	HEALTHY	0	-2.345270894144412
fame	PACA	cv	HRR1235678	HEALTHY	0	-3.959777177440755
fame	PACA	cv	HRR1235679	HEALTHY	0	1.1668008738419715
fame	PACA	cv	HRR1235680	HEALTHY	0	-1.488179536975772
fame	PACA	cv	HRR1235683	HEALTHY	0	-3.0359759505085684
fame	PACA	cv	HRR1235685	HEALTHY	0	-3.174352461557441
fame	PACA	cv	HRR1235686	HEALTHY	0	1.016918518173361
fame	PACA	cv	HRR1235687	HEALTHY	0	-2.3439581981544797
fame	PACA	cv	HRR1235688	HEALTHY	0	-4.424204290733848
fame	PACA	cv	HRR1235689	HEALTHY	0	-2.8391511203802478
fame	PACA	cv	HRR1235690	HEALTHY	0	-2.16225158773662
fame	PACA	cv	HRR1235691	HEALTHY	0	-0.5316633618637937
fame	PACA	cv	HRR1235692	HEALTHY	0	-2.538680522075042
fame	PACA	cv	HRR1235693	HEALTHY	0	-3.5840798927118733
fame	PACA	cv	HRR1235694	HEALTHY	0	-3.5944882963032447
fame	PACA	cv	HRR1235695	HEALTHY	0	-1.9183569101618416
fame	PACA	cv	HRR1235696	HEALTHY	0	0.8036202152153422
fame	PACA	cv	HRR1235697	HEALTHY	0	-1.9994754135252717
fame	PACA	cv	HRR1235698	HEALTHY	0	-2.848661771477114
fame	PACA	cv	HRR1235699	HEALTHY	0	-0.8604236290669464
fame	PACA	cv	HRR1235703	HEALTHY	0	-1.0517728549893155
fame	PACA	cv	HRR1235704	HEALTHY	0	-3.860750417335946
fame	PACA	cv	HRR1235706	HEALTHY	0	-0.948263741041102
fame	PACA	cv	HRR1235707	HEALTHY	0	-2.919104102128327
fame	PACA	cv	HRR1235709	HEALTHY	0	-2.3880214384105054
fame	PACA	cv	HRR1235710	HEALTHY	0	0.264014088528846
fame	PACA	cv	HRR1235711	HEALTHY	0	-1.7142653743472258
fame	PACA	cv	HRR1235712	HEALTHY	0	-2.008315070099242
fame	PACA	cv	HRR1235713	HEALTHY	0	-1.2937071244842564
fame	PACA	cv	HRR1235714	HEALTHY	0	-0.8073187746699602
fame	PACA	cv	HRR1235715	HEALTHY	0	-4.128435701138204
fame	PACA	cv	HRR1235716	HEALTHY	0	-3.7495766699982975
fame	PACA	cv	HRR1235719	HEALTHY	0	-2.925962480627911
fame	PACA	cv	HRR1235720	HEALTHY	0	-3.8212735529666433
fame	PACA	cv	HRR1235722	HEALTHY	0	-4.024864910566334
fame	PACA	cv	HRR1235723	HEALTHY	0	-1.1961590201710637
fame	PACA	cv	HRR1235726	HEALTHY	0	-1.970488333372821
fame	PACA	cv	HRR1235727	HEALTHY	0	-2.1341710188667244
fame	PACA	cv	HRR1235728	HEALTHY	0	-3.122337051513302
fame	PACA	cv	HRR1235731	HEALTHY	0	-3.675408887104637
fame	PACA	cv	HRR1235732	HEALTHY	0	-4.522691238994803
fame	PACA	cv	HRR1235733	HEALTHY	0	-0.5064445334854365
fame	PACA	cv	HRR1235734	HEALTHY	0	-1.5329756760929016
fame	PACA	cv	HRR1235737	HEALTHY	0	-0.2249874582922413
fame	PACA	cv	HRR1235738	HEALTHY	0	-3.888855713761043
fame	PACA	cv	HRR1235739	HEALTHY	0	-2.477810478164798
fame	PACA	cv	HRR1235740	HEALTHY	0	-2.4430511347696964
fame	PACA	cv	HRR1235743	HEALTHY	0	-1.3665696607093645
fame	PACA	cv	HRR1235744	HEALTHY	0	-2.960452606983223
fame	PACA	cv	HRR1235745	HEALTHY	0	-2.5219211648591884
fame	PACA	cv	HRR1235746	HEALTHY	0	-0.6649984555775266
fame	PACA	cv	HRR1235747	HEALTHY	0	-1.366052670823268
fame	PACA	cv	HRR1235751	HEALTHY	0	-0.2591453000560224
fame	PACA	cv	HRR1235753	HEALTHY	0	-2.421960589424822
fame	PACA	cv	HRR1235755	HEALTHY	0	-4.4549947484919645
fame	PACA	cv	HRR1235756	HEALTHY	0	-1.8425155709771173
fame	PACA	cv	HRR1235757	HEALTHY	0	-1.3500169037500254
fame	PACA	cv	HRR1235759	HEALTHY	0	-0.9732023367065784
fame	PACA	cv	HRR1235760	HEALTHY	0	-5.46729382796957
fame	PACA	cv	HRR1235763	HEALTHY	0	-3.2179920208418302
fame	PACA	cv	HRR1235764	HEALTHY	0	-2.4870629097514234
fame	PACA	cv	HRR1235765	HEALTHY	0	-1.677286020498525
fame	PACA	cv	HRR1235767	HEALTHY	0	-3.99438796427166
fame	PACA	cv	HRR1235768	HEALTHY	0	-1.593267182487109
fame	PACA	cv	HRR1235769	HEALTHY	0	-2.71529217075328
fame	PACA	cv	HRR1235770	HEALTHY	0	-2.6053507932179305
fame	PACA	cv	HRR1235771	HEALTHY	0	-1.2794417539194056
fame	PACA	cv	HRR1235772	HEALTHY	0	-2.709598985250566
fame	PACA	cv	HRR1235773	HEALTHY	0	-1.7795054144200466
fame	PACA	cv	HRR1235774	HEALTHY	0	-1.404744539800279
fame	PACA	cv	HRR1235775	HEALTHY	0	-1.4162148588547503
fame	PACA	cv	HRR1235776	HEALTHY	0	-1.6530236489676886
fame	PACA	cv	HRR1235777	HEALTHY	0	-1.3328766133625227
fame	PACA	cv	HRR1235779	HEALTHY	0	-5.306286646134219
fame	PACA	cv	HRR1235781	HEALTHY	0	-0.8606865432195798
fame	PACA	cv	HRR1235782	HEALTHY	0	-1.4173144297714702
fame	PACA	cv	HRR1235783	HEALTHY	0	-2.9583679602102904
fame	PACA	cv	HRR1235784	HEALTHY	0	-2.5466926135364787
fame	PACA	cv	HRR1235785	HEALTHY	0	-3.654429722981635
fame	PACA	cv	HRR1235786	HEALTHY	0	-1.031931381244508
fame	PACA	cv	HRR1235787	HEALTHY	0	-2.4019695074546883
fame	PACA	cv	HRR1235789	HEALTHY	0	-1.60241358259066
fame	PACA	cv	HRR1235790	HEALTHY	0	-1.181299437745184
fame	PACA	cv	HRR1235793	HEALTHY	0	-0.5254642511990583
fame	PACA	cv	HRR1235797	HEALTHY	0	-2.0314697366179284
fame	PACA	cv	HRR1235798	HEALTHY	0	-2.387363669139804
fame	PACA	cv	HRR1235799	HEALTHY	0	-1.510629465525002
fame	PACA	cv	HRR1235801	HEALTHY	0	-2.469443564826127
fame	PACA	cv	HRR1235803	HEALTHY	0	-1.565364359033088
fame	PACA	cv	HRR1235805	HEALTHY	0	-3.201695269474432
fame	PACA	cv	HRR1235808	HEALTHY	0	-2.82275601523821
fame	PACA	cv	HRR1235809	HEALTHY	0	-3.3799423240685584
fame	PACA	cv	HRR1235812	HEALTHY	0	-2.6237715600317344
fame	PACA	cv	HRR1235814	HEALTHY	0	-2.821465812158084
fame	PACA	cv	HRR1235815	HEALTHY	0	-3.896249705506102
fame	PACA	cv	HRR1236477	PACA	1	3.856042744219749
fame	PACA	cv	HRR1236478	PACA	1	1.9979809476781571
fame	PACA	cv	HRR1236479	PACA	1	5.594425194142069
fame	PACA	cv	HRR1236481	PACA	1	-0.1606476128762071
fame	PACA	cv	HRR1236482	PACA	1	0.6464271282258723
fame	PACA	cv	HRR1236484	PACA	1	0.3312691615366637
fame	PACA	cv	HRR1236485	PACA	1	9.254960655296042
fame	PACA	cv	HRR1236486	PACA	1	-1.0868155778002746
fame	PACA	cv	HRR1236487	PACA	1	0.315401013908684
fame	PACA	cv	HRR1236490	PACA	1	3.0465506484281755
fame	PACA	cv	HRR1236491	PACA	1	6.680644943944686
fame	PACA	cv	HRR1236493	PACA	1	5.885640388933747
fame	PACA	cv	HRR1236494	PACA	1	0.8862174644067823
fame	PACA	cv	HRR1236495	PACA	1	-1.253445022930278
fame	PACA	cv	HRR1236497	PACA	1	6.302281569986436
fame	PACA	cv	HRR1236500	PACA	1	2.703605717888338
fame	PACA	cv	HRR1236501	PACA	1	6.253000792914016
fame	PACA	cv	HRR1236502	PACA	1	3.591952805525065
fame	PACA	cv	HRR1236503	PACA	1	-0.7698054019234529
fame	PACA	cv	HRR1236504	PACA	1	5.945678712791847
fame	PACA	cv	HRR1236505	PACA	1	5.471972185353682
fame	PACA	cv	HRR1236506	PACA	1	2.133949667753217
fame	PACA	cv	HRR1236507	PACA	1	1.5197391650182142
fame	PACA	cv	HRR1236511	PACA	1	1.959467137452699
fame	PACA	cv	HRR1236512	PACA	1	2.693722852304157
fame	PACA	cv	HRR1236513	PACA	1	-0.507869893405308
fame	PACA	cv	HRR1236514	PACA	1	7.0497833013145
fame	PACA	cv	HRR1236515	PACA	1	8.222458110906967
fame	PACA	cv	HRR1236516	PACA	1	7.261618132714183
fame	PACA	cv	HRR1236517	PACA	1	12.306583616422948
fame	PACA	cv	HRR1236518	PACA	1	-0.2207919875567561
fame	PACA	cv	HRR1236519	PACA	1	6.763642522759648
fame	PACA	cv	HRR1236520	PACA	1	6.146348928758068
fame	PACA	cv	HRR1236521	PACA	1	6.289848721323141
fame	PACA	cv	HRR1236522	PACA	1	2.782470847405473
fame	PACA	cv	HRR1236523	PACA	1	0.1280049952978373
fame	PACA	cv	HRR1236524	PACA	1	7.231574588181458
fame	PACA	cv	HRR1236526	PACA	1	10.877787137928935
fame	PACA	cv	HRR1236527	PACA	1	3.2825064251101868
fame	PACA	cv	HRR1236529	PACA	1	1.6418708081753364
fame	PACA	cv	HRR1236530	PACA	1	9.133127289501797
fame	PACA	cv	HRR1236531	PACA	1	12.513677095678275
fame	PACA	cv	HRR1236534	PACA	1	0.553265911426513
fame	PACA	cv	HRR1236536	PACA	1	9.22262305683022
fame	PACA	cv	HRR1236537	PACA	1	-0.0321471255489207
fame	PACA	cv	HRR1236538	PACA	1	4.51138669938167
fame	PACA	cv	HRR1236540	PACA	1	12.920718508587916
fame	PACA	cv	HRR1236542	PACA	1	1.50800802865838
fame	PACA	cv	HRR1236543	PACA	1	9.877986452162649
fame	PACA	cv	HRR1236545	PACA	1	6.519137237267294
fame	PACA	cv	HRR1236547	PACA	1	15.959352842220008
fame	PACA	cv	HRR1236548	PACA	1	1.0854254430671195
fame	PACA	cv	HRR1236549	PACA	1	3.2867094079988703
fame	PACA	cv	HRR1236550	PACA	1	5.971999492885875
fame	PACA	cv	HRR1236551	PACA	1	3.4643717090065733
fame	PACA	cv	HRR1236552	PACA	1	1.5575239023753058
fame	PACA	cv	HRR1236553	PACA	1	0.0825444498742794
fame	PACA	cv	HRR1236554	PACA	1	4.324746721092393
fame	PACA	cv	HRR1236555	PACA	1	5.270647999268764
fame	PACA	cv	HRR1236556	PACA	1	15.23129707332138
fame	PACA	cv	HRR1236557	PACA	1	8.9154897106639
fame	PACA	cv	HRR1236558	PACA	1	2.240440605484388
fame	PACA	cv	HRR1236559	PACA	1	2.5012654828829968
fame	PACA	cv	HRR1236561	PACA	1	1.0827373833629292
fame	PACA	cv	HRR1236562	PACA	1	5.887408684488944
fame	PACA	cv	HRR1236564	PACA	1	4.423149626039117
fame	PACA	cv	HRR1236566	PACA	1	2.913158671250073
fame	PACA	cv	HRR1236567	PACA	1	0.9806539600874652
fame	PACA	cv	HRR1236568	PACA	1	4.134453090226745
fame	PACA	cv	HRR1236570	PACA	1	1.1217288851125606
fame	PACA	cv	HRR1236571	PACA	1	6.724850857461324
fame	PACA	cv	HRR1236575	PACA	1	5.946388120857735
fame	PACA	cv	HRR1236576	PACA	1	8.274451325087789
fame	PACA	cv	HRR1236578	PACA	1	8.758821208201699
fame	PACA	cv	HRR1236581	PACA	1	11.439639116072115
fame	PACA	cv	HRR1236582	PACA	1	16.37525254899628
fame	PACA	cv	HRR1236583	PACA	1	15.369349218919648
fame	PACA	cv	HRR1236585	PACA	1	57.70433793360333
fame	PACA	cv	HRR1236588	PACA	1	13.98193134113746
fame	PACA	cv	HRR1236590	PACA	1	24.96089716670837
fame	PACA	cv	HRR1236593	PACA	1	19.570744793196056
fame	PACA	cv	HRR1236594	PACA	1	6.0428890293924935
fame	PACA	cv	HRR1236595	PACA	1	20.354382462744116
fame	PACA	test	HRR1235324	HEALTHY	0	-0.9659340515491558
fame	PACA	test	HRR1235329	HEALTHY	0	-2.0837963467158698
fame	PACA	test	HRR1235333	HEALTHY	0	-3.199197891302648
fame	PACA	test	HRR1235336	HEALTHY	0	-3.519497165694348
fame	PACA	test	HRR1235338	HEALTHY	0	-1.5707537513143697
fame	PACA	test	HRR1235348	HEALTHY	0	-1.375012140679822
fame	PACA	test	HRR1235362	HEALTHY	0	-3.348863468003008
fame	PACA	test	HRR1235366	HEALTHY	0	-3.2914065963326045
fame	PACA	test	HRR1235379	HEALTHY	0	-1.881454216143775
fame	PACA	test	HRR1235385	HEALTHY	0	-3.939369456541853
fame	PACA	test	HRR1235394	HEALTHY	0	-2.2609370151766908
fame	PACA	test	HRR1235398	HEALTHY	0	-1.7411776228042863
fame	PACA	test	HRR1235399	HEALTHY	0	-1.3837325563859224
fame	PACA	test	HRR1235402	HEALTHY	0	-4.36242142020993
fame	PACA	test	HRR1235410	HEALTHY	0	-3.204193286713777
fame	PACA	test	HRR1235414	HEALTHY	0	-4.003752383366366
fame	PACA	test	HRR1235416	HEALTHY	0	-2.7018831651504853
fame	PACA	test	HRR1235421	HEALTHY	0	-1.249125465196843
fame	PACA	test	HRR1235424	HEALTHY	0	-2.415678654779387
fame	PACA	test	HRR1235434	HEALTHY	0	-3.2708698035851964
fame	PACA	test	HRR1235454	HEALTHY	0	-4.9788400904708645
fame	PACA	test	HRR1235462	HEALTHY	0	-5.422592632872523
fame	PACA	test	HRR1235471	HEALTHY	0	-3.506845023128967
fame	PACA	test	HRR1235476	HEALTHY	0	-3.384296190566288
fame	PACA	test	HRR1235477	HEALTHY	0	-1.3302183050300416
fame	PACA	test	HRR1235479	HEALTHY	0	-1.758291071882022
fame	PACA	test	HRR1235480	HEALTHY	0	-4.207065301431637
fame	PACA	test	HRR1235484	HEALTHY	0	-4.511201721773194
fame	PACA	test	HRR1235485	HEALTHY	0	-3.076082382764812
fame	PACA	test	HRR1235487	HEALTHY	0	-0.1740603357191595
fame	PACA	test	HRR1235494	HEALTHY	0	-3.2580834027542784
fame	PACA	test	HRR1235495	HEALTHY	0	-1.5782490087255687
fame	PACA	test	HRR1235496	HEALTHY	0	-3.674063504389427
fame	PACA	test	HRR1235507	HEALTHY	0	-4.337251895952624
fame	PACA	test	HRR1235509	HEALTHY	0	-4.325095427602014
fame	PACA	test	HRR1235512	HEALTHY	0	-3.5822906837534245
fame	PACA	test	HRR1235543	HEALTHY	0	-4.350156031213205
fame	PACA	test	HRR1235550	HEALTHY	0	-0.3926806691881396
fame	PACA	test	HRR1235551	HEALTHY	0	-1.9362447013904616
fame	PACA	test	HRR1235552	HEALTHY	0	-2.8273044483524346
fame	PACA	test	HRR1235553	HEALTHY	0	-0.9584674582438892
fame	PACA	test	HRR1235554	HEALTHY	0	0.3782296017886831
fame	PACA	test	HRR1235555	HEALTHY	0	-0.917238970725404
fame	PACA	test	HRR1235556	HEALTHY	0	-4.887040814305545
fame	PACA	test	HRR1235557	HEALTHY	0	-2.4713575407382224
fame	PACA	test	HRR1235558	HEALTHY	0	0.2019868749385612
fame	PACA	test	HRR1235559	HEALTHY	0	-3.058967682787124
fame	PACA	test	HRR1235560	HEALTHY	0	-3.049055686766611
fame	PACA	test	HRR1235561	HEALTHY	0	-2.21822650783923
fame	PACA	test	HRR1235562	HEALTHY	0	-2.331112380791709
fame	PACA	test	HRR1235563	HEALTHY	0	-3.254659653729164
fame	PACA	test	HRR1235564	HEALTHY	0	-1.8672534832491932
fame	PACA	test	HRR1235565	HEALTHY	0	-0.6758709005882164
fame	PACA	test	HRR1235566	HEALTHY	0	0.1738206914812726
fame	PACA	test	HRR1235567	HEALTHY	0	-2.51581917442608
fame	PACA	test	HRR1235568	HEALTHY	0	-1.0522391635434236
fame	PACA	test	HRR1235569	HEALTHY	0	-1.0045320758862546
fame	PACA	test	HRR1235570	HEALTHY	0	-2.263809054479242
fame	PACA	test	HRR1235571	HEALTHY	0	-1.2550751568086769
fame	PACA	test	HRR1235572	HEALTHY	0	0.3480833283181018
fame	PACA	test	HRR1235573	HEALTHY	0	-0.4490711856225929
fame	PACA	test	HRR1235574	HEALTHY	0	-2.5933970897527105
fame	PACA	test	HRR1235575	HEALTHY	0	-1.3730397102940208
fame	PACA	test	HRR1235576	HEALTHY	0	-1.7283998819318622
fame	PACA	test	HRR1235577	HEALTHY	0	-1.132132499122811
fame	PACA	test	HRR1235578	HEALTHY	0	0.5587372330708914
fame	PACA	test	HRR1235579	HEALTHY	0	-1.3658388762502385
fame	PACA	test	HRR1235580	HEALTHY	0	-0.0460928452867235
fame	PACA	test	HRR1235581	HEALTHY	0	-2.206339543006206
fame	PACA	test	HRR1235582	HEALTHY	0	-0.1187727077881314
fame	PACA	test	HRR1235583	HEALTHY	0	-2.76142984106504
fame	PACA	test	HRR1235584	HEALTHY	0	-2.0519168347332357
fame	PACA	test	HRR1235585	HEALTHY	0	-2.2282813956183056
fame	PACA	test	HRR1235586	HEALTHY	0	-0.4896072793629691
fame	PACA	test	HRR1235587	HEALTHY	0	-2.3759904049113545
fame	PACA	test	HRR1235588	HEALTHY	0	1.0576843101951208
fame	PACA	test	HRR1235589	HEALTHY	0	0.6045159216262076
fame	PACA	test	HRR1235590	HEALTHY	0	-2.033672499810605
fame	PACA	test	HRR1235591	HEALTHY	0	-1.0655761991785615
fame	PACA	test	HRR1235592	HEALTHY	0	-1.4927238070171147
fame	PACA	test	HRR1235593	HEALTHY	0	-1.925984645223208
fame	PACA	test	HRR1235594	HEALTHY	0	-1.4108901846660693
fame	PACA	test	HRR1235595	HEALTHY	0	-0.5823330630188404
fame	PACA	test	HRR1235596	HEALTHY	0	0.9963644511565796
fame	PACA	test	HRR1235597	HEALTHY	0	-1.9416303123996927
fame	PACA	test	HRR1235621	HEALTHY	0	-0.522940785752967
fame	PACA	test	HRR1235626	HEALTHY	0	-1.1985893915335937
fame	PACA	test	HRR1235629	HEALTHY	0	-0.9006714930697912
fame	PACA	test	HRR1235630	HEALTHY	0	-2.2452770693433086
fame	PACA	test	HRR1235640	HEALTHY	0	-2.026759075871912
fame	PACA	test	HRR1235643	HEALTHY	0	-3.237464803005404
fame	PACA	test	HRR1235649	HEALTHY	0	-2.52014064796954
fame	PACA	test	HRR1235651	HEALTHY	0	-3.27213349856542
fame	PACA	test	HRR1235652	HEALTHY	0	-1.0220807591733516
fame	PACA	test	HRR1235654	HEALTHY	0	2.158489818618706
fame	PACA	test	HRR1235656	HEALTHY	0	-0.4984992643307847
fame	PACA	test	HRR1235659	HEALTHY	0	-0.8061874137243543
fame	PACA	test	HRR1235660	HEALTHY	0	-1.3699333125023614
fame	PACA	test	HRR1235664	HEALTHY	0	0.7679667238358653
fame	PACA	test	HRR1235666	HEALTHY	0	-2.1960223126732963
fame	PACA	test	HRR1235668	HEALTHY	0	-1.2100138099329276
fame	PACA	test	HRR1235681	HEALTHY	0	-3.728743112167572
fame	PACA	test	HRR1235682	HEALTHY	0	-0.6827031427713021
fame	PACA	test	HRR1235684	HEALTHY	0	-2.225788452958069
fame	PACA	test	HRR1235700	HEALTHY	0	-3.6000501157696294
fame	PACA	test	HRR1235701	HEALTHY	0	-2.949735568495212
fame	PACA	test	HRR1235702	HEALTHY	0	-4.55733507303313
fame	PACA	test	HRR1235705	HEALTHY	0	-2.25423026290741
fame	PACA	test	HRR1235708	HEALTHY	0	1.6647810214964638
fame	PACA	test	HRR1235717	HEALTHY	0	-1.36895086902951
fame	PACA	test	HRR1235718	HEALTHY	0	-4.389163065754007
fame	PACA	test	HRR1235721	HEALTHY	0	-1.146839689210877
fame	PACA	test	HRR1235724	HEALTHY	0	-0.9313997189424292
fame	PACA	test	HRR1235725	HEALTHY	0	-1.4338209140125022
fame	PACA	test	HRR1235729	HEALTHY	0	-4.499288202172249
fame	PACA	test	HRR1235730	HEALTHY	0	-0.3958352054320323
fame	PACA	test	HRR1235735	HEALTHY	0	-1.3683139365899462
fame	PACA	test	HRR1235736	HEALTHY	0	-1.5395985678648425
fame	PACA	test	HRR1235741	HEALTHY	0	-0.4863325268241125
fame	PACA	test	HRR1235742	HEALTHY	0	-2.359915147727908
fame	PACA	test	HRR1235748	HEALTHY	0	-1.3908659677553024
fame	PACA	test	HRR1235749	HEALTHY	0	-2.558421876616357
fame	PACA	test	HRR1235750	HEALTHY	0	-2.384471808283325
fame	PACA	test	HRR1235752	HEALTHY	0	-2.0034453411295168
fame	PACA	test	HRR1235754	HEALTHY	0	-3.724876023917707
fame	PACA	test	HRR1235758	HEALTHY	0	-2.0027924643646617
fame	PACA	test	HRR1235761	HEALTHY	0	-0.4592837394665712
fame	PACA	test	HRR1235762	HEALTHY	0	-2.661948685480711
fame	PACA	test	HRR1235766	HEALTHY	0	0.429776601886728
fame	PACA	test	HRR1235778	HEALTHY	0	-0.2892954560258206
fame	PACA	test	HRR1235780	HEALTHY	0	-1.8537815035797245
fame	PACA	test	HRR1235788	HEALTHY	0	-1.3687893023969535
fame	PACA	test	HRR1235791	HEALTHY	0	-2.964701434961424
fame	PACA	test	HRR1235792	HEALTHY	0	-4.062502845075689
fame	PACA	test	HRR1235794	HEALTHY	0	-3.3040863720904765
fame	PACA	test	HRR1235795	HEALTHY	0	0.7882303303623114
fame	PACA	test	HRR1235796	HEALTHY	0	-1.5268399388651843
fame	PACA	test	HRR1235800	HEALTHY	0	-0.2452224321330535
fame	PACA	test	HRR1235802	HEALTHY	0	-1.9500793376640255
fame	PACA	test	HRR1235804	HEALTHY	0	0.5869896238070581
fame	PACA	test	HRR1235806	HEALTHY	0	-0.5758659546856628
fame	PACA	test	HRR1235807	HEALTHY	0	-1.6619373716160837
fame	PACA	test	HRR1235810	HEALTHY	0	-1.4970208536568093
fame	PACA	test	HRR1235811	HEALTHY	0	-1.050079013106386
fame	PACA	test	HRR1235813	HEALTHY	0	-1.0110629217933416
fame	PACA	test	HRR1236480	PACA	1	1.2712988077597656
fame	PACA	test	HRR1236483	PACA	1	0.4318482055796285
fame	PACA	test	HRR1236488	PACA	1	1.0180549421123133
fame	PACA	test	HRR1236489	PACA	1	1.4664020464872487
fame	PACA	test	HRR1236492	PACA	1	3.6786815820541623
fame	PACA	test	HRR1236496	PACA	1	5.802986153665868
fame	PACA	test	HRR1236498	PACA	1	9.771870109269717
fame	PACA	test	HRR1236499	PACA	1	11.144028740992628
fame	PACA	test	HRR1236508	PACA	1	5.141005951717132
fame	PACA	test	HRR1236509	PACA	1	8.466893755000033
fame	PACA	test	HRR1236510	PACA	1	2.713606468943802
fame	PACA	test	HRR1236525	PACA	1	0.8913929779308606
fame	PACA	test	HRR1236528	PACA	1	3.1626116812500387
fame	PACA	test	HRR1236532	PACA	1	1.1440170163685837
fame	PACA	test	HRR1236533	PACA	1	5.351962792429382
fame	PACA	test	HRR1236535	PACA	1	6.8454933593875165
fame	PACA	test	HRR1236539	PACA	1	0.8343617332316345
fame	PACA	test	HRR1236541	PACA	1	11.88517671625504
fame	PACA	test	HRR1236544	PACA	1	11.014504462173344
fame	PACA	test	HRR1236546	PACA	1	6.441808299165759
fame	PACA	test	HRR1236560	PACA	1	6.725966813124407
fame	PACA	test	HRR1236563	PACA	1	6.445270686736711
fame	PACA	test	HRR1236565	PACA	1	9.458838384256904
fame	PACA	test	HRR1236569	PACA	1	0.1908916904135108
fame	PACA	test	HRR1236572	PACA	1	-0.8712085667440638
fame	PACA	test	HRR1236573	PACA	1	-0.7719224449382762
fame	PACA	test	HRR1236574	PACA	1	4.488838550425596
fame	PACA	test	HRR1236577	PACA	1	6.983000588758597
fame	PACA	test	HRR1236579	PACA	1	13.496646698153294
fame	PACA	test	HRR1236580	PACA	1	14.50843576597578
fame	PACA	test	HRR1236584	PACA	1	25.68111041329901
fame	PACA	test	HRR1236586	PACA	1	11.487140700238532
fame	PACA	test	HRR1236587	PACA	1	9.601647645804348
fame	PACA	test	HRR1236589	PACA	1	31.673025672038595
fame	PACA	test	HRR1236591	PACA	1	7.081921319799339
fame	PACA	test	HRR1236592	PACA	1	22.739152691304483
fame	STAD	cv	HRR1235319	HEALTHY	0	-0.9034205032264634
fame	STAD	cv	HRR1235320	HEALTHY	0	0.0439415524991497
fame	STAD	cv	HRR1235321	HEALTHY	0	-0.2802290966752989
fame	STAD	cv	HRR1235322	HEALTHY	0	-1.1074152056808595
fame	STAD	cv	HRR1235323	HEALTHY	0	2.6116076944257203
fame	STAD	cv	HRR1235325	HEALTHY	0	-2.0866613815640425
fame	STAD	cv	HRR1235326	HEALTHY	0	-3.934347637585713
fame	STAD	cv	HRR1235327	HEALTHY	0	-1.9327448260740183
fame	STAD	cv	HRR1235328	HEALTHY	0	-2.1740572900392525
fame	STAD	cv	HRR1235330	HEALTHY	0	-2.064481342285762
fame	STAD	cv	HRR1235331	HEALTHY	0	-2.849203172505528
fame	STAD	cv	HRR1235332	HEALTHY	0	-2.0271157776139272
fame	STAD	cv	HRR1235334	HEALTHY	0	-1.2686281204641092
fame	STAD	cv	HRR1235335	HEALTHY	0	-0.6007624420994161
fame	STAD	cv	HRR1235337	HEALTHY	0	-1.3239326017012665
fame	STAD	cv	HRR1235339	HEALTHY	0	-2.5001010954741893
fame	STAD	cv	HRR1235340	HEALTHY	0	-1.11221726789641
fame	STAD	cv	HRR1235341	HEALTHY	0	-3.2284482588146477
fame	STAD	cv	HRR1235342	HEALTHY	0	-1.5141802133122266
fame	STAD	cv	HRR1235343	HEALTHY	0	-1.4925245576098087
fame	STAD	cv	HRR1235344	HEALTHY	0	-2.3691664092882383
fame	STAD	cv	HRR1235345	HEALTHY	0	-0.5469135356296717
fame	STAD	cv	HRR1235346	HEALTHY	0	-2.143497755873029
fame	STAD	cv	HRR1235347	HEALTHY	0	-1.446941423194734
fame	STAD	cv	HRR1235349	HEALTHY	0	-2.268376794428985
fame	STAD	cv	HRR1235350	HEALTHY	0	0.7555616393425145
fame	STAD	cv	HRR1235351	HEALTHY	0	-1.8801732879575608
fame	STAD	cv	HRR1235352	HEALTHY	0	-2.3560300218469017
fame	STAD	cv	HRR1235353	HEALTHY	0	-1.491539390271562
fame	STAD	cv	HRR1235354	HEALTHY	0	-1.0274041025050495
fame	STAD	cv	HRR1235355	HEALTHY	0	-2.4342668505429708
fame	STAD	cv	HRR1235356	HEALTHY	0	-2.259246163456733
fame	STAD	cv	HRR1235357	HEALTHY	0	-0.3500977900283558
fame	STAD	cv	HRR1235358	HEALTHY	0	-0.6966573528061232
fame	STAD	cv	HRR1235359	HEALTHY	0	0.3542396843867005
fame	STAD	cv	HRR1235360	HEALTHY	0	-2.7141423169872727
fame	STAD	cv	HRR1235361	HEALTHY	0	-1.975906607849086
fame	STAD	cv	HRR1235363	HEALTHY	0	-1.4617544789739316
fame	STAD	cv	HRR1235364	HEALTHY	0	-0.2364048392186802
fame	STAD	cv	HRR1235365	HEALTHY	0	-2.918550757045282
fame	STAD	cv	HRR1235367	HEALTHY	0	0.5918884917296308
fame	STAD	cv	HRR1235368	HEALTHY	0	-2.3072540524307983
fame	STAD	cv	HRR1235369	HEALTHY	0	-0.3513246624489254
fame	STAD	cv	HRR1235370	HEALTHY	0	-3.294554496211903
fame	STAD	cv	HRR1235371	HEALTHY	0	-2.930732162882338
fame	STAD	cv	HRR1235372	HEALTHY	0	-1.567971985246056
fame	STAD	cv	HRR1235373	HEALTHY	0	-1.3069984768314695
fame	STAD	cv	HRR1235374	HEALTHY	0	-1.4391809813089242
fame	STAD	cv	HRR1235375	HEALTHY	0	-2.2426063005825174
fame	STAD	cv	HRR1235376	HEALTHY	0	-2.721637252480658
fame	STAD	cv	HRR1235377	HEALTHY	0	-2.444428885769575
fame	STAD	cv	HRR1235378	HEALTHY	0	-1.9114712998187289
fame	STAD	cv	HRR1235380	HEALTHY	0	-3.062168479423913
fame	STAD	cv	HRR1235381	HEALTHY	0	-2.581025466276382
fame	STAD	cv	HRR1235382	HEALTHY	0	-2.487317448934739
fame	STAD	cv	HRR1235383	HEALTHY	0	-3.652260586403879
fame	STAD	cv	HRR1235384	HEALTHY	0	-0.5492024373407913
fame	STAD	cv	HRR1235386	HEALTHY	0	-1.6477952968948373
fame	STAD	cv	HRR1235387	HEALTHY	0	-2.808334729990776
fame	STAD	cv	HRR1235388	HEALTHY	0	-0.0218290781530928
fame	STAD	cv	HRR1235389	HEALTHY	0	-0.76049454189804
fame	STAD	cv	HRR1235390	HEALTHY	0	-3.0332497950936776
fame	STAD	cv	HRR1235391	HEALTHY	0	-2.0017781578991207
fame	STAD	cv	HRR1235392	HEALTHY	0	-1.947326129768677
fame	STAD	cv	HRR1235393	HEALTHY	0	-0.3926450012256451
fame	STAD	cv	HRR1235395	HEALTHY	0	-2.0125109104324617
fame	STAD	cv	HRR1235396	HEALTHY	0	-2.047473713104317
fame	STAD	cv	HRR1235397	HEALTHY	0	-3.2406478582265565
fame	STAD	cv	HRR1235400	HEALTHY	0	-2.1382309556704904
fame	STAD	cv	HRR1235401	HEALTHY	0	-3.3186386483564907
fame	STAD	cv	HRR1235403	HEALTHY	0	-1.822773625413892
fame	STAD	cv	HRR1235404	HEALTHY	0	-2.892052493045232
fame	STAD	cv	HRR1235405	HEALTHY	0	-2.200341377590974
fame	STAD	cv	HRR1235406	HEALTHY	0	-1.0981381954891356
fame	STAD	cv	HRR1235407	HEALTHY	0	-1.935450356777189
fame	STAD	cv	HRR1235408	HEALTHY	0	-1.5162589890099103
fame	STAD	cv	HRR1235409	HEALTHY	0	-0.3469715306050769
fame	STAD	cv	HRR1235411	HEALTHY	0	0.8902209125773649
fame	STAD	cv	HRR1235412	HEALTHY	0	-2.061773170775967
fame	STAD	cv	HRR1235413	HEALTHY	0	-3.229261941985165
fame	STAD	cv	HRR1235415	HEALTHY	0	-2.0465683756555344
fame	STAD	cv	HRR1235417	HEALTHY	0	-2.413116020684753
fame	STAD	cv	HRR1235418	HEALTHY	0	-2.0408241459350984
fame	STAD	cv	HRR1235419	HEALTHY	0	0.1379036322116441
fame	STAD	cv	HRR1235420	HEALTHY	0	-1.7899593692767843
fame	STAD	cv	HRR1235422	HEALTHY	0	-1.8185166697498945
fame	STAD	cv	HRR1235423	HEALTHY	0	-2.77328039801187
fame	STAD	cv	HRR1235425	HEALTHY	0	-3.0107911753823746
fame	STAD	cv	HRR1235426	HEALTHY	0	-2.9004523755004312
fame	STAD	cv	HRR1235427	HEALTHY	0	-2.573193224837376
fame	STAD	cv	HRR1235428	HEALTHY	0	-2.0882571364726736
fame	STAD	cv	HRR1235429	HEALTHY	0	-1.1551144231248134
fame	STAD	cv	HRR1235430	HEALTHY	0	-1.1889664690936743
fame	STAD	cv	HRR1235431	HEALTHY	0	-2.788554012938452
fame	STAD	cv	HRR1235432	HEALTHY	0	-2.7260670613430413
fame	STAD	cv	HRR1235433	HEALTHY	0	-3.4261964676091603
fame	STAD	cv	HRR1235435	HEALTHY	0	-1.07059154136984
fame	STAD	cv	HRR1235436	HEALTHY	0	-2.9301308601284277
fame	STAD	cv	HRR1235437	HEALTHY	0	-2.2575346834121888
fame	STAD	cv	HRR1235438	HEALTHY	0	-1.9397632162350589
fame	STAD	cv	HRR1235439	HEALTHY	0	-2.592912162102752
fame	STAD	cv	HRR1235440	HEALTHY	0	-1.8952467914167728
fame	STAD	cv	HRR1235441	HEALTHY	0	-1.826427525346527
fame	STAD	cv	HRR1235442	HEALTHY	0	-2.6003363518175835
fame	STAD	cv	HRR1235443	HEALTHY	0	-0.7477743537759735
fame	STAD	cv	HRR1235444	HEALTHY	0	-2.3351248703996803
fame	STAD	cv	HRR1235445	HEALTHY	0	-1.9861995396287129
fame	STAD	cv	HRR1235446	HEALTHY	0	-1.5777067976451589
fame	STAD	cv	HRR1235447	HEALTHY	0	-1.774965732498028
fame	STAD	cv	HRR1235448	HEALTHY	0	-2.1868150026835824
fame	STAD	cv	HRR1235449	HEALTHY	0	-1.5821485068359806
fame	STAD	cv	HRR1235450	HEALTHY	0	-2.422339220081522
fame	STAD	cv	HRR1235451	HEALTHY	0	0.8591624925033368
fame	STAD	cv	HRR1235452	HEALTHY	0	-2.4278942052259342
fame	STAD	cv	HRR1235453	HEALTHY	0	-3.487842657537213
fame	STAD	cv	HRR1235455	HEALTHY	0	-2.789845912055713
fame	STAD	cv	HRR1235456	HEALTHY	0	-2.5247481941591383
fame	STAD	cv	HRR1235457	HEALTHY	0	-0.4353536665538155
fame	STAD	cv	HRR1235458	HEALTHY	0	-1.3355682489378355
fame	STAD	cv	HRR1235459	HEALTHY	0	-2.9639438699796576
fame	STAD	cv	HRR1235460	HEALTHY	0	-3.0173579557457018
fame	STAD	cv	HRR1235461	HEALTHY	0	-3.002930212724578
fame	STAD	cv	HRR1235463	HEALTHY	0	-2.320641566520744
fame	STAD	cv	HRR1235464	HEALTHY	0	-1.7893477177821753
fame	STAD	cv	HRR1235465	HEALTHY	0	-3.0167046500554715
fame	STAD	cv	HRR1235466	HEALTHY	0	-2.22925240874431
fame	STAD	cv	HRR1235467	HEALTHY	0	-1.1424526917700304
fame	STAD	cv	HRR1235468	HEALTHY	0	-2.3614548584895085
fame	STAD	cv	HRR1235469	HEALTHY	0	-2.825289041730358
fame	STAD	cv	HRR1235470	HEALTHY	0	-3.0365943418045327
fame	STAD	cv	HRR1235472	HEALTHY	0	-1.8678065794873664
fame	STAD	cv	HRR1235473	HEALTHY	0	-3.1470002638542307
fame	STAD	cv	HRR1235474	HEALTHY	0	-3.1412660664124123
fame	STAD	cv	HRR1235475	HEALTHY	0	-3.641044525484684
fame	STAD	cv	HRR1235478	HEALTHY	0	0.0051139169413511
fame	STAD	cv	HRR1235481	HEALTHY	0	-3.2886811550137507
fame	STAD	cv	HRR1235482	HEALTHY	0	-2.393509287993292
fame	STAD	cv	HRR1235483	HEALTHY	0	-0.386535096421197
fame	STAD	cv	HRR1235486	HEALTHY	0	-1.258559428274972
fame	STAD	cv	HRR1235488	HEALTHY	0	-2.809540002727686
fame	STAD	cv	HRR1235489	HEALTHY	0	-2.318706075836384
fame	STAD	cv	HRR1235490	HEALTHY	0	-1.2935779206373417
fame	STAD	cv	HRR1235491	HEALTHY	0	0.1151809639668857
fame	STAD	cv	HRR1235492	HEALTHY	0	-2.536967848074702
fame	STAD	cv	HRR1235493	HEALTHY	0	-2.77141248839371
fame	STAD	cv	HRR1235497	HEALTHY	0	-1.4104518317560053
fame	STAD	cv	HRR1235498	HEALTHY	0	-1.6216114698533506
fame	STAD	cv	HRR1235499	HEALTHY	0	-2.5739722715196454
fame	STAD	cv	HRR1235500	HEALTHY	0	-3.032032748381078
fame	STAD	cv	HRR1235501	HEALTHY	0	-1.9826593890723847
fame	STAD	cv	HRR1235502	HEALTHY	0	-1.8188268395877007
fame	STAD	cv	HRR1235503	HEALTHY	0	-2.6925498266777126
fame	STAD	cv	HRR1235504	HEALTHY	0	-2.0586423686370425
fame	STAD	cv	HRR1235505	HEALTHY	0	-0.9849065489518024
fame	STAD	cv	HRR1235506	HEALTHY	0	-2.5616123689735946
fame	STAD	cv	HRR1235508	HEALTHY	0	-3.1675753577639467
fame	STAD	cv	HRR1235510	HEALTHY	0	-2.7589412588478672
fame	STAD	cv	HRR1235511	HEALTHY	0	-2.051964249495985
fame	STAD	cv	HRR1235513	HEALTHY	0	0.006563248937795
fame	STAD	cv	HRR1235514	HEALTHY	0	-1.8326953721891548
fame	STAD	cv	HRR1235515	HEALTHY	0	-1.9098403733594291
fame	STAD	cv	HRR1235516	HEALTHY	0	-2.8463345292688658
fame	STAD	cv	HRR1235517	HEALTHY	0	-1.208725139384825
fame	STAD	cv	HRR1235518	HEALTHY	0	-1.8257929032292413
fame	STAD	cv	HRR1235519	HEALTHY	0	-1.0930761352945382
fame	STAD	cv	HRR1235520	HEALTHY	0	-1.6536597826420532
fame	STAD	cv	HRR1235521	HEALTHY	0	-1.6467179137845362
fame	STAD	cv	HRR1235522	HEALTHY	0	-2.181382913696153
fame	STAD	cv	HRR1235523	HEALTHY	0	-0.3085441481510295
fame	STAD	cv	HRR1235524	HEALTHY	0	-2.722936201750906
fame	STAD	cv	HRR1235525	HEALTHY	0	-2.799400823650253
fame	STAD	cv	HRR1235526	HEALTHY	0	-1.9557900141297684
fame	STAD	cv	HRR1235527	HEALTHY	0	-1.5179218989211352
fame	STAD	cv	HRR1235528	HEALTHY	0	-1.0220276603489051
fame	STAD	cv	HRR1235529	HEALTHY	0	-1.6558131223128036
fame	STAD	cv	HRR1235530	HEALTHY	0	-1.5913825967320865
fame	STAD	cv	HRR1235531	HEALTHY	0	-2.377814833630378
fame	STAD	cv	HRR1235532	HEALTHY	0	-1.5861852215544048
fame	STAD	cv	HRR1235533	HEALTHY	0	-1.9751003540592016
fame	STAD	cv	HRR1235534	HEALTHY	0	-1.4294356906361565
fame	STAD	cv	HRR1235535	HEALTHY	0	-2.7900896110478257
fame	STAD	cv	HRR1235536	HEALTHY	0	-2.7564344165864005
fame	STAD	cv	HRR1235537	HEALTHY	0	-2.7340021347678265
fame	STAD	cv	HRR1235538	HEALTHY	0	-2.0524576887446435
fame	STAD	cv	HRR1235539	HEALTHY	0	-1.3246930401800072
fame	STAD	cv	HRR1235540	HEALTHY	0	-0.2190191909200133
fame	STAD	cv	HRR1235541	HEALTHY	0	-2.879651741890801
fame	STAD	cv	HRR1235542	HEALTHY	0	-1.863208163458819
fame	STAD	cv	HRR1235544	HEALTHY	0	-2.437408523727061
fame	STAD	cv	HRR1235545	HEALTHY	0	-1.4080263679984968
fame	STAD	cv	HRR1235546	HEALTHY	0	-3.9453611002569184
fame	STAD	cv	HRR1235547	HEALTHY	0	-0.3774812270456501
fame	STAD	cv	HRR1235548	HEALTHY	0	-1.648750862691695
fame	STAD	cv	HRR1235549	HEALTHY	0	0.0172364422019439
fame	STAD	cv	HRR1235598	HEALTHY	0	-1.4418118524494845
fame	STAD	cv	HRR1235599	HEALTHY	0	-0.1654741116571458
fame	STAD	cv	HRR1235600	HEALTHY	0	-0.7460296745896983
fame	STAD	cv	HRR1235601	HEALTHY	0	-0.009443086053066
fame	STAD	cv	HRR1235602	HEALTHY	0	1.1249405364728091
fame	STAD	cv	HRR1235603	HEALTHY	0	-0.4320374838058719
fame	STAD	cv	HRR1235604	HEALTHY	0	-0.9080144509760506
fame	STAD	cv	HRR1235605	HEALTHY	0	0.0512557670637165
fame	STAD	cv	HRR1235606	HEALTHY	0	-1.8663041037239905
fame	STAD	cv	HRR1235607	HEALTHY	0	-2.777726893631231
fame	STAD	cv	HRR1235608	HEALTHY	0	-2.400599065724148
fame	STAD	cv	HRR1235609	HEALTHY	0	-1.3900263582529004
fame	STAD	cv	HRR1235610	HEALTHY	0	-1.8283948227744864
fame	STAD	cv	HRR1235611	HEALTHY	0	-1.364840790252703
fame	STAD	cv	HRR1235612	HEALTHY	0	-1.6646776391003462
fame	STAD	cv	HRR1235613	HEALTHY	0	-2.4045014888910115
fame	STAD	cv	HRR1235614	HEALTHY	0	-1.0398833765520337
fame	STAD	cv	HRR1235615	HEALTHY	0	-0.7546090253098885
fame	STAD	cv	HRR1235616	HEALTHY	0	-2.155875346557918
fame	STAD	cv	HRR1235617	HEALTHY	0	1.1425257556183992
fame	STAD	cv	HRR1235618	HEALTHY	0	-0.432473045093402
fame	STAD	cv	HRR1235619	HEALTHY	0	-1.4931072156107843
fame	STAD	cv	HRR1235620	HEALTHY	0	-0.1387626251376023
fame	STAD	cv	HRR1235622	HEALTHY	0	0.0300164638349401
fame	STAD	cv	HRR1235623	HEALTHY	0	-0.6281702319210101
fame	STAD	cv	HRR1235624	HEALTHY	0	1.8387293797380488
fame	STAD	cv	HRR1235625	HEALTHY	0	-1.7554768428164946
fame	STAD	cv	HRR1235627	HEALTHY	0	-1.4563748212434142
fame	STAD	cv	HRR1235628	HEALTHY	0	-1.3581636735595193
fame	STAD	cv	HRR1235631	HEALTHY	0	-2.236305688731506
fame	STAD	cv	HRR1235632	HEALTHY	0	-0.6779701652549626
fame	STAD	cv	HRR1235633	HEALTHY	0	-2.2943534970360044
fame	STAD	cv	HRR1235634	HEALTHY	0	-0.7858733661563997
fame	STAD	cv	HRR1235635	HEALTHY	0	-1.9515335408579684
fame	STAD	cv	HRR1235636	HEALTHY	0	-1.5794891790633807
fame	STAD	cv	HRR1235637	HEALTHY	0	-1.2576892275907263
fame	STAD	cv	HRR1235638	HEALTHY	0	-2.1115551397205303
fame	STAD	cv	HRR1235639	HEALTHY	0	-0.6464813220665524
fame	STAD	cv	HRR1235641	HEALTHY	0	-0.9727924903762272
fame	STAD	cv	HRR1235642	HEALTHY	0	-1.320830172345574
fame	STAD	cv	HRR1235644	HEALTHY	0	-0.9937631793813037
fame	STAD	cv	HRR1235645	HEALTHY	0	-2.72086993403392
fame	STAD	cv	HRR1235646	HEALTHY	0	-0.9051140769853036
fame	STAD	cv	HRR1235647	HEALTHY	0	-2.5166115264743323
fame	STAD	cv	HRR1235648	HEALTHY	0	-1.3545374128617271
fame	STAD	cv	HRR1235650	HEALTHY	0	-1.982134896134235
fame	STAD	cv	HRR1235653	HEALTHY	0	-2.031428027960541
fame	STAD	cv	HRR1235655	HEALTHY	0	-0.3759752751434709
fame	STAD	cv	HRR1235657	HEALTHY	0	-0.9528569883009892
fame	STAD	cv	HRR1235658	HEALTHY	0	-2.494992745838158
fame	STAD	cv	HRR1235661	HEALTHY	0	-2.029052305072018
fame	STAD	cv	HRR1235662	HEALTHY	0	-1.9600444581828744
fame	STAD	cv	HRR1235663	HEALTHY	0	-3.2996126649425777
fame	STAD	cv	HRR1235665	HEALTHY	0	-1.0944194482360683
fame	STAD	cv	HRR1235667	HEALTHY	0	-0.1335887903500872
fame	STAD	cv	HRR1235669	HEALTHY	0	-1.3744514584019996
fame	STAD	cv	HRR1235670	HEALTHY	0	0.1641891297449964
fame	STAD	cv	HRR1235671	HEALTHY	0	-1.8102399151923665
fame	STAD	cv	HRR1235672	HEALTHY	0	-1.2289271530541512
fame	STAD	cv	HRR1235673	HEALTHY	0	-0.5956220502222138
fame	STAD	cv	HRR1235674	HEALTHY	0	-1.8963018668913685
fame	STAD	cv	HRR1235675	HEALTHY	0	-0.2116883548128256
fame	STAD	cv	HRR1235676	HEALTHY	0	-0.5436463515218223
fame	STAD	cv	HRR1235677	HEALTHY	0	-1.431174814748724
fame	STAD	cv	HRR1235678	HEALTHY	0	-1.8891834315457223
fame	STAD	cv	HRR1235679	HEALTHY	0	0.8244852324295261
fame	STAD	cv	HRR1235680	HEALTHY	0	-0.3369161217481341
fame	STAD	cv	HRR1235683	HEALTHY	0	-2.446644418252984
fame	STAD	cv	HRR1235685	HEALTHY	0	-1.3280253027364752
fame	STAD	cv	HRR1235686	HEALTHY	0	0.1574614344178067
fame	STAD	cv	HRR1235687	HEALTHY	0	-2.514818477195164
fame	STAD	cv	HRR1235688	HEALTHY	0	-1.8798058894976748
fame	STAD	cv	HRR1235689	HEALTHY	0	-1.6489673058206324
fame	STAD	cv	HRR1235690	HEALTHY	0	-1.5055475357521693
fame	STAD	cv	HRR1235691	HEALTHY	0	-0.3315664663295439
fame	STAD	cv	HRR1235692	HEALTHY	0	-1.7135461252973403
fame	STAD	cv	HRR1235693	HEALTHY	0	-2.2586492806099527
fame	STAD	cv	HRR1235694	HEALTHY	0	-2.5698698610276067
fame	STAD	cv	HRR1235695	HEALTHY	0	-1.7686272146280966
fame	STAD	cv	HRR1235696	HEALTHY	0	-0.1142520368456663
fame	STAD	cv	HRR1235697	HEALTHY	0	-2.241581952518873
fame	STAD	cv	HRR1235698	HEALTHY	0	-2.068433399456051
fame	STAD	cv	HRR1235699	HEALTHY	0	-0.748135801990174
fame	STAD	cv	HRR1235703	HEALTHY	0	-1.0411630922305108
fame	STAD	cv	HRR1235704	HEALTHY	0	-3.0768240804819125
fame	STAD	cv	HRR1235706	HEALTHY	0	-0.600885158878633
fame	STAD	cv	HRR1235707	HEALTHY	0	-2.241891932915789
fame	STAD	cv	HRR1235709	HEALTHY	0	-1.935005797492558
fame	STAD	cv	HRR1235710	HEALTHY	0	-0.111461037321651
fame	STAD	cv	HRR1235711	HEALTHY	0	-1.650476435663569
fame	STAD	cv	HRR1235712	HEALTHY	0	-0.6911332908181091
fame	STAD	cv	HRR1235713	HEALTHY	0	-2.076381343436171
fame	STAD	cv	HRR1235714	HEALTHY	0	-0.8376269956184461
fame	STAD	cv	HRR1235715	HEALTHY	0	-3.148414190085883
fame	STAD	cv	HRR1235716	HEALTHY	0	-2.541880072979742
fame	STAD	cv	HRR1235719	HEALTHY	0	-1.973568110226851
fame	STAD	cv	HRR1235720	HEALTHY	0	-2.589857674449716
fame	STAD	cv	HRR1235722	HEALTHY	0	-2.0010705729708604
fame	STAD	cv	HRR1235723	HEALTHY	0	-0.384233232937921
fame	STAD	cv	HRR1235726	HEALTHY	0	-1.5514937941887623
fame	STAD	cv	HRR1235727	HEALTHY	0	-2.06840699253135
fame	STAD	cv	HRR1235728	HEALTHY	0	-2.018031682710349
fame	STAD	cv	HRR1235731	HEALTHY	0	-2.9428102070939666
fame	STAD	cv	HRR1235732	HEALTHY	0	-3.8321339978599314
fame	STAD	cv	HRR1235733	HEALTHY	0	-1.2473024420496404
fame	STAD	cv	HRR1235734	HEALTHY	0	-1.0274964471698549
fame	STAD	cv	HRR1235737	HEALTHY	0	-0.0820679569511205
fame	STAD	cv	HRR1235738	HEALTHY	0	-1.9985740175996871
fame	STAD	cv	HRR1235739	HEALTHY	0	-1.2854190225731
fame	STAD	cv	HRR1235740	HEALTHY	0	-1.5038090455093218
fame	STAD	cv	HRR1235743	HEALTHY	0	-0.8967173319192177
fame	STAD	cv	HRR1235744	HEALTHY	0	-2.150581854220959
fame	STAD	cv	HRR1235745	HEALTHY	0	-1.4991575283207157
fame	STAD	cv	HRR1235746	HEALTHY	0	-0.9927346448689603
fame	STAD	cv	HRR1235747	HEALTHY	0	-1.0817390628775978
fame	STAD	cv	HRR1235751	HEALTHY	0	-1.0496397776711657
fame	STAD	cv	HRR1235753	HEALTHY	0	-1.3231686984660218
fame	STAD	cv	HRR1235755	HEALTHY	0	-1.75796025197675
fame	STAD	cv	HRR1235756	HEALTHY	0	-1.2062648740391877
fame	STAD	cv	HRR1235757	HEALTHY	0	-1.1662813025811785
fame	STAD	cv	HRR1235759	HEALTHY	0	-0.9464936150671396
fame	STAD	cv	HRR1235760	HEALTHY	0	-4.000104438698612
fame	STAD	cv	HRR1235763	HEALTHY	0	-1.9100039584661248
fame	STAD	cv	HRR1235764	HEALTHY	0	-1.805973872037254
fame	STAD	cv	HRR1235765	HEALTHY	0	0.7616917899430091
fame	STAD	cv	HRR1235767	HEALTHY	0	-2.056405473838383
fame	STAD	cv	HRR1235768	HEALTHY	0	-1.302788042901149
fame	STAD	cv	HRR1235769	HEALTHY	0	-2.0119436610452706
fame	STAD	cv	HRR1235770	HEALTHY	0	-1.8320181400858653
fame	STAD	cv	HRR1235771	HEALTHY	0	-0.8960667960404411
fame	STAD	cv	HRR1235772	HEALTHY	0	-2.0389331094291303
fame	STAD	cv	HRR1235773	HEALTHY	0	-1.4766864056059965
fame	STAD	cv	HRR1235774	HEALTHY	0	-1.87401056886617
fame	STAD	cv	HRR1235775	HEALTHY	0	-0.4918952168389517
fame	STAD	cv	HRR1235776	HEALTHY	0	-1.3687108645527046
fame	STAD	cv	HRR1235777	HEALTHY	0	-0.8952486387587691
fame	STAD	cv	HRR1235779	HEALTHY	0	-3.3382071546781944
fame	STAD	cv	HRR1235781	HEALTHY	0	-0.3047511310902513
fame	STAD	cv	HRR1235782	HEALTHY	0	-0.0674975399656168
fame	STAD	cv	HRR1235783	HEALTHY	0	-0.9673788884569277
fame	STAD	cv	HRR1235784	HEALTHY	0	-1.3683090180358524
fame	STAD	cv	HRR1235785	HEALTHY	0	-2.860948730020797
fame	STAD	cv	HRR1235786	HEALTHY	0	-1.692807811274038
fame	STAD	cv	HRR1235787	HEALTHY	0	-2.4801272869452715
fame	STAD	cv	HRR1235789	HEALTHY	0	-1.7268575549853562
fame	STAD	cv	HRR1235790	HEALTHY	0	-1.5984227662945234
fame	STAD	cv	HRR1235793	HEALTHY	0	-0.2995273009423534
fame	STAD	cv	HRR1235797	HEALTHY	0	-2.143256578498576
fame	STAD	cv	HRR1235798	HEALTHY	0	-1.432189461723702
fame	STAD	cv	HRR1235799	HEALTHY	0	-0.6140103402689279
fame	STAD	cv	HRR1235801	HEALTHY	0	-1.7237770588323391
fame	STAD	cv	HRR1235803	HEALTHY	0	-0.6176913242123758
fame	STAD	cv	HRR1235805	HEALTHY	0	-1.971101188386176
fame	STAD	cv	HRR1235808	HEALTHY	0	-1.439665234409467
fame	STAD	cv	HRR1235809	HEALTHY	0	-2.6957550066463085
fame	STAD	cv	HRR1235812	HEALTHY	0	-2.13487166927628
fame	STAD	cv	HRR1235814	HEALTHY	0	-1.8145212654960448
fame	STAD	cv	HRR1235815	HEALTHY	0	-3.049274293445193
fame	STAD	cv	HRR1236093	STAD	1	7.916727126151679
fame	STAD	cv	HRR1236094	STAD	1	0.8776674425406513
fame	STAD	cv	HRR1236096	STAD	1	3.6655622738515534
fame	STAD	cv	HRR1236097	STAD	1	1.7487670871246606
fame	STAD	cv	HRR1236101	STAD	1	5.672155467841871
fame	STAD	cv	HRR1236103	STAD	1	-0.1310248528795201
fame	STAD	cv	HRR1236105	STAD	1	-0.6174135308794264
fame	STAD	cv	HRR1236107	STAD	1	4.059064204122856
fame	STAD	cv	HRR1236108	STAD	1	2.093226179951701
fame	STAD	cv	HRR1236111	STAD	1	0.1286542040497913
fame	STAD	cv	HRR1236112	STAD	1	2.782307701215336
fame	STAD	cv	HRR1236113	STAD	1	10.606635669424564
fame	STAD	cv	HRR1236114	STAD	1	1.5767585259905037
fame	STAD	cv	HRR1236115	STAD	1	9.05616817375384
fame	STAD	cv	HRR1236116	STAD	1	4.838894530230254
fame	STAD	cv	HRR1236118	STAD	1	5.376048320760534
fame	STAD	cv	HRR1236119	STAD	1	0.7954318668538845
fame	STAD	cv	HRR1236121	STAD	1	5.671267269554215
fame	STAD	cv	HRR1236122	STAD	1	3.2733473887321707
fame	STAD	cv	HRR1236123	STAD	1	39.83675320558738
fame	STAD	cv	HRR1236125	STAD	1	0.185448218960004
fame	STAD	cv	HRR1236126	STAD	1	8.784117850387307
fame	STAD	cv	HRR1236127	STAD	1	7.062281175561653
fame	STAD	cv	HRR1236128	STAD	1	0.0397235798333778
fame	STAD	cv	HRR1236129	STAD	1	2.9952066805313944
fame	STAD	cv	HRR1236130	STAD	1	3.2554526429205843
fame	STAD	cv	HRR1236131	STAD	1	6.715054696814892
fame	STAD	cv	HRR1236133	STAD	1	1.7369527904888686
fame	STAD	cv	HRR1236134	STAD	1	7.042868482828679
fame	STAD	cv	HRR1236135	STAD	1	9.938885759694976
fame	STAD	cv	HRR1236136	STAD	1	21.94490830504493
fame	STAD	cv	HRR1236137	STAD	1	23.22769471775815
fame	STAD	cv	HRR1236138	STAD	1	24.425624030212745
fame	STAD	cv	HRR1236141	STAD	1	3.9360035905318096
fame	STAD	cv	HRR1236142	STAD	1	1.804026446504842
fame	STAD	cv	HRR1236144	STAD	1	1.8333590342801924
fame	STAD	cv	HRR1236145	STAD	1	-0.4765853039123787
fame	STAD	cv	HRR1236146	STAD	1	-0.8718995262922254
fame	STAD	cv	HRR1236147	STAD	1	2.0220539008551754
fame	STAD	cv	HRR1236150	STAD	1	1.2825313766827648
fame	STAD	cv	HRR1236151	STAD	1	2.295731295022992
fame	STAD	cv	HRR1236152	STAD	1	2.910184366095938
fame	STAD	cv	HRR1236153	STAD	1	0.313254456037695
fame	STAD	cv	HRR1236155	STAD	1	1.8336829744064436
fame	STAD	cv	HRR1236156	STAD	1	2.8359154461541185
fame	STAD	cv	HRR1236157	STAD	1	1.3638844858053687
fame	STAD	cv	HRR1236160	STAD	1	3.822185856890639
fame	STAD	cv	HRR1236161	STAD	1	-1.1403701603209662
fame	STAD	cv	HRR1236163	STAD	1	1.3308512768984968
fame	STAD	cv	HRR1236166	STAD	1	5.631106027663941
fame	STAD	cv	HRR1236169	STAD	1	6.765885912490879
fame	STAD	cv	HRR1236171	STAD	1	18.461828685276792
fame	STAD	cv	HRR1236174	STAD	1	28.93015023217512
fame	STAD	cv	HRR1236177	STAD	1	1.5787110148861971
fame	STAD	cv	HRR1236178	STAD	1	2.269620491644675
fame	STAD	cv	HRR1236179	STAD	1	4.626326252938689
fame	STAD	cv	HRR1236180	STAD	1	5.853725169560299
fame	STAD	cv	HRR1236181	STAD	1	9.611870143661871
fame	STAD	cv	HRR1236182	STAD	1	0.8116974664611326
fame	STAD	cv	HRR1236183	STAD	1	23.66906791052004
fame	STAD	cv	HRR1236184	STAD	1	1.819460986261276
fame	STAD	cv	HRR1236185	STAD	1	12.631985143679747
fame	STAD	cv	HRR1236189	STAD	1	9.301736611367424
fame	STAD	cv	HRR1236190	STAD	1	0.2815863535796447
fame	STAD	cv	HRR1236191	STAD	1	9.022751063852692
fame	STAD	cv	HRR1236193	STAD	1	5.786459479968954
fame	STAD	cv	HRR1236194	STAD	1	44.85051350469651
fame	STAD	cv	HRR1236195	STAD	1	-0.0338150218785908
fame	STAD	cv	HRR1236196	STAD	1	-0.3186340602128897
fame	STAD	cv	HRR1236197	STAD	1	0.1014385973687229
fame	STAD	cv	HRR1236198	STAD	1	1.7024743729537857
fame	STAD	cv	HRR1236200	STAD	1	1.4334892615469583
fame	STAD	cv	HRR1236201	STAD	1	3.007674387827523
fame	STAD	cv	HRR1236202	STAD	1	-0.6455580373307275
fame	STAD	cv	HRR1236203	STAD	1	-0.6941342041785459
fame	STAD	cv	HRR1236204	STAD	1	-0.6189379136910802
fame	STAD	cv	HRR1236205	STAD	1	-0.3564974820707584
fame	STAD	cv	HRR1236206	STAD	1	8.579914335545523
fame	STAD	test	HRR1235324	HEALTHY	0	-0.5050106413608937
fame	STAD	test	HRR1235329	HEALTHY	0	-1.9339484943117549
fame	STAD	test	HRR1235333	HEALTHY	0	-1.9806978035844045
fame	STAD	test	HRR1235336	HEALTHY	0	-2.306838225810644
fame	STAD	test	HRR1235338	HEALTHY	0	-0.6732992436843299
fame	STAD	test	HRR1235348	HEALTHY	0	-0.8609004244770597
fame	STAD	test	HRR1235362	HEALTHY	0	-2.481338513902412
fame	STAD	test	HRR1235366	HEALTHY	0	-2.312344513956397
fame	STAD	test	HRR1235379	HEALTHY	0	-1.3799308291805843
fame	STAD	test	HRR1235385	HEALTHY	0	-1.9754459690724968
fame	STAD	test	HRR1235394	HEALTHY	0	-2.3986615636713573
fame	STAD	test	HRR1235398	HEALTHY	0	-2.1531305866648247
fame	STAD	test	HRR1235399	HEALTHY	0	-1.0882791455141387
fame	STAD	test	HRR1235402	HEALTHY	0	-2.64460575381648
fame	STAD	test	HRR1235410	HEALTHY	0	-3.152890756321568
fame	STAD	test	HRR1235414	HEALTHY	0	-1.235313276455734
fame	STAD	test	HRR1235416	HEALTHY	0	-1.6759190284955974
fame	STAD	test	HRR1235421	HEALTHY	0	-0.6531804688283875
fame	STAD	test	HRR1235424	HEALTHY	0	-1.8583254171669052
fame	STAD	test	HRR1235434	HEALTHY	0	-1.944637411620637
fame	STAD	test	HRR1235454	HEALTHY	0	-2.5846700047252225
fame	STAD	test	HRR1235462	HEALTHY	0	-3.619423496661649
fame	STAD	test	HRR1235471	HEALTHY	0	-2.582198691281203
fame	STAD	test	HRR1235476	HEALTHY	0	-2.8321819371857893
fame	STAD	test	HRR1235477	HEALTHY	0	-0.8002071342220807
fame	STAD	test	HRR1235479	HEALTHY	0	-1.6109320449499414
fame	STAD	test	HRR1235480	HEALTHY	0	-3.158830783609552
fame	STAD	test	HRR1235484	HEALTHY	0	-3.2076005104715457
fame	STAD	test	HRR1235485	HEALTHY	0	-2.0094322475501776
fame	STAD	test	HRR1235487	HEALTHY	0	0.6862458537395153
fame	STAD	test	HRR1235494	HEALTHY	0	-2.425244123391387
fame	STAD	test	HRR1235495	HEALTHY	0	-0.7401535753612831
fame	STAD	test	HRR1235496	HEALTHY	0	-1.7443518994916074
fame	STAD	test	HRR1235507	HEALTHY	0	-2.340423993584668
fame	STAD	test	HRR1235509	HEALTHY	0	-3.1968512252949157
fame	STAD	test	HRR1235512	HEALTHY	0	-2.316263408422006
fame	STAD	test	HRR1235543	HEALTHY	0	-3.2315125647079763
fame	STAD	test	HRR1235550	HEALTHY	0	-0.9292614365915784
fame	STAD	test	HRR1235551	HEALTHY	0	-1.4055815707296206
fame	STAD	test	HRR1235552	HEALTHY	0	-2.149318715203369
fame	STAD	test	HRR1235553	HEALTHY	0	-0.9263893101412763
fame	STAD	test	HRR1235554	HEALTHY	0	0.6258014017505271
fame	STAD	test	HRR1235555	HEALTHY	0	-0.0879028112601168
fame	STAD	test	HRR1235556	HEALTHY	0	-2.803925584516437
fame	STAD	test	HRR1235557	HEALTHY	0	-1.9262617413432
fame	STAD	test	HRR1235558	HEALTHY	0	-0.0993664128988122
fame	STAD	test	HRR1235559	HEALTHY	0	-2.5172853811743368
fame	STAD	test	HRR1235560	HEALTHY	0	-1.5522676759898617
fame	STAD	test	HRR1235561	HEALTHY	0	-2.61061852679498
fame	STAD	test	HRR1235562	HEALTHY	0	-1.6472414879196935
fame	STAD	test	HRR1235563	HEALTHY	0	-1.7233526886804913
fame	STAD	test	HRR1235564	HEALTHY	0	-0.3028909315196137
fame	STAD	test	HRR1235565	HEALTHY	0	-1.081312749211522
fame	STAD	test	HRR1235566	HEALTHY	0	-0.615059077827433
fame	STAD	test	HRR1235567	HEALTHY	0	-1.7335597890177
fame	STAD	test	HRR1235568	HEALTHY	0	-1.2035753287271047
fame	STAD	test	HRR1235569	HEALTHY	0	-0.1153022927263788
fame	STAD	test	HRR1235570	HEALTHY	0	-1.3113826055484703
fame	STAD	test	HRR1235571	HEALTHY	0	-0.6993411487957895
fame	STAD	test	HRR1235572	HEALTHY	0	-0.5124240560408059
fame	STAD	test	HRR1235573	HEALTHY	0	-0.6661862416307469
fame	STAD	test	HRR1235574	HEALTHY	0	-2.027831875296681
fame	STAD	test	HRR1235575	HEALTHY	0	-1.2605682323416958
fame	STAD	test	HRR1235576	HEALTHY	0	-1.666919356882284
fame	STAD	test	HRR1235577	HEALTHY	0	-0.6130845038253772
fame	STAD	test	HRR1235578	HEALTHY	0	-0.0557146490250214
fame	STAD	test	HRR1235579	HEALTHY	0	-1.2838583662079397
fame	STAD	test	HRR1235580	HEALTHY	0	-1.0179111336054472
fame	STAD	test	HRR1235581	HEALTHY	0	-2.0870129292451245
fame	STAD	test	HRR1235582	HEALTHY	0	-1.5561482744350092
fame	STAD	test	HRR1235583	HEALTHY	0	-1.538362650176882
fame	STAD	test	HRR1235584	HEALTHY	0	-1.3531088861443827
fame	STAD	test	HRR1235585	HEALTHY	0	-2.634215973048187
fame	STAD	test	HRR1235586	HEALTHY	0	-0.3584662855725883
fame	STAD	test	HRR1235587	HEALTHY	0	-1.7200700694521205
fame	STAD	test	HRR1235588	HEALTHY	0	0.6142036249741332
fame	STAD	test	HRR1235589	HEALTHY	0	0.3961880558729548
fame	STAD	test	HRR1235590	HEALTHY	0	-1.2016898776228533
fame	STAD	test	HRR1235591	HEALTHY	0	-0.355500732851678
fame	STAD	test	HRR1235592	HEALTHY	0	-1.5549807522632713
fame	STAD	test	HRR1235593	HEALTHY	0	-0.8930679021549948
fame	STAD	test	HRR1235594	HEALTHY	0	-0.3538732394254625
fame	STAD	test	HRR1235595	HEALTHY	0	-1.434188400368912
fame	STAD	test	HRR1235596	HEALTHY	0	2.3476214851377057
fame	STAD	test	HRR1235597	HEALTHY	0	-1.3972692373845514
fame	STAD	test	HRR1235621	HEALTHY	0	0.0754299068481499
fame	STAD	test	HRR1235626	HEALTHY	0	-0.1217190646047149
fame	STAD	test	HRR1235629	HEALTHY	0	-1.3116400509419524
fame	STAD	test	HRR1235630	HEALTHY	0	-1.3564228237890512
fame	STAD	test	HRR1235640	HEALTHY	0	-1.185134569755633
fame	STAD	test	HRR1235643	HEALTHY	0	-1.7088749932769445
fame	STAD	test	HRR1235649	HEALTHY	0	-1.0459087957038085
fame	STAD	test	HRR1235651	HEALTHY	0	-2.77432720725842
fame	STAD	test	HRR1235652	HEALTHY	0	-1.2408374695246895
fame	STAD	test	HRR1235654	HEALTHY	0	1.2035888290505323
fame	STAD	test	HRR1235656	HEALTHY	0	-1.2420227318701087
fame	STAD	test	HRR1235659	HEALTHY	0	-0.3141258913144351
fame	STAD	test	HRR1235660	HEALTHY	0	-1.761147954078058
fame	STAD	test	HRR1235664	HEALTHY	0	-0.1466588148248268
fame	STAD	test	HRR1235666	HEALTHY	0	-1.608108754889624
fame	STAD	test	HRR1235668	HEALTHY	0	-0.8089974294641786
fame	STAD	test	HRR1235681	HEALTHY	0	-2.243806888448122
fame	STAD	test	HRR1235682	HEALTHY	0	-1.2335335935597669
fame	STAD	test	HRR1235684	HEALTHY	0	-1.4481122905597472
fame	STAD	test	HRR1235700	HEALTHY	0	-2.631140855749361
fame	STAD	test	HRR1235701	HEALTHY	0	-1.609884275879437
fame	STAD	test	HRR1235702	HEALTHY	0	-2.8375016096432226
fame	STAD	test	HRR1235705	HEALTHY	0	-1.695320046715125
fame	STAD	test	HRR1235708	HEALTHY	0	0.515928332807408
fame	STAD	test	HRR1235717	HEALTHY	0	-1.2326847712882525
fame	STAD	test	HRR1235718	HEALTHY	0	-2.356612789490087
fame	STAD	test	HRR1235721	HEALTHY	0	-1.0790038104571709
fame	STAD	test	HRR1235724	HEALTHY	0	-0.923998137134139
fame	STAD	test	HRR1235725	HEALTHY	0	-1.5081419239924363
fame	STAD	test	HRR1235729	HEALTHY	0	-2.786838222531637
fame	STAD	test	HRR1235730	HEALTHY	0	0.2883241214103721
fame	STAD	test	HRR1235735	HEALTHY	0	-0.2465977963789925
fame	STAD	test	HRR1235736	HEALTHY	0	-1.0070034689732863
fame	STAD	test	HRR1235741	HEALTHY	0	0.1387731589179882
fame	STAD	test	HRR1235742	HEALTHY	0	-2.079911343139396
fame	STAD	test	HRR1235748	HEALTHY	0	-1.3171808790329187
fame	STAD	test	HRR1235749	HEALTHY	0	-1.9615205451954387
fame	STAD	test	HRR1235750	HEALTHY	0	-3.123838316769577
fame	STAD	test	HRR1235752	HEALTHY	0	-1.2838842616629034
fame	STAD	test	HRR1235754	HEALTHY	0	-1.7342672855496646
fame	STAD	test	HRR1235758	HEALTHY	0	-1.7575758943564384
fame	STAD	test	HRR1235761	HEALTHY	0	-0.3610919893422294
fame	STAD	test	HRR1235762	HEALTHY	0	-0.9881642542859328
fame	STAD	test	HRR1235766	HEALTHY	0	-0.0460810478024037
fame	STAD	test	HRR1235778	HEALTHY	0	-0.5905222463580979
fame	STAD	test	HRR1235780	HEALTHY	0	-0.9581952466409108
fame	STAD	test	HRR1235788	HEALTHY	0	-1.2936102950260977
fame	STAD	test	HRR1235791	HEALTHY	0	-2.155154332230032
fame	STAD	test	HRR1235792	HEALTHY	0	-2.0675889151239333
fame	STAD	test	HRR1235794	HEALTHY	0	-2.2636582997572323
fame	STAD	test	HRR1235795	HEALTHY	0	1.2936317366912808
fame	STAD	test	HRR1235796	HEALTHY	0	-1.064392434349002
fame	STAD	test	HRR1235800	HEALTHY	0	-0.7362712539364804
fame	STAD	test	HRR1235802	HEALTHY	0	-1.8489158171495088
fame	STAD	test	HRR1235804	HEALTHY	0	0.0642541937540953
fame	STAD	test	HRR1235806	HEALTHY	0	-0.3985949545339673
fame	STAD	test	HRR1235807	HEALTHY	0	-0.805609485077613
fame	STAD	test	HRR1235810	HEALTHY	0	-1.948657901582453
fame	STAD	test	HRR1235811	HEALTHY	0	-0.740185532631694
fame	STAD	test	HRR1235813	HEALTHY	0	-1.3809202596210215
fame	STAD	test	HRR1236095	STAD	1	1.804079408107776
fame	STAD	test	HRR1236098	STAD	1	1.801614583573745
fame	STAD	test	HRR1236099	STAD	1	2.944120530461541
fame	STAD	test	HRR1236100	STAD	1	1.785130939885921
fame	STAD	test	HRR1236102	STAD	1	0.562205780110125
fame	STAD	test	HRR1236104	STAD	1	1.1503935319676184
fame	STAD	test	HRR1236106	STAD	1	1.4679563304272056
fame	STAD	test	HRR1236109	STAD	1	1.0199166031008176
fame	STAD	test	HRR1236110	STAD	1	7.037863395900973
fame	STAD	test	HRR1236117	STAD	1	7.514865722262305
fame	STAD	test	HRR1236120	STAD	1	3.367794673637653
fame	STAD	test	HRR1236124	STAD	1	0.2524132188180265
fame	STAD	test	HRR1236132	STAD	1	4.092169976571912
fame	STAD	test	HRR1236139	STAD	1	23.691583776979662
fame	STAD	test	HRR1236140	STAD	1	35.669805824963504
fame	STAD	test	HRR1236143	STAD	1	-0.317290470604782
fame	STAD	test	HRR1236148	STAD	1	1.8434480664502708
fame	STAD	test	HRR1236149	STAD	1	-0.8070852638890744
fame	STAD	test	HRR1236154	STAD	1	1.2436998212172372
fame	STAD	test	HRR1236158	STAD	1	5.54947635528045
fame	STAD	test	HRR1236159	STAD	1	1.490893598837707
fame	STAD	test	HRR1236162	STAD	1	5.0737140383580535
fame	STAD	test	HRR1236164	STAD	1	5.470529790186864
fame	STAD	test	HRR1236165	STAD	1	3.802855753782895
fame	STAD	test	HRR1236167	STAD	1	4.773868645109985
fame	STAD	test	HRR1236168	STAD	1	12.349378763495412
fame	STAD	test	HRR1236170	STAD	1	12.72059958446744
fame	STAD	test	HRR1236172	STAD	1	22.52639884203459
fame	STAD	test	HRR1236173	STAD	1	24.210670669040898
fame	STAD	test	HRR1236175	STAD	1	6.759910063162634
fame	STAD	test	HRR1236176	STAD	1	0.6169358237766969
fame	STAD	test	HRR1236186	STAD	1	25.523310043682866
fame	STAD	test	HRR1236187	STAD	1	2.4101299324529664
fame	STAD	test	HRR1236188	STAD	1	13.092078544786764
fame	STAD	test	HRR1236192	STAD	1	36.070199306794
fame	STAD	test	HRR1236199	STAD	1	14.094447860004864
fame-gw	BRCA	cv	HRR1235319	HEALTHY	0	0.006
fame-gw	BRCA	cv	HRR1235320	HEALTHY	0	0.066
fame-gw	BRCA	cv	HRR1235321	HEALTHY	0	0.266
fame-gw	BRCA	cv	HRR1235322	HEALTHY	0	0.008
fame-gw	BRCA	cv	HRR1235323	HEALTHY	0	0.46
fame-gw	BRCA	cv	HRR1235325	HEALTHY	0	0.0
fame-gw	BRCA	cv	HRR1235326	HEALTHY	0	0.0
fame-gw	BRCA	cv	HRR1235327	HEALTHY	0	0.106
fame-gw	BRCA	cv	HRR1235328	HEALTHY	0	0.002
fame-gw	BRCA	cv	HRR1235330	HEALTHY	0	0.146
fame-gw	BRCA	cv	HRR1235331	HEALTHY	0	0.0
fame-gw	BRCA	cv	HRR1235332	HEALTHY	0	0.0
fame-gw	BRCA	cv	HRR1235334	HEALTHY	0	0.004
fame-gw	BRCA	cv	HRR1235335	HEALTHY	0	0.056
fame-gw	BRCA	cv	HRR1235337	HEALTHY	0	0.004
fame-gw	BRCA	cv	HRR1235339	HEALTHY	0	0.002
fame-gw	BRCA	cv	HRR1235340	HEALTHY	0	0.02
fame-gw	BRCA	cv	HRR1235341	HEALTHY	0	0.0
fame-gw	BRCA	cv	HRR1235342	HEALTHY	0	0.026
fame-gw	BRCA	cv	HRR1235343	HEALTHY	0	0.008
fame-gw	BRCA	cv	HRR1235344	HEALTHY	0	0.004
fame-gw	BRCA	cv	HRR1235345	HEALTHY	0	0.004
fame-gw	BRCA	cv	HRR1235346	HEALTHY	0	0.0
fame-gw	BRCA	cv	HRR1235347	HEALTHY	0	0.038
fame-gw	BRCA	cv	HRR1235349	HEALTHY	0	0.002
fame-gw	BRCA	cv	HRR1235350	HEALTHY	0	0.06
fame-gw	BRCA	cv	HRR1235351	HEALTHY	0	0.0
fame-gw	BRCA	cv	HRR1235352	HEALTHY	0	0.002
fame-gw	BRCA	cv	HRR1235353	HEALTHY	0	0.004
fame-gw	BRCA	cv	HRR1235354	HEALTHY	0	0.0
fame-gw	BRCA	cv	HRR1235355	HEALTHY	0	0.0
fame-gw	BRCA	cv	HRR1235356	HEALTHY	0	0.0
fame-gw	BRCA	cv	HRR1235357	HEALTHY	0	0.17
fame-gw	BRCA	cv	HRR1235358	HEALTHY	0	0.03
fame-gw	BRCA	cv	HRR1235359	HEALTHY	0	0.038
fame-gw	BRCA	cv	HRR1235360	HEALTHY	0	0.0
fame-gw	BRCA	cv	HRR1235361	HEALTHY	0	0.0
fame-gw	BRCA	cv	HRR1235363	HEALTHY	0	0.0
fame-gw	BRCA	cv	HRR1235364	HEALTHY	0	0.012
fame-gw	BRCA	cv	HRR1235365	HEALTHY	0	0.0
fame-gw	BRCA	cv	HRR1235367	HEALTHY	0	0.032
fame-gw	BRCA	cv	HRR1235368	HEALTHY	0	0.0
fame-gw	BRCA	cv	HRR1235369	HEALTHY	0	0.712
fame-gw	BRCA	cv	HRR1235370	HEALTHY	0	0.0
fame-gw	BRCA	cv	HRR1235371	HEALTHY	0	0.0
fame-gw	BRCA	cv	HRR1235372	HEALTHY	0	0.002
fame-gw	BRCA	cv	HRR1235373	HEALTHY	0	0.008
fame-gw	BRCA	cv	HRR1235374	HEALTHY	0	0.074
fame-gw	BRCA	cv	HRR1235375	HEALTHY	0	0.0
fame-gw	BRCA	cv	HRR1235376	HEALTHY	0	0.0
fame-gw	BRCA	cv	HRR1235377	HEALTHY	0	0.016
fame-gw	BRCA	cv	HRR1235378	HEALTHY	0	0.002
fame-gw	BRCA	cv	HRR1235380	HEALTHY	0	0.0
fame-gw	BRCA	cv	HRR1235381	HEALTHY	0	0.0
fame-gw	BRCA	cv	HRR1235382	HEALTHY	0	0.0
fame-gw	BRCA	cv	HRR1235383	HEALTHY	0	0.0
fame-gw	BRCA	cv	HRR1235384	HEALTHY	0	0.026
fame-gw	BRCA	cv	HRR1235386	HEALTHY	0	0.0
fame-gw	BRCA	cv	HRR1235387	HEALTHY	0	0.012
fame-gw	BRCA	cv	HRR1235388	HEALTHY	0	0.764
fame-gw	BRCA	cv	HRR1235389	HEALTHY	0	0.0
fame-gw	BRCA	cv	HRR1235390	HEALTHY	0	0.0
fame-gw	BRCA	cv	HRR1235391	HEALTHY	0	0.0
fame-gw	BRCA	cv	HRR1235392	HEALTHY	0	0.0
fame-gw	BRCA	cv	HRR1235393	HEALTHY	0	0.024
fame-gw	BRCA	cv	HRR1235395	HEALTHY	0	0.0
fame-gw	BRCA	cv	HRR1235396	HEALTHY	0	0.0
fame-gw	BRCA	cv	HRR1235397	HEALTHY	0	0.004
fame-gw	BRCA	cv	HRR1235400	HEALTHY	0	0.0
fame-gw	BRCA	cv	HRR1235401	HEALTHY	0	0.0
fame-gw	BRCA	cv	HRR1235403	HEALTHY	0	0.008
fame-gw	BRCA	cv	HRR1235404	HEALTHY	0	0.0
fame-gw	BRCA	cv	HRR1235405	HEALTHY	0	0.0
fame-gw	BRCA	cv	HRR1235406	HEALTHY	0	0.024
fame-gw	BRCA	cv	HRR1235407	HEALTHY	0	0.0
fame-gw	BRCA	cv	HRR1235408	HEALTHY	0	0.002
fame-gw	BRCA	cv	HRR1235409	HEALTHY	0	0.004
fame-gw	BRCA	cv	HRR1235411	HEALTHY	0	0.26
fame-gw	BRCA	cv	HRR1235412	HEALTHY	0	0.004
fame-gw	BRCA	cv	HRR1235413	HEALTHY	0	0.0
fame-gw	BRCA	cv	HRR1235415	HEALTHY	0	0.004
fame-gw	BRCA	cv	HRR1235417	HEALTHY	0	0.002
fame-gw	BRCA	cv	HRR1235418	HEALTHY	0	0.0
fame-gw	BRCA	cv	HRR1235419	HEALTHY	0	0.07
fame-gw	BRCA	cv	HRR1235420	HEALTHY	0	0.0
fame-gw	BRCA	cv	HRR1235422	HEALTHY	0	0.022
fame-gw	BRCA	cv	HRR1235423	HEALTHY	0	0.0
fame-gw	BRCA	cv	HRR1235425	HEALTHY	0	0.008
fame-gw	BRCA	cv	HRR1235426	HEALTHY	0	0.0
fame-gw	BRCA	cv	HRR1235427	HEALTHY	0	0.002
fame-gw	BRCA	cv	HRR1235428	HEALTHY	0	0.0
fame-gw	BRCA	cv	HRR1235429	HEALTHY	0	0.0
fame-gw	BRCA	cv	HRR1235430	HEALTHY	0	0.002
fame-gw	BRCA	cv	HRR1235431	HEALTHY	0	0.0
fame-gw	BRCA	cv	HRR1235432	HEALTHY	0	0.034
fame-gw	BRCA	cv	HRR1235433	HEALTHY	0	0.014
fame-gw	BRCA	cv	HRR1235435	HEALTHY	0	0.006
fame-gw	BRCA	cv	HRR1235436	HEALTHY	0	0.0
fame-gw	BRCA	cv	HRR1235437	HEALTHY	0	0.0
fame-gw	BRCA	cv	HRR1235438	HEALTHY	0	0.058
fame-gw	BRCA	cv	HRR1235439	HEALTHY	0	0.0
fame-gw	BRCA	cv	HRR1235440	HEALTHY	0	0.0
fame-gw	BRCA	cv	HRR1235441	HEALTHY	0	0.006
fame-gw	BRCA	cv	HRR1235442	HEALTHY	0	0.008
fame-gw	BRCA	cv	HRR1235443	HEALTHY	0	0.004
fame-gw	BRCA	cv	HRR1235444	HEALTHY	0	0.032
fame-gw	BRCA	cv	HRR1235445	HEALTHY	0	0.002
fame-gw	BRCA	cv	HRR1235446	HEALTHY	0	0.0
fame-gw	BRCA	cv	HRR1235447	HEALTHY	0	0.026
fame-gw	BRCA	cv	HRR1235448	HEALTHY	0	0.0
fame-gw	BRCA	cv	HRR1235449	HEALTHY	0	0.0
fame-gw	BRCA	cv	HRR1235450	HEALTHY	0	0.0
fame-gw	BRCA	cv	HRR1235451	HEALTHY	0	0.314
fame-gw	BRCA	cv	HRR1235452	HEALTHY	0	0.0
fame-gw	BRCA	cv	HRR1235453	HEALTHY	0	0.0
fame-gw	BRCA	cv	HRR1235455	HEALTHY	0	0.0
fame-gw	BRCA	cv	HRR1235456	HEALTHY	0	0.0
fame-gw	BRCA	cv	HRR1235457	HEALTHY	0	0.018
fame-gw	BRCA	cv	HRR1235458	HEALTHY	0	0.018
fame-gw	BRCA	cv	HRR1235459	HEALTHY	0	0.002
fame-gw	BRCA	cv	HRR1235460	HEALTHY	0	0.0
fame-gw	BRCA	cv	HRR1235461	HEALTHY	0	0.0
fame-gw	BRCA	cv	HRR1235463	HEALTHY	0	0.0
fame-gw	BRCA	cv	HRR1235464	HEALTHY	0	0.0
fame-gw	BRCA	cv	HRR1235465	HEALTHY	0	0.024
fame-gw	BRCA	cv	HRR1235466	HEALTHY	0	0.0
fame-gw	BRCA	cv	HRR1235467	HEALTHY	0	0.012
fame-gw	BRCA	cv	HRR1235468	HEALTHY	0	0.0
fame-gw	BRCA	cv	HRR1235469	HEALTHY	0	0.0
fame-gw	BRCA	cv	HRR1235470	HEALTHY	0	0.078
fame-gw	BRCA	cv	HRR1235472	HEALTHY	0	0.0
fame-gw	BRCA	cv	HRR1235473	HEALTHY	0	0.0
fame-gw	BRCA	cv	HRR1235474	HEALTHY	0	0.0
fame-gw	BRCA	cv	HRR1235475	HEALTHY	0	0.0
fame-gw	BRCA	cv	HRR1235478	HEALTHY	0	0.058
fame-gw	BRCA	cv	HRR1235481	HEALTHY	0	0.0
fame-gw	BRCA	cv	HRR1235482	HEALTHY	0	0.0
fame-gw	BRCA	cv	HRR1235483	HEALTHY	0	0.076
fame-gw	BRCA	cv	HRR1235486	HEALTHY	0	0.024
fame-gw	BRCA	cv	HRR1235488	HEALTHY	0	0.004
fame-gw	BRCA	cv	HRR1235489	HEALTHY	0	0.0
fame-gw	BRCA	cv	HRR1235490	HEALTHY	0	0.004
fame-gw	BRCA	cv	HRR1235491	HEALTHY	0	0.048
fame-gw	BRCA	cv	HRR1235492	HEALTHY	0	0.0
fame-gw	BRCA	cv	HRR1235493	HEALTHY	0	0.0
fame-gw	BRCA	cv	HRR1235497	HEALTHY	0	0.004
fame-gw	BRCA	cv	HRR1235498	HEALTHY	0	0.0
fame-gw	BRCA	cv	HRR1235499	HEALTHY	0	0.0
fame-gw	BRCA	cv	HRR1235500	HEALTHY	0	0.018
fame-gw	BRCA	cv	HRR1235501	HEALTHY	0	0.002
fame-gw	BRCA	cv	HRR1235502	HEALTHY	0	0.0
fame-gw	BRCA	cv	HRR1235503	HEALTHY	0	0.0
fame-gw	BRCA	cv	HRR1235504	HEALTHY	0	0.012
fame-gw	BRCA	cv	HRR1235505	HEALTHY	0	0.0
fame-gw	BRCA	cv	HRR1235506	HEALTHY	0	0.02
fame-gw	BRCA	cv	HRR1235508	HEALTHY	0	0.0
fame-gw	BRCA	cv	HRR1235510	HEALTHY	0	0.0
fame-gw	BRCA	cv	HRR1235511	HEALTHY	0	0.0
fame-gw	BRCA	cv	HRR1235513	HEALTHY	0	0.016
fame-gw	BRCA	cv	HRR1235514	HEALTHY	0	0.288
fame-gw	BRCA	cv	HRR1235515	HEALTHY	0	0.0
fame-gw	BRCA	cv	HRR1235516	HEALTHY	0	0.0
fame-gw	BRCA	cv	HRR1235517	HEALTHY	0	0.014
fame-gw	BRCA	cv	HRR1235518	HEALTHY	0	0.0
fame-gw	BRCA	cv	HRR1235519	HEALTHY	0	0.002
fame-gw	BRCA	cv	HRR1235520	HEALTHY	0	0.0
fame-gw	BRCA	cv	HRR1235521	HEALTHY	0	0.014
fame-gw	BRCA	cv	HRR1235522	HEALTHY	0	0.0
fame-gw	BRCA	cv	HRR1235523	HEALTHY	0	0.072
fame-gw	BRCA	cv	HRR1235524	HEALTHY	0	0.0
fame-gw	BRCA	cv	HRR1235525	HEALTHY	0	0.0
fame-gw	BRCA	cv	HRR1235526	HEALTHY	0	0.004
fame-gw	BRCA	cv	HRR1235527	HEALTHY	0	0.004
fame-gw	BRCA	cv	HRR1235528	HEALTHY	0	0.002
fame-gw	BRCA	cv	HRR1235529	HEALTHY	0	0.01
fame-gw	BRCA	cv	HRR1235530	HEALTHY	0	0.032
fame-gw	BRCA	cv	HRR1235531	HEALTHY	0	0.004
fame-gw	BRCA	cv	HRR1235532	HEALTHY	0	0.012
fame-gw	BRCA	cv	HRR1235533	HEALTHY	0	0.04
fame-gw	BRCA	cv	HRR1235534	HEALTHY	0	0.056
fame-gw	BRCA	cv	HRR1235535	HEALTHY	0	0.0
fame-gw	BRCA	cv	HRR1235536	HEALTHY	0	0.0
fame-gw	BRCA	cv	HRR1235537	HEALTHY	0	0.002
fame-gw	BRCA	cv	HRR1235538	HEALTHY	0	0.038
fame-gw	BRCA	cv	HRR1235539	HEALTHY	0	0.02
fame-gw	BRCA	cv	HRR1235540	HEALTHY	0	0.03
fame-gw	BRCA	cv	HRR1235541	HEALTHY	0	0.0
fame-gw	BRCA	cv	HRR1235542	HEALTHY	0	0.006
fame-gw	BRCA	cv	HRR1235544	HEALTHY	0	0.0
fame-gw	BRCA	cv	HRR1235545	HEALTHY	0	0.018
fame-gw	BRCA	cv	HRR1235546	HEALTHY	0	0.0
fame-gw	BRCA	cv	HRR1235547	HEALTHY	0	0.014
fame-gw	BRCA	cv	HRR1235548	HEALTHY	0	0.002
fame-gw	BRCA	cv	HRR1235549	HEALTHY	0	0.028
fame-gw	BRCA	cv	HRR1235598	HEALTHY	0	0.0
fame-gw	BRCA	cv	HRR1235599	HEALTHY	0	0.08
fame-gw	BRCA	cv	HRR1235600	HEALTHY	0	0.064
fame-gw	BRCA	cv	HRR1235601	HEALTHY	0	0.016
fame-gw	BRCA	cv	HRR1235602	HEALTHY	0	0.044
fame-gw	BRCA	cv	HRR1235603	HEALTHY	0	0.02
fame-gw	BRCA	cv	HRR1235604	HEALTHY	0	0.006
fame-gw	BRCA	cv	HRR1235605	HEALTHY	0	0.014
fame-gw	BRCA	cv	HRR1235606	HEALTHY	0	0.01
fame-gw	BRCA	cv	HRR1235607	HEALTHY	0	0.0
fame-gw	BRCA	cv	HRR1235608	HEALTHY	0	0.024
fame-gw	BRCA	cv	HRR1235609	HEALTHY	0	0.02
fame-gw	BRCA	cv	HRR1235610	HEALTHY	0	0.0
fame-gw	BRCA	cv	HRR1235611	HEALTHY	0	0.07
fame-gw	BRCA	cv	HRR1235612	HEALTHY	0	0.004
fame-gw	BRCA	cv	HRR1235613	HEALTHY	0	0.0
fame-gw	BRCA	cv	HRR1235614	HEALTHY	0	0.008
fame-gw	BRCA	cv	HRR1235615	HEALTHY	0	0.088
fame-gw	BRCA	cv	HRR1235616	HEALTHY	0	0.0
fame-gw	BRCA	cv	HRR1235617	HEALTHY	0	0.034
fame-gw	BRCA	cv	HRR1235618	HEALTHY	0	0.004
fame-gw	BRCA	cv	HRR1235619	HEALTHY	0	0.022
fame-gw	BRCA	cv	HRR1235620	HEALTHY	0	0.014
fame-gw	BRCA	cv	HRR1235622	HEALTHY	0	0.004
fame-gw	BRCA	cv	HRR1235623	HEALTHY	0	0.016
fame-gw	BRCA	cv	HRR1235624	HEALTHY	0	0.108
fame-gw	BRCA	cv	HRR1235625	HEALTHY	0	0.006
fame-gw	BRCA	cv	HRR1235627	HEALTHY	0	0.014
fame-gw	BRCA	cv	HRR1235628	HEALTHY	0	0.0
fame-gw	BRCA	cv	HRR1235631	HEALTHY	0	0.0
fame-gw	BRCA	cv	HRR1235632	HEALTHY	0	0.084
fame-gw	BRCA	cv	HRR1235633	HEALTHY	0	0.0
fame-gw	BRCA	cv	HRR1235634	HEALTHY	0	0.054
fame-gw	BRCA	cv	HRR1235635	HEALTHY	0	0.002
fame-gw	BRCA	cv	HRR1235636	HEALTHY	0	0.0
fame-gw	BRCA	cv	HRR1235637	HEALTHY	0	0.014
fame-gw	BRCA	cv	HRR1235638	HEALTHY	0	0.0
fame-gw	BRCA	cv	HRR1235639	HEALTHY	0	0.054
fame-gw	BRCA	cv	HRR1235641	HEALTHY	0	0.004
fame-gw	BRCA	cv	HRR1235642	HEALTHY	0	0.02
fame-gw	BRCA	cv	HRR1235644	HEALTHY	0	0.0
fame-gw	BRCA	cv	HRR1235645	HEALTHY	0	0.0
fame-gw	BRCA	cv	HRR1235646	HEALTHY	0	0.004
fame-gw	BRCA	cv	HRR1235647	HEALTHY	0	0.0
fame-gw	BRCA	cv	HRR1235648	HEALTHY	0	0.0
fame-gw	BRCA	cv	HRR1235650	HEALTHY	0	0.0
fame-gw	BRCA	cv	HRR1235653	HEALTHY	0	0.0
fame-gw	BRCA	cv	HRR1235655	HEALTHY	0	0.0
fame-gw	BRCA	cv	HRR1235657	HEALTHY	0	0.01
fame-gw	BRCA	cv	HRR1235658	HEALTHY	0	0.0
fame-gw	BRCA	cv	HRR1235661	HEALTHY	0	0.0
fame-gw	BRCA	cv	HRR1235662	HEALTHY	0	0.0
fame-gw	BRCA	cv	HRR1235663	HEALTHY	0	0.0
fame-gw	BRCA	cv	HRR1235665	HEALTHY	0	0.0
fame-gw	BRCA	cv	HRR1235667	HEALTHY	0	0.0
fame-gw	BRCA	cv	HRR1235669	HEALTHY	0	0.02
fame-gw	BRCA	cv	HRR1235670	HEALTHY	0	0.022
fame-gw	BRCA	cv	HRR1235671	HEALTHY	0	0.002
fame-gw	BRCA	cv	HRR1235672	HEALTHY	0	0.0
fame-gw	BRCA	cv	HRR1235673	HEALTHY	0	0.036
fame-gw	BRCA	cv	HRR1235674	HEALTHY	0	0.002
fame-gw	BRCA	cv	HRR1235675	HEALTHY	0	0.012
fame-gw	BRCA	cv	HRR1235676	HEALTHY	0	0.0
fame-gw	BRCA	cv	HRR1235677	HEALTHY	0	0.006
fame-gw	BRCA	cv	HRR1235678	HEALTHY	0	0.0
fame-gw	BRCA	cv	HRR1235679	HEALTHY	0	0.028
fame-gw	BRCA	cv	HRR1235680	HEALTHY	0	0.024
fame-gw	BRCA	cv	HRR1235683	HEALTHY	0	0.0
fame-gw	BRCA	cv	HRR1235685	HEALTHY	0	0.0
fame-gw	BRCA	cv	HRR1235686	HEALTHY	0	0.078
fame-gw	BRCA	cv	HRR1235687	HEALTHY	0	0.0
fame-gw	BRCA	cv	HRR1235688	HEALTHY	0	0.0
fame-gw	BRCA	cv	HRR1235689	HEALTHY	0	0.0
fame-gw	BRCA	cv	HRR1235690	HEALTHY	0	0.096
fame-gw	BRCA	cv	HRR1235691	HEALTHY	0	0.112
fame-gw	BRCA	cv	HRR1235692	HEALTHY	0	0.022
fame-gw	BRCA	cv	HRR1235693	HEALTHY	0	0.0
fame-gw	BRCA	cv	HRR1235694	HEALTHY	0	0.0
fame-gw	BRCA	cv	HRR1235695	HEALTHY	0	0.0
fame-gw	BRCA	cv	HRR1235696	HEALTHY	0	0.362
fame-gw	BRCA	cv	HRR1235697	HEALTHY	0	0.002
fame-gw	BRCA	cv	HRR1235698	HEALTHY	0	0.01
fame-gw	BRCA	cv	HRR1235699	HEALTHY	0	0.0
fame-gw	BRCA	cv	HRR1235703	HEALTHY	0	0.034
fame-gw	BRCA	cv	HRR1235704	HEALTHY	0	0.0
fame-gw	BRCA	cv	HRR1235706	HEALTHY	0	0.0
fame-gw	BRCA	cv	HRR1235707	HEALTHY	0	0.0
fame-gw	BRCA	cv	HRR1235709	HEALTHY	0	0.002
fame-gw	BRCA	cv	HRR1235710	HEALTHY	0	0.02
fame-gw	BRCA	cv	HRR1235711	HEALTHY	0	0.004
fame-gw	BRCA	cv	HRR1235712	HEALTHY	0	0.03
fame-gw	BRCA	cv	HRR1235713	HEALTHY	0	0.0
fame-gw	BRCA	cv	HRR1235714	HEALTHY	0	0.0
fame-gw	BRCA	cv	HRR1235715	HEALTHY	0	0.0
fame-gw	BRCA	cv	HRR1235716	HEALTHY	0	0.0
fame-gw	BRCA	cv	HRR1235719	HEALTHY	0	0.0
fame-gw	BRCA	cv	HRR1235720	HEALTHY	0	0.0
fame-gw	BRCA	cv	HRR1235722	HEALTHY	0	0.0
fame-gw	BRCA	cv	HRR1235723	HEALTHY	0	0.066
fame-gw	BRCA	cv	HRR1235726	HEALTHY	0	0.0
fame-gw	BRCA	cv	HRR1235727	HEALTHY	0	0.006
fame-gw	BRCA	cv	HRR1235728	HEALTHY	0	0.0
fame-gw	BRCA	cv	HRR1235731	HEALTHY	0	0.0
fame-gw	BRCA	cv	HRR1235732	HEALTHY	0	0.0
fame-gw	BRCA	cv	HRR1235733	HEALTHY	0	0.012
fame-gw	BRCA	cv	HRR1235734	HEALTHY	0	0.004
fame-gw	BRCA	cv	HRR1235737	HEALTHY	0	0.014
fame-gw	BRCA	cv	HRR1235738	HEALTHY	0	0.0
fame-gw	BRCA	cv	HRR1235739	HEALTHY	0	0.03
fame-gw	BRCA	cv	HRR1235740	HEALTHY	0	0.0
fame-gw	BRCA	cv	HRR1235743	HEALTHY	0	0.002
fame-gw	BRCA	cv	HRR1235744	HEALTHY	0	0.002
fame-gw	BRCA	cv	HRR1235745	HEALTHY	0	0.0
fame-gw	BRCA	cv	HRR1235746	HEALTHY	0	0.008
fame-gw	BRCA	cv	HRR1235747	HEALTHY	0	0.018
fame-gw	BRCA	cv	HRR1235751	HEALTHY	0	0.012
fame-gw	BRCA	cv	HRR1235753	HEALTHY	0	0.12
fame-gw	BRCA	cv	HRR1235755	HEALTHY	0	0.0
fame-gw	BRCA	cv	HRR1235756	HEALTHY	0	0.016
fame-gw	BRCA	cv	HRR1235757	HEALTHY	0	0.002
fame-gw	BRCA	cv	HRR1235759	HEALTHY	0	0.024
fame-gw	BRCA	cv	HRR1235760	HEALTHY	0	0.0
fame-gw	BRCA	cv	HRR1235763	HEALTHY	0	0.0
fame-gw	BRCA	cv	HRR1235764	HEALTHY	0	0.0
fame-gw	BRCA	cv	HRR1235765	HEALTHY	0	0.028
fame-gw	BRCA	cv	HRR1235767	HEALTHY	0	0.0
fame-gw	BRCA	cv	HRR1235768	HEALTHY	0	0.002
fame-gw	BRCA	cv	HRR1235769	HEALTHY	0	0.008
fame-gw	BRCA	cv	HRR1235770	HEALTHY	0	0.0
fame-gw	BRCA	cv	HRR1235771	HEALTHY	0	0.032
fame-gw	BRCA	cv	HRR1235772	HEALTHY	0	0.0
fame-gw	BRCA	cv	HRR1235773	HEALTHY	0	0.0
fame-gw	BRCA	cv	HRR1235774	HEALTHY	0	0.048
fame-gw	BRCA	cv	HRR1235775	HEALTHY	0	0.002
fame-gw	BRCA	cv	HRR1235776	HEALTHY	0	0.0
fame-gw	BRCA	cv	HRR1235777	HEALTHY	0	0.012
fame-gw	BRCA	cv	HRR1235779	HEALTHY	0	0.006
fame-gw	BRCA	cv	HRR1235781	HEALTHY	0	0.16
fame-gw	BRCA	cv	HRR1235782	HEALTHY	0	0.006
fame-gw	BRCA	cv	HRR1235783	HEALTHY	0	0.0
fame-gw	BRCA	cv	HRR1235784	HEALTHY	0	0.004
fame-gw	BRCA	cv	HRR1235785	HEALTHY	0	0.0
fame-gw	BRCA	cv	HRR1235786	HEALTHY	0	0.006
fame-gw	BRCA	cv	HRR1235787	HEALTHY	0	0.0
fame-gw	BRCA	cv	HRR1235789	HEALTHY	0	0.0
fame-gw	BRCA	cv	HRR1235790	HEALTHY	0	0.0
fame-gw	BRCA	cv	HRR1235793	HEALTHY	0	0.006
fame-gw	BRCA	cv	HRR1235797	HEALTHY	0	0.0
fame-gw	BRCA	cv	HRR1235798	HEALTHY	0	0.0
fame-gw	BRCA	cv	HRR1235799	HEALTHY	0	0.0
fame-gw	BRCA	cv	HRR1235801	HEALTHY	0	0.002
fame-gw	BRCA	cv	HRR1235803	HEALTHY	0	0.072
fame-gw	BRCA	cv	HRR1235805	HEALTHY	0	0.004
fame-gw	BRCA	cv	HRR1235808	HEALTHY	0	0.01
fame-gw	BRCA	cv	HRR1235809	HEALTHY	0	0.0
fame-gw	BRCA	cv	HRR1235812	HEALTHY	0	0.0
fame-gw	BRCA	cv	HRR1235814	HEALTHY	0	0.002
fame-gw	BRCA	cv	HRR1235815	HEALTHY	0	0.004
fame-gw	BRCA	cv	HRR1235817	BRCA	1	1.0
fame-gw	BRCA	cv	HRR1235818	BRCA	1	1.0
fame-gw	BRCA	cv	HRR1235819	BRCA	1	1.0
fame-gw	BRCA	cv	HRR1235820	BRCA	1	1.0
fame-gw	BRCA	cv	HRR1235824	BRCA	1	1.0
fame-gw	BRCA	cv	HRR1235825	BRCA	1	1.0
fame-gw	BRCA	cv	HRR1235830	BRCA	1	0.984
fame-gw	BRCA	cv	HRR1235831	BRCA	1	0.994
fame-gw	BRCA	cv	HRR1235833	BRCA	1	1.0
fame-gw	BRCA	cv	HRR1235834	BRCA	1	1.0
fame-gw	BRCA	cv	HRR1235836	BRCA	1	1.0
fame-gw	BRCA	cv	HRR1235837	BRCA	1	1.0
fame-gw	BRCA	cv	HRR1235838	BRCA	1	0.902
fame-gw	BRCA	cv	HRR1235839	BRCA	1	1.0
fame-gw	BRCA	cv	HRR1235840	BRCA	1	0.974
fame-gw	BRCA	cv	HRR1235841	BRCA	1	1.0
fame-gw	BRCA	cv	HRR1235842	BRCA	1	0.998
fame-gw	BRCA	cv	HRR1235843	BRCA	1	1.0
fame-gw	BRCA	cv	HRR1235844	BRCA	1	0.978
fame-gw	BRCA	cv	HRR1235845	BRCA	1	0.994
fame-gw	BRCA	cv	HRR1235846	BRCA	1	0.648
fame-gw	BRCA	cv	HRR1235847	BRCA	1	1.0
fame-gw	BRCA	cv	HRR1235848	BRCA	1	0.998
fame-gw	BRCA	cv	HRR1235849	BRCA	1	1.0
fame-gw	BRCA	cv	HRR1235851	BRCA	1	1.0
fame-gw	BRCA	cv	HRR1235852	BRCA	1	0.982
fame-gw	BRCA	cv	HRR1235853	BRCA	1	0.698
fame-gw	BRCA	cv	HRR1235854	BRCA	1	0.944
fame-gw	BRCA	cv	HRR1235855	BRCA	1	0.828
fame-gw	BRCA	cv	HRR1235858	BRCA	1	0.952
fame-gw	BRCA	cv	HRR1235859	BRCA	1	0.97
fame-gw	BRCA	cv	HRR1235861	BRCA	1	0.536
fame-gw	BRCA	cv	HRR1235862	BRCA	1	0.876
fame-gw	BRCA	cv	HRR1235863	BRCA	1	0.81
fame-gw	BRCA	cv	HRR1235864	BRCA	1	0.0
fame-gw	BRCA	cv	HRR1235866	BRCA	1	0.724
fame-gw	BRCA	cv	HRR1235867	BRCA	1	0.554
fame-gw	BRCA	cv	HRR1235868	BRCA	1	0.162
fame-gw	BRCA	cv	HRR1235870	BRCA	1	0.002
fame-gw	BRCA	cv	HRR1235871	BRCA	1	0.948
fame-gw	BRCA	cv	HRR1235872	BRCA	1	0.796
fame-gw	BRCA	cv	HRR1235873	BRCA	1	0.062
fame-gw	BRCA	cv	HRR1235874	BRCA	1	0.226
fame-gw	BRCA	cv	HRR1235875	BRCA	1	0.802
fame-gw	BRCA	cv	HRR1235878	BRCA	1	0.166
fame-gw	BRCA	cv	HRR1235879	BRCA	1	0.432
fame-gw	BRCA	test	HRR1235324	HEALTHY	0	0.014
fame-gw	BRCA	test	HRR1235329	HEALTHY	0	0.002
fame-gw	BRCA	test	HRR1235333	HEALTHY	0	0.0
fame-gw	BRCA	test	HRR1235336	HEALTHY	0	0.0
fame-gw	BRCA	test	HRR1235338	HEALTHY	0	0.0
fame-gw	BRCA	test	HRR1235348	HEALTHY	0	0.002
fame-gw	BRCA	test	HRR1235362	HEALTHY	0	0.0
fame-gw	BRCA	test	HRR1235366	HEALTHY	0	0.0
fame-gw	BRCA	test	HRR1235379	HEALTHY	0	0.0
fame-gw	BRCA	test	HRR1235385	HEALTHY	0	0.002
fame-gw	BRCA	test	HRR1235394	HEALTHY	0	0.0
fame-gw	BRCA	test	HRR1235398	HEALTHY	0	0.002
fame-gw	BRCA	test	HRR1235399	HEALTHY	0	0.002
fame-gw	BRCA	test	HRR1235402	HEALTHY	0	0.0
fame-gw	BRCA	test	HRR1235410	HEALTHY	0	0.0
fame-gw	BRCA	test	HRR1235414	HEALTHY	0	0.0
fame-gw	BRCA	test	HRR1235416	HEALTHY	0	0.002
fame-gw	BRCA	test	HRR1235421	HEALTHY	0	0.038
fame-gw	BRCA	test	HRR1235424	HEALTHY	0	0.0
fame-gw	BRCA	test	HRR1235434	HEALTHY	0	0.0
fame-gw	BRCA	test	HRR1235454	HEALTHY	0	0.0
fame-gw	BRCA	test	HRR1235462	HEALTHY	0	0.004
fame-gw	BRCA	test	HRR1235471	HEALTHY	0	0.002
fame-gw	BRCA	test	HRR1235476	HEALTHY	0	0.0
fame-gw	BRCA	test	HRR1235477	HEALTHY	0	0.022
fame-gw	BRCA	test	HRR1235479	HEALTHY	0	0.0
fame-gw	BRCA	test	HRR1235480	HEALTHY	0	0.0
fame-gw	BRCA	test	HRR1235484	HEALTHY	0	0.0
fame-gw	BRCA	test	HRR1235485	HEALTHY	0	0.0
fame-gw	BRCA	test	HRR1235487	HEALTHY	0	0.006
fame-gw	BRCA	test	HRR1235494	HEALTHY	0	0.0
fame-gw	BRCA	test	HRR1235495	HEALTHY	0	0.0
fame-gw	BRCA	test	HRR1235496	HEALTHY	0	0.0
fame-gw	BRCA	test	HRR1235507	HEALTHY	0	0.0
fame-gw	BRCA	test	HRR1235509	HEALTHY	0	0.0
fame-gw	BRCA	test	HRR1235512	HEALTHY	0	0.01
fame-gw	BRCA	test	HRR1235543	HEALTHY	0	0.0
fame-gw	BRCA	test	HRR1235550	HEALTHY	0	0.248
fame-gw	BRCA	test	HRR1235551	HEALTHY	0	0.002
fame-gw	BRCA	test	HRR1235552	HEALTHY	0	0.0
fame-gw	BRCA	test	HRR1235553	HEALTHY	0	0.0
fame-gw	BRCA	test	HRR1235554	HEALTHY	0	0.38
fame-gw	BRCA	test	HRR1235555	HEALTHY	0	0.026
fame-gw	BRCA	test	HRR1235556	HEALTHY	0	0.0
fame-gw	BRCA	test	HRR1235557	HEALTHY	0	0.046
fame-gw	BRCA	test	HRR1235558	HEALTHY	0	0.294
fame-gw	BRCA	test	HRR1235559	HEALTHY	0	0.014
fame-gw	BRCA	test	HRR1235560	HEALTHY	0	0.0
fame-gw	BRCA	test	HRR1235561	HEALTHY	0	0.0
fame-gw	BRCA	test	HRR1235562	HEALTHY	0	0.002
fame-gw	BRCA	test	HRR1235563	HEALTHY	0	0.006
fame-gw	BRCA	test	HRR1235564	HEALTHY	0	0.004
fame-gw	BRCA	test	HRR1235565	HEALTHY	0	0.006
fame-gw	BRCA	test	HRR1235566	HEALTHY	0	0.0
fame-gw	BRCA	test	HRR1235567	HEALTHY	0	0.0
fame-gw	BRCA	test	HRR1235568	HEALTHY	0	0.008
fame-gw	BRCA	test	HRR1235569	HEALTHY	0	0.096
fame-gw	BRCA	test	HRR1235570	HEALTHY	0	0.0
fame-gw	BRCA	test	HRR1235571	HEALTHY	0	0.0
fame-gw	BRCA	test	HRR1235572	HEALTHY	0	0.004
fame-gw	BRCA	test	HRR1235573	HEALTHY	0	0.35
fame-gw	BRCA	test	HRR1235574	HEALTHY	0	0.0
fame-gw	BRCA	test	HRR1235575	HEALTHY	0	0.002
fame-gw	BRCA	test	HRR1235576	HEALTHY	0	0.162
fame-gw	BRCA	test	HRR1235577	HEALTHY	0	0.008
fame-gw	BRCA	test	HRR1235578	HEALTHY	0	0.002
fame-gw	BRCA	test	HRR1235579	HEALTHY	0	0.048
fame-gw	BRCA	test	HRR1235580	HEALTHY	0	0.014
fame-gw	BRCA	test	HRR1235581	HEALTHY	0	0.002
fame-gw	BRCA	test	HRR1235582	HEALTHY	0	0.326
fame-gw	BRCA	test	HRR1235583	HEALTHY	0	0.008
fame-gw	BRCA	test	HRR1235584	HEALTHY	0	0.212
fame-gw	BRCA	test	HRR1235585	HEALTHY	0	0.004
fame-gw	BRCA	test	HRR1235586	HEALTHY	0	0.0
fame-gw	BRCA	test	HRR1235587	HEALTHY	0	0.084
fame-gw	BRCA	test	HRR1235588	HEALTHY	0	0.276
fame-gw	BRCA	test	HRR1235589	HEALTHY	0	0.1
fame-gw	BRCA	test	HRR1235590	HEALTHY	0	0.024
fame-gw	BRCA	test	HRR1235591	HEALTHY	0	0.012
fame-gw	BRCA	test	HRR1235592	HEALTHY	0	0.0
fame-gw	BRCA	test	HRR1235593	HEALTHY	0	0.002
fame-gw	BRCA	test	HRR1235594	HEALTHY	0	0.0
fame-gw	BRCA	test	HRR1235595	HEALTHY	0	0.0
fame-gw	BRCA	test	HRR1235596	HEALTHY	0	0.17
fame-gw	BRCA	test	HRR1235597	HEALTHY	0	0.06
fame-gw	BRCA	test	HRR1235621	HEALTHY	0	0.02
fame-gw	BRCA	test	HRR1235626	HEALTHY	0	0.016
fame-gw	BRCA	test	HRR1235629	HEALTHY	0	0.002
fame-gw	BRCA	test	HRR1235630	HEALTHY	0	0.0
fame-gw	BRCA	test	HRR1235640	HEALTHY	0	0.0
fame-gw	BRCA	test	HRR1235643	HEALTHY	0	0.0
fame-gw	BRCA	test	HRR1235649	HEALTHY	0	0.0
fame-gw	BRCA	test	HRR1235651	HEALTHY	0	0.0
fame-gw	BRCA	test	HRR1235652	HEALTHY	0	0.002
fame-gw	BRCA	test	HRR1235654	HEALTHY	0	0.012
fame-gw	BRCA	test	HRR1235656	HEALTHY	0	0.004
fame-gw	BRCA	test	HRR1235659	HEALTHY	0	0.038
fame-gw	BRCA	test	HRR1235660	HEALTHY	0	0.0
fame-gw	BRCA	test	HRR1235664	HEALTHY	0	0.032
fame-gw	BRCA	test	HRR1235666	HEALTHY	0	0.006
fame-gw	BRCA	test	HRR1235668	HEALTHY	0	0.054
fame-gw	BRCA	test	HRR1235681	HEALTHY	0	0.002
fame-gw	BRCA	test	HRR1235682	HEALTHY	0	0.014
fame-gw	BRCA	test	HRR1235684	HEALTHY	0	0.006
fame-gw	BRCA	test	HRR1235700	HEALTHY	0	0.004
fame-gw	BRCA	test	HRR1235701	HEALTHY	0	0.0
fame-gw	BRCA	test	HRR1235702	HEALTHY	0	0.0
fame-gw	BRCA	test	HRR1235705	HEALTHY	0	0.0
fame-gw	BRCA	test	HRR1235708	HEALTHY	0	0.012
fame-gw	BRCA	test	HRR1235717	HEALTHY	0	0.0
fame-gw	BRCA	test	HRR1235718	HEALTHY	0	0.0
fame-gw	BRCA	test	HRR1235721	HEALTHY	0	0.048
fame-gw	BRCA	test	HRR1235724	HEALTHY	0	0.0
fame-gw	BRCA	test	HRR1235725	HEALTHY	0	0.018
fame-gw	BRCA	test	HRR1235729	HEALTHY	0	0.0
fame-gw	BRCA	test	HRR1235730	HEALTHY	0	0.058
fame-gw	BRCA	test	HRR1235735	HEALTHY	0	0.0
fame-gw	BRCA	test	HRR1235736	HEALTHY	0	0.002
fame-gw	BRCA	test	HRR1235741	HEALTHY	0	0.006
fame-gw	BRCA	test	HRR1235742	HEALTHY	0	0.0
fame-gw	BRCA	test	HRR1235748	HEALTHY	0	0.046
fame-gw	BRCA	test	HRR1235749	HEALTHY	0	0.0
fame-gw	BRCA	test	HRR1235750	HEALTHY	0	0.0
fame-gw	BRCA	test	HRR1235752	HEALTHY	0	0.0
fame-gw	BRCA	test	HRR1235754	HEALTHY	0	0.0
fame-gw	BRCA	test	HRR1235758	HEALTHY	0	0.0
fame-gw	BRCA	test	HRR1235761	HEALTHY	0	0.12
fame-gw	BRCA	test	HRR1235762	HEALTHY	0	0.0
fame-gw	BRCA	test	HRR1235766	HEALTHY	0	0.008
fame-gw	BRCA	test	HRR1235778	HEALTHY	0	0.004
fame-gw	BRCA	test	HRR1235780	HEALTHY	0	0.006
fame-gw	BRCA	test	HRR1235788	HEALTHY	0	0.008
fame-gw	BRCA	test	HRR1235791	HEALTHY	0	0.042
fame-gw	BRCA	test	HRR1235792	HEALTHY	0	0.0
fame-gw	BRCA	test	HRR1235794	HEALTHY	0	0.0
fame-gw	BRCA	test	HRR1235795	HEALTHY	0	0.45
fame-gw	BRCA	test	HRR1235796	HEALTHY	0	0.06
fame-gw	BRCA	test	HRR1235800	HEALTHY	0	0.116
fame-gw	BRCA	test	HRR1235802	HEALTHY	0	0.006
fame-gw	BRCA	test	HRR1235804	HEALTHY	0	0.142
fame-gw	BRCA	test	HRR1235806	HEALTHY	0	0.066
fame-gw	BRCA	test	HRR1235807	HEALTHY	0	0.0
fame-gw	BRCA	test	HRR1235810	HEALTHY	0	0.016
fame-gw	BRCA	test	HRR1235811	HEALTHY	0	0.0
fame-gw	BRCA	test	HRR1235813	HEALTHY	0	0.004
fame-gw	BRCA	test	HRR1235816	BRCA	1	1.0
fame-gw	BRCA	test	HRR1235821	BRCA	1	1.0
fame-gw	BRCA	test	HRR1235822	BRCA	1	0.984
fame-gw	BRCA	test	HRR1235823	BRCA	1	1.0
fame-gw	BRCA	test	HRR1235826	BRCA	1	1.0
fame-gw	BRCA	test	HRR1235827	BRCA	1	1.0
fame-gw	BRCA	test	HRR1235828	BRCA	1	1.0
fame-gw	BRCA	test	HRR1235829	BRCA	1	0.996
fame-gw	BRCA	test	HRR1235832	BRCA	1	0.996
fame-gw	BRCA	test	HRR1235835	BRCA	1	1.0
fame-gw	BRCA	test	HRR1235850	BRCA	1	0.966
fame-gw	BRCA	test	HRR1235856	BRCA	1	0.892
fame-gw	BRCA	test	HRR1235857	BRCA	1	0.994
fame-gw	BRCA	test	HRR1235860	BRCA	1	0.154
fame-gw	BRCA	test	HRR1235865	BRCA	1	0.624
fame-gw	BRCA	test	HRR1235869	BRCA	1	0.988
fame-gw	BRCA	test	HRR1235876	BRCA	1	0.714
fame-gw	BRCA	test	HRR1235877	BRCA	1	0.052
fame-gw	BRCA	test	HRR1235880	BRCA	1	0.718
fame-gw	BRCA	test	HRR1235881	BRCA	1	0.008
fame-gw	COREAD	cv	HRR1235319	HEALTHY	0	0.0
fame-gw	COREAD	cv	HRR1235320	HEALTHY	0	0.16
fame-gw	COREAD	cv	HRR1235321	HEALTHY	0	0.336
fame-gw	COREAD	cv	HRR1235322	HEALTHY	0	0.002
fame-gw	COREAD	cv	HRR1235323	HEALTHY	0	0.116
fame-gw	COREAD	cv	HRR1235325	HEALTHY	0	0.01
fame-gw	COREAD	cv	HRR1235326	HEALTHY	0	0.006
fame-gw	COREAD	cv	HRR1235327	HEALTHY	0	0.186
fame-gw	COREAD	cv	HRR1235328	HEALTHY	0	0.004
fame-gw	COREAD	cv	HRR1235330	HEALTHY	0	0.0
fame-gw	COREAD	cv	HRR1235331	HEALTHY	0	0.0
fame-gw	COREAD	cv	HRR1235332	HEALTHY	0	0.086
fame-gw	COREAD	cv	HRR1235334	HEALTHY	0	0.006
fame-gw	COREAD	cv	HRR1235335	HEALTHY	0	0.004
fame-gw	COREAD	cv	HRR1235337	HEALTHY	0	0.0
fame-gw	COREAD	cv	HRR1235339	HEALTHY	0	0.012
fame-gw	COREAD	cv	HRR1235340	HEALTHY	0	0.004
fame-gw	COREAD	cv	HRR1235341	HEALTHY	0	0.078
fame-gw	COREAD	cv	HRR1235342	HEALTHY	0	0.038
fame-gw	COREAD	cv	HRR1235343	HEALTHY	0	0.016
fame-gw	COREAD	cv	HRR1235344	HEALTHY	0	0.0
fame-gw	COREAD	cv	HRR1235345	HEALTHY	0	0.018
fame-gw	COREAD	cv	HRR1235346	HEALTHY	0	0.01
fame-gw	COREAD	cv	HRR1235347	HEALTHY	0	0.018
fame-gw	COREAD	cv	HRR1235349	HEALTHY	0	0.006
fame-gw	COREAD	cv	HRR1235350	HEALTHY	0	0.052
fame-gw	COREAD	cv	HRR1235351	HEALTHY	0	0.002
fame-gw	COREAD	cv	HRR1235352	HEALTHY	0	0.0
fame-gw	COREAD	cv	HRR1235353	HEALTHY	0	0.0
fame-gw	COREAD	cv	HRR1235354	HEALTHY	0	0.02
fame-gw	COREAD	cv	HRR1235355	HEALTHY	0	0.0
fame-gw	COREAD	cv	HRR1235356	HEALTHY	0	0.0
fame-gw	COREAD	cv	HRR1235357	HEALTHY	0	0.344
fame-gw	COREAD	cv	HRR1235358	HEALTHY	0	0.0
fame-gw	COREAD	cv	HRR1235359	HEALTHY	0	0.34
fame-gw	COREAD	cv	HRR1235360	HEALTHY	0	0.004
fame-gw	COREAD	cv	HRR1235361	HEALTHY	0	0.03
fame-gw	COREAD	cv	HRR1235363	HEALTHY	0	0.0
fame-gw	COREAD	cv	HRR1235364	HEALTHY	0	0.062
fame-gw	COREAD	cv	HRR1235365	HEALTHY	0	0.006
fame-gw	COREAD	cv	HRR1235367	HEALTHY	0	0.084
fame-gw	COREAD	cv	HRR1235368	HEALTHY	0	0.004
fame-gw	COREAD	cv	HRR1235369	HEALTHY	0	0.098
fame-gw	COREAD	cv	HRR1235370	HEALTHY	0	0.004
fame-gw	COREAD	cv	HRR1235371	HEALTHY	0	0.0
fame-gw	COREAD	cv	HRR1235372	HEALTHY	0	0.0
fame-gw	COREAD	cv	HRR1235373	HEALTHY	0	0.008
fame-gw	COREAD	cv	HRR1235374	HEALTHY	0	0.034
fame-gw	COREAD	cv	HRR1235375	HEALTHY	0	0.004
fame-gw	COREAD	cv	HRR1235376	HEALTHY	0	0.0
fame-gw	COREAD	cv	HRR1235377	HEALTHY	0	0.0
fame-gw	COREAD	cv	HRR1235378	HEALTHY	0	0.018
fame-gw	COREAD	cv	HRR1235380	HEALTHY	0	0.0
fame-gw	COREAD	cv	HRR1235381	HEALTHY	0	0.026
fame-gw	COREAD	cv	HRR1235382	HEALTHY	0	0.0
fame-gw	COREAD	cv	HRR1235383	HEALTHY	0	0.0
fame-gw	COREAD	cv	HRR1235384	HEALTHY	0	0.032
fame-gw	COREAD	cv	HRR1235386	HEALTHY	0	0.002
fame-gw	COREAD	cv	HRR1235387	HEALTHY	0	0.004
fame-gw	COREAD	cv	HRR1235388	HEALTHY	0	0.134
fame-gw	COREAD	cv	HRR1235389	HEALTHY	0	0.0
fame-gw	COREAD	cv	HRR1235390	HEALTHY	0	0.02
fame-gw	COREAD	cv	HRR1235391	HEALTHY	0	0.056
fame-gw	COREAD	cv	HRR1235392	HEALTHY	0	0.0
fame-gw	COREAD	cv	HRR1235393	HEALTHY	0	0.128
fame-gw	COREAD	cv	HRR1235395	HEALTHY	0	0.014
fame-gw	COREAD	cv	HRR1235396	HEALTHY	0	0.0
fame-gw	COREAD	cv	HRR1235397	HEALTHY	0	0.006
fame-gw	COREAD	cv	HRR1235400	HEALTHY	0	0.0
fame-gw	COREAD	cv	HRR1235401	HEALTHY	0	0.02
fame-gw	COREAD	cv	HRR1235403	HEALTHY	0	0.004
fame-gw	COREAD	cv	HRR1235404	HEALTHY	0	0.002
fame-gw	COREAD	cv	HRR1235405	HEALTHY	0	0.004
fame-gw	COREAD	cv	HRR1235406	HEALTHY	0	0.034
fame-gw	COREAD	cv	HRR1235407	HEALTHY	0	0.016
fame-gw	COREAD	cv	HRR1235408	HEALTHY	0	0.004
fame-gw	COREAD	cv	HRR1235409	HEALTHY	0	0.044
fame-gw	COREAD	cv	HRR1235411	HEALTHY	0	0.58
fame-gw	COREAD	cv	HRR1235412	HEALTHY	0	0.0
fame-gw	COREAD	cv	HRR1235413	HEALTHY	0	0.004
fame-gw	COREAD	cv	HRR1235415	HEALTHY	0	0.0
fame-gw	COREAD	cv	HRR1235417	HEALTHY	0	0.002
fame-gw	COREAD	cv	HRR1235418	HEALTHY	0	0.004
fame-gw	COREAD	cv	HRR1235419	HEALTHY	0	0.0
fame-gw	COREAD	cv	HRR1235420	HEALTHY	0	0.002
fame-gw	COREAD	cv	HRR1235422	HEALTHY	0	0.002
fame-gw	COREAD	cv	HRR1235423	HEALTHY	0	0.0
fame-gw	COREAD	cv	HRR1235425	HEALTHY	0	0.0
fame-gw	COREAD	cv	HRR1235426	HEALTHY	0	0.09
fame-gw	COREAD	cv	HRR1235427	HEALTHY	0	0.006
fame-gw	COREAD	cv	HRR1235428	HEALTHY	0	0.0
fame-gw	COREAD	cv	HRR1235429	HEALTHY	0	0.006
fame-gw	COREAD	cv	HRR1235430	HEALTHY	0	0.004
fame-gw	COREAD	cv	HRR1235431	HEALTHY	0	0.004
fame-gw	COREAD	cv	HRR1235432	HEALTHY	0	0.05
fame-gw	COREAD	cv	HRR1235433	HEALTHY	0	0.008
fame-gw	COREAD	cv	HRR1235435	HEALTHY	0	0.004
fame-gw	COREAD	cv	HRR1235436	HEALTHY	0	0.0
fame-gw	COREAD	cv	HRR1235437	HEALTHY	0	0.002
fame-gw	COREAD	cv	HRR1235438	HEALTHY	0	0.008
fame-gw	COREAD	cv	HRR1235439	HEALTHY	0	0.002
fame-gw	COREAD	cv	HRR1235440	HEALTHY	0	0.0
fame-gw	COREAD	cv	HRR1235441	HEALTHY	0	0.064
fame-gw	COREAD	cv	HRR1235442	HEALTHY	0	0.102
fame-gw	COREAD	cv	HRR1235443	HEALTHY	0	0.05
fame-gw	COREAD	cv	HRR1235444	HEALTHY	0	0.0
fame-gw	COREAD	cv	HRR1235445	HEALTHY	0	0.0
fame-gw	COREAD	cv	HRR1235446	HEALTHY	0	0.008
fame-gw	COREAD	cv	HRR1235447	HEALTHY	0	0.0
fame-gw	COREAD	cv	HRR1235448	HEALTHY	0	0.0
fame-gw	COREAD	cv	HRR1235449	HEALTHY	0	0.034
fame-gw	COREAD	cv	HRR1235450	HEALTHY	0	0.0
fame-gw	COREAD	cv	HRR1235451	HEALTHY	0	0.716
fame-gw	COREAD	cv	HRR1235452	HEALTHY	0	0.036
fame-gw	COREAD	cv	HRR1235453	HEALTHY	0	0.014
fame-gw	COREAD	cv	HRR1235455	HEALTHY	0	0.006
fame-gw	COREAD	cv	HRR1235456	HEALTHY	0	0.0
fame-gw	COREAD	cv	HRR1235457	HEALTHY	0	0.006
fame-gw	COREAD	cv	HRR1235458	HEALTHY	0	0.016
fame-gw	COREAD	cv	HRR1235459	HEALTHY	0	0.03
fame-gw	COREAD	cv	HRR1235460	HEALTHY	0	0.006
fame-gw	COREAD	cv	HRR1235461	HEALTHY	0	0.004
fame-gw	COREAD	cv	HRR1235463	HEALTHY	0	0.006
fame-gw	COREAD	cv	HRR1235464	HEALTHY	0	0.002
fame-gw	COREAD	cv	HRR1235465	HEALTHY	0	0.024
fame-gw	COREAD	cv	HRR1235466	HEALTHY	0	0.0
fame-gw	COREAD	cv	HRR1235467	HEALTHY	0	0.014
fame-gw	COREAD	cv	HRR1235468	HEALTHY	0	0.0
fame-gw	COREAD	cv	HRR1235469	HEALTHY	0	0.002
fame-gw	COREAD	cv	HRR1235470	HEALTHY	0	0.0
fame-gw	COREAD	cv	HRR1235472	HEALTHY	0	0.0
fame-gw	COREAD	cv	HRR1235473	HEALTHY	0	0.008
fame-gw	COREAD	cv	HRR1235474	HEALTHY	0	0.006
fame-gw	COREAD	cv	HRR1235475	HEALTHY	0	0.0
fame-gw	COREAD	cv	HRR1235478	HEALTHY	0	0.034
fame-gw	COREAD	cv	HRR1235481	HEALTHY	0	0.008
fame-gw	COREAD	cv	HRR1235482	HEALTHY	0	0.012
fame-gw	COREAD	cv	HRR1235483	HEALTHY	0	0.094
fame-gw	COREAD	cv	HRR1235486	HEALTHY	0	0.002
fame-gw	COREAD	cv	HRR1235488	HEALTHY	0	0.014
fame-gw	COREAD	cv	HRR1235489	HEALTHY	0	0.0
fame-gw	COREAD	cv	HRR1235490	HEALTHY	0	0.054
fame-gw	COREAD	cv	HRR1235491	HEALTHY	0	0.032
fame-gw	COREAD	cv	HRR1235492	HEALTHY	0	0.004
fame-gw	COREAD	cv	HRR1235493	HEALTHY	0	0.0
fame-gw	COREAD	cv	HRR1235497	HEALTHY	0	0.002
fame-gw	COREAD	cv	HRR1235498	HEALTHY	0	0.0
fame-gw	COREAD	cv	HRR1235499	HEALTHY	0	0.044
fame-gw	COREAD	cv	HRR1235500	HEALTHY	0	0.036
fame-gw	COREAD	cv	HRR1235501	HEALTHY	0	0.028
fame-gw	COREAD	cv	HRR1235502	HEALTHY	0	0.002
fame-gw	COREAD	cv	HRR1235503	HEALTHY	0	0.044
fame-gw	COREAD	cv	HRR1235504	HEALTHY	0	0.0
fame-gw	COREAD	cv	HRR1235505	HEALTHY	0	0.058
fame-gw	COREAD	cv	HRR1235506	HEALTHY	0	0.0
fame-gw	COREAD	cv	HRR1235508	HEALTHY	0	0.0
fame-gw	COREAD	cv	HRR1235510	HEALTHY	0	0.0
fame-gw	COREAD	cv	HRR1235511	HEALTHY	0	0.01
fame-gw	COREAD	cv	HRR1235513	HEALTHY	0	0.024
fame-gw	COREAD	cv	HRR1235514	HEALTHY	0	0.19
fame-gw	COREAD	cv	HRR1235515	HEALTHY	0	0.0
fame-gw	COREAD	cv	HRR1235516	HEALTHY	0	0.0
fame-gw	COREAD	cv	HRR1235517	HEALTHY	0	0.002
fame-gw	COREAD	cv	HRR1235518	HEALTHY	0	0.05
fame-gw	COREAD	cv	HRR1235519	HEALTHY	0	0.05
fame-gw	COREAD	cv	HRR1235520	HEALTHY	0	0.002
fame-gw	COREAD	cv	HRR1235521	HEALTHY	0	0.002
fame-gw	COREAD	cv	HRR1235522	HEALTHY	0	0.016
fame-gw	COREAD	cv	HRR1235523	HEALTHY	0	0.044
fame-gw	COREAD	cv	HRR1235524	HEALTHY	0	0.0
fame-gw	COREAD	cv	HRR1235525	HEALTHY	0	0.002
fame-gw	COREAD	cv	HRR1235526	HEALTHY	0	0.01
fame-gw	COREAD	cv	HRR1235527	HEALTHY	0	0.016
fame-gw	COREAD	cv	HRR1235528	HEALTHY	0	0.012
fame-gw	COREAD	cv	HRR1235529	HEALTHY	0	0.038
fame-gw	COREAD	cv	HRR1235530	HEALTHY	0	0.01
fame-gw	COREAD	cv	HRR1235531	HEALTHY	0	0.0
fame-gw	COREAD	cv	HRR1235532	HEALTHY	0	0.004
fame-gw	COREAD	cv	HRR1235533	HEALTHY	0	0.038
fame-gw	COREAD	cv	HRR1235534	HEALTHY	0	0.052
fame-gw	COREAD	cv	HRR1235535	HEALTHY	0	0.002
fame-gw	COREAD	cv	HRR1235536	HEALTHY	0	0.0
fame-gw	COREAD	cv	HRR1235537	HEALTHY	0	0.002
fame-gw	COREAD	cv	HRR1235538	HEALTHY	0	0.01
fame-gw	COREAD	cv	HRR1235539	HEALTHY	0	0.016
fame-gw	COREAD	cv	HRR1235540	HEALTHY	0	0.014
fame-gw	COREAD	cv	HRR1235541	HEALTHY	0	0.01
fame-gw	COREAD	cv	HRR1235542	HEALTHY	0	0.002
fame-gw	COREAD	cv	HRR1235544	HEALTHY	0	0.0
fame-gw	COREAD	cv	HRR1235545	HEALTHY	0	0.048
fame-gw	COREAD	cv	HRR1235546	HEALTHY	0	0.0
fame-gw	COREAD	cv	HRR1235547	HEALTHY	0	0.002
fame-gw	COREAD	cv	HRR1235548	HEALTHY	0	0.022
fame-gw	COREAD	cv	HRR1235549	HEALTHY	0	0.028
fame-gw	COREAD	cv	HRR1235598	HEALTHY	0	0.004
fame-gw	COREAD	cv	HRR1235599	HEALTHY	0	0.04
fame-gw	COREAD	cv	HRR1235600	HEALTHY	0	0.014
fame-gw	COREAD	cv	HRR1235601	HEALTHY	0	0.118
fame-gw	COREAD	cv	HRR1235602	HEALTHY	0	0.014
fame-gw	COREAD	cv	HRR1235603	HEALTHY	0	0.0
fame-gw	COREAD	cv	HRR1235604	HEALTHY	0	0.026
fame-gw	COREAD	cv	HRR1235605	HEALTHY	0	0.094
fame-gw	COREAD	cv	HRR1235606	HEALTHY	0	0.0
fame-gw	COREAD	cv	HRR1235607	HEALTHY	0	0.0
fame-gw	COREAD	cv	HRR1235608	HEALTHY	0	0.122
fame-gw	COREAD	cv	HRR1235609	HEALTHY	0	0.0
fame-gw	COREAD	cv	HRR1235610	HEALTHY	0	0.004
fame-gw	COREAD	cv	HRR1235611	HEALTHY	0	0.004
fame-gw	COREAD	cv	HRR1235612	HEALTHY	0	0.0
fame-gw	COREAD	cv	HRR1235613	HEALTHY	0	0.002
fame-gw	COREAD	cv	HRR1235614	HEALTHY	0	0.088
fame-gw	COREAD	cv	HRR1235615	HEALTHY	0	0.042
fame-gw	COREAD	cv	HRR1235616	HEALTHY	0	0.056
fame-gw	COREAD	cv	HRR1235617	HEALTHY	0	0.172
fame-gw	COREAD	cv	HRR1235618	HEALTHY	0	0.022
fame-gw	COREAD	cv	HRR1235619	HEALTHY	0	0.03
fame-gw	COREAD	cv	HRR1235620	HEALTHY	0	0.01
fame-gw	COREAD	cv	HRR1235622	HEALTHY	0	0.002
fame-gw	COREAD	cv	HRR1235623	HEALTHY	0	0.054
fame-gw	COREAD	cv	HRR1235624	HEALTHY	0	0.122
fame-gw	COREAD	cv	HRR1235625	HEALTHY	0	0.008
fame-gw	COREAD	cv	HRR1235627	HEALTHY	0	0.004
fame-gw	COREAD	cv	HRR1235628	HEALTHY	0	0.03
fame-gw	COREAD	cv	HRR1235631	HEALTHY	0	0.02
fame-gw	COREAD	cv	HRR1235632	HEALTHY	0	0.028
fame-gw	COREAD	cv	HRR1235633	HEALTHY	0	0.01
fame-gw	COREAD	cv	HRR1235634	HEALTHY	0	0.01
fame-gw	COREAD	cv	HRR1235635	HEALTHY	0	0.0
fame-gw	COREAD	cv	HRR1235636	HEALTHY	0	0.0
fame-gw	COREAD	cv	HRR1235637	HEALTHY	0	0.006
fame-gw	COREAD	cv	HRR1235638	HEALTHY	0	0.01
fame-gw	COREAD	cv	HRR1235639	HEALTHY	0	0.056
fame-gw	COREAD	cv	HRR1235641	HEALTHY	0	0.012
fame-gw	COREAD	cv	HRR1235642	HEALTHY	0	0.038
fame-gw	COREAD	cv	HRR1235644	HEALTHY	0	0.032
fame-gw	COREAD	cv	HRR1235645	HEALTHY	0	0.0
fame-gw	COREAD	cv	HRR1235646	HEALTHY	0	0.006
fame-gw	COREAD	cv	HRR1235647	HEALTHY	0	0.004
fame-gw	COREAD	cv	HRR1235648	HEALTHY	0	0.01
fame-gw	COREAD	cv	HRR1235650	HEALTHY	0	0.0
fame-gw	COREAD	cv	HRR1235653	HEALTHY	0	0.002
fame-gw	COREAD	cv	HRR1235655	HEALTHY	0	0.202
fame-gw	COREAD	cv	HRR1235657	HEALTHY	0	0.0
fame-gw	COREAD	cv	HRR1235658	HEALTHY	0	0.02
fame-gw	COREAD	cv	HRR1235661	HEALTHY	0	0.008
fame-gw	COREAD	cv	HRR1235662	HEALTHY	0	0.0
fame-gw	COREAD	cv	HRR1235663	HEALTHY	0	0.012
fame-gw	COREAD	cv	HRR1235665	HEALTHY	0	0.004
fame-gw	COREAD	cv	HRR1235667	HEALTHY	0	0.01
fame-gw	COREAD	cv	HRR1235669	HEALTHY	0	0.002
fame-gw	COREAD	cv	HRR1235670	HEALTHY	0	0.0
fame-gw	COREAD	cv	HRR1235671	HEALTHY	0	0.032
fame-gw	COREAD	cv	HRR1235672	HEALTHY	0	0.006
fame-gw	COREAD	cv	HRR1235673	HEALTHY	0	0.018
fame-gw	COREAD	cv	HRR1235674	HEALTHY	0	0.004
fame-gw	COREAD	cv	HRR1235675	HEALTHY	0	0.218
fame-gw	COREAD	cv	HRR1235676	HEALTHY	0	0.004
fame-gw	COREAD	cv	HRR1235677	HEALTHY	0	0.002
fame-gw	COREAD	cv	HRR1235678	HEALTHY	0	0.008
fame-gw	COREAD	cv	HRR1235679	HEALTHY	0	0.054
fame-gw	COREAD	cv	HRR1235680	HEALTHY	0	0.126
fame-gw	COREAD	cv	HRR1235683	HEALTHY	0	0.002
fame-gw	COREAD	cv	HRR1235685	HEALTHY	0	0.016
fame-gw	COREAD	cv	HRR1235686	HEALTHY	0	0.014
fame-gw	COREAD	cv	HRR1235687	HEALTHY	0	0.002
fame-gw	COREAD	cv	HRR1235688	HEALTHY	0	0.006
fame-gw	COREAD	cv	HRR1235689	HEALTHY	0	0.0
fame-gw	COREAD	cv	HRR1235690	HEALTHY	0	0.056
fame-gw	COREAD	cv	HRR1235691	HEALTHY	0	0.032
fame-gw	COREAD	cv	HRR1235692	HEALTHY	0	0.01
fame-gw	COREAD	cv	HRR1235693	HEALTHY	0	0.002
fame-gw	COREAD	cv	HRR1235694	HEALTHY	0	0.0
fame-gw	COREAD	cv	HRR1235695	HEALTHY	0	0.012
fame-gw	COREAD	cv	HRR1235696	HEALTHY	0	0.818
fame-gw	COREAD	cv	HRR1235697	HEALTHY	0	0.0
fame-gw	COREAD	cv	HRR1235698	HEALTHY	0	0.006
fame-gw	COREAD	cv	HRR1235699	HEALTHY	0	0.036
fame-gw	COREAD	cv	HRR1235703	HEALTHY	0	0.016
fame-gw	COREAD	cv	HRR1235704	HEALTHY	0	0.0
fame-gw	COREAD	cv	HRR1235706	HEALTHY	0	0.02
fame-gw	COREAD	cv	HRR1235707	HEALTHY	0	0.0
fame-gw	COREAD	cv	HRR1235709	HEALTHY	0	0.0
fame-gw	COREAD	cv	HRR1235710	HEALTHY	0	0.166
fame-gw	COREAD	cv	HRR1235711	HEALTHY	0	0.0
fame-gw	COREAD	cv	HRR1235712	HEALTHY	0	0.008
fame-gw	COREAD	cv	HRR1235713	HEALTHY	0	0.006
fame-gw	COREAD	cv	HRR1235714	HEALTHY	0	0.014
fame-gw	COREAD	cv	HRR1235715	HEALTHY	0	0.0
fame-gw	COREAD	cv	HRR1235716	HEALTHY	0	0.002
fame-gw	COREAD	cv	HRR1235719	HEALTHY	0	0.0
fame-gw	COREAD	cv	HRR1235720	HEALTHY	0	0.0
fame-gw	COREAD	cv	HRR1235722	HEALTHY	0	0.0
fame-gw	COREAD	cv	HRR1235723	HEALTHY	0	0.128
fame-gw	COREAD	cv	HRR1235726	HEALTHY	0	0.0
fame-gw	COREAD	cv	HRR1235727	HEALTHY	0	0.02
fame-gw	COREAD	cv	HRR1235728	HEALTHY	0	0.002
fame-gw	COREAD	cv	HRR1235731	HEALTHY	0	0.014
fame-gw	COREAD	cv	HRR1235732	HEALTHY	0	0.008
fame-gw	COREAD	cv	HRR1235733	HEALTHY	0	0.364
fame-gw	COREAD	cv	HRR1235734	HEALTHY	0	0.006
fame-gw	COREAD	cv	HRR1235737	HEALTHY	0	0.014
fame-gw	COREAD	cv	HRR1235738	HEALTHY	0	0.0
fame-gw	COREAD	cv	HRR1235739	HEALTHY	0	0.002
fame-gw	COREAD	cv	HRR1235740	HEALTHY	0	0.0
fame-gw	COREAD	cv	HRR1235743	HEALTHY	0	0.0
fame-gw	COREAD	cv	HRR1235744	HEALTHY	0	0.002
fame-gw	COREAD	cv	HRR1235745	HEALTHY	0	0.0
fame-gw	COREAD	cv	HRR1235746	HEALTHY	0	0.052
fame-gw	COREAD	cv	HRR1235747	HEALTHY	0	0.014
fame-gw	COREAD	cv	HRR1235751	HEALTHY	0	0.028
fame-gw	COREAD	cv	HRR1235753	HEALTHY	0	0.032
fame-gw	COREAD	cv	HRR1235755	HEALTHY	0	0.206
fame-gw	COREAD	cv	HRR1235756	HEALTHY	0	0.128
fame-gw	COREAD	cv	HRR1235757	HEALTHY	0	0.002
fame-gw	COREAD	cv	HRR1235759	HEALTHY	0	0.0
fame-gw	COREAD	cv	HRR1235760	HEALTHY	0	0.002
fame-gw	COREAD	cv	HRR1235763	HEALTHY	0	0.0
fame-gw	COREAD	cv	HRR1235764	HEALTHY	0	0.018
fame-gw	COREAD	cv	HRR1235765	HEALTHY	0	0.22
fame-gw	COREAD	cv	HRR1235767	HEALTHY	0	0.0
fame-gw	COREAD	cv	HRR1235768	HEALTHY	0	0.008
fame-gw	COREAD	cv	HRR1235769	HEALTHY	0	0.008
fame-gw	COREAD	cv	HRR1235770	HEALTHY	0	0.002
fame-gw	COREAD	cv	HRR1235771	HEALTHY	0	0.11
fame-gw	COREAD	cv	HRR1235772	HEALTHY	0	0.006
fame-gw	COREAD	cv	HRR1235773	HEALTHY	0	0.03
fame-gw	COREAD	cv	HRR1235774	HEALTHY	0	0.044
fame-gw	COREAD	cv	HRR1235775	HEALTHY	0	0.05
fame-gw	COREAD	cv	HRR1235776	HEALTHY	0	0.46
fame-gw	COREAD	cv	HRR1235777	HEALTHY	0	0.174
fame-gw	COREAD	cv	HRR1235779	HEALTHY	0	0.004
fame-gw	COREAD	cv	HRR1235781	HEALTHY	0	0.008
fame-gw	COREAD	cv	HRR1235782	HEALTHY	0	0.002
fame-gw	COREAD	cv	HRR1235783	HEALTHY	0	0.002
fame-gw	COREAD	cv	HRR1235784	HEALTHY	0	0.0
fame-gw	COREAD	cv	HRR1235785	HEALTHY	0	0.002
fame-gw	COREAD	cv	HRR1235786	HEALTHY	0	0.004
fame-gw	COREAD	cv	HRR1235787	HEALTHY	0	0.0
fame-gw	COREAD	cv	HRR1235789	HEALTHY	0	0.0
fame-gw	COREAD	cv	HRR1235790	HEALTHY	0	0.0
fame-gw	COREAD	cv	HRR1235793	HEALTHY	0	0.014
fame-gw	COREAD	cv	HRR1235797	HEALTHY	0	0.03
fame-gw	COREAD	cv	HRR1235798	HEALTHY	0	0.0
fame-gw	COREAD	cv	HRR1235799	HEALTHY	0	0.0
fame-gw	COREAD	cv	HRR1235801	HEALTHY	0	0.054
fame-gw	COREAD	cv	HRR1235803	HEALTHY	0	0.054
fame-gw	COREAD	cv	HRR1235805	HEALTHY	0	0.072
fame-gw	COREAD	cv	HRR1235808	HEALTHY	0	0.006
fame-gw	COREAD	cv	HRR1235809	HEALTHY	0	0.0
fame-gw	COREAD	cv	HRR1235812	HEALTHY	0	0.034
fame-gw	COREAD	cv	HRR1235814	HEALTHY	0	0.0
fame-gw	COREAD	cv	HRR1235815	HEALTHY	0	0.012
fame-gw	COREAD	cv	HRR1235882	COREAD	1	1.0
fame-gw	COREAD	cv	HRR1235885	COREAD	1	1.0
fame-gw	COREAD	cv	HRR1235887	COREAD	1	0.978
fame-gw	COREAD	cv	HRR1235888	COREAD	1	0.996
fame-gw	COREAD	cv	HRR1235890	COREAD	1	0.964
fame-gw	COREAD	cv	HRR1235892	COREAD	1	0.998
fame-gw	COREAD	cv	HRR1235894	COREAD	1	0.986
fame-gw	COREAD	cv	HRR1235895	COREAD	1	0.652
fame-gw	COREAD	cv	HRR1235896	COREAD	1	0.42
fame-gw	COREAD	cv	HRR1235899	COREAD	1	0.438
fame-gw	COREAD	cv	HRR1235900	COREAD	1	0.996
fame-gw	COREAD	cv	HRR1235902	COREAD	1	0.774
fame-gw	COREAD	cv	HRR1235907	COREAD	1	1.0
fame-gw	COREAD	cv	HRR1235908	COREAD	1	0.576
fame-gw	COREAD	cv	HRR1235911	COREAD	1	0.836
fame-gw	COREAD	cv	HRR1235912	COREAD	1	0.002
fame-gw	COREAD	cv	HRR1235913	COREAD	1	0.64
fame-gw	COREAD	cv	HRR1235916	COREAD	1	0.98
fame-gw	COREAD	cv	HRR1235917	COREAD	1	0.746
fame-gw	COREAD	cv	HRR1235918	COREAD	1	0.378
fame-gw	COREAD	cv	HRR1235919	COREAD	1	0.772
fame-gw	COREAD	cv	HRR1235920	COREAD	1	0.776
fame-gw	COREAD	cv	HRR1235921	COREAD	1	0.974
fame-gw	COREAD	cv	HRR1235922	COREAD	1	0.872
fame-gw	COREAD	cv	HRR1235923	COREAD	1	1.0
fame-gw	COREAD	cv	HRR1235924	COREAD	1	1.0
fame-gw	COREAD	cv	HRR1235925	COREAD	1	1.0
fame-gw	COREAD	cv	HRR1235926	COREAD	1	0.796
fame-gw	COREAD	cv	HRR1235927	COREAD	1	0.66
fame-gw	COREAD	cv	HRR1235928	COREAD	1	0.814
fame-gw	COREAD	cv	HRR1235929	COREAD	1	0.68
fame-gw	COREAD	cv	HRR1235931	COREAD	1	1.0
fame-gw	COREAD	cv	HRR1235932	COREAD	1	0.014
fame-gw	COREAD	cv	HRR1235934	COREAD	1	0.448
fame-gw	COREAD	cv	HRR1235935	COREAD	1	0.774
fame-gw	COREAD	cv	HRR1235936	COREAD	1	1.0
fame-gw	COREAD	cv	HRR1235937	COREAD	1	0.788
fame-gw	COREAD	cv	HRR1235939	COREAD	1	0.946
fame-gw	COREAD	cv	HRR1235940	COREAD	1	1.0
fame-gw	COREAD	cv	HRR1235941	COREAD	1	0.856
fame-gw	COREAD	cv	HRR1235943	COREAD	1	1.0
fame-gw	COREAD	cv	HRR1235947	COREAD	1	1.0
fame-gw	COREAD	cv	HRR1235950	COREAD	1	0.008
fame-gw	COREAD	cv	HRR1235953	COREAD	1	0.762
fame-gw	COREAD	cv	HRR1235954	COREAD	1	1.0
fame-gw	COREAD	cv	HRR1235955	COREAD	1	1.0
fame-gw	COREAD	cv	HRR1235957	COREAD	1	1.0
fame-gw	COREAD	cv	HRR1235958	COREAD	1	1.0
fame-gw	COREAD	cv	HRR1235959	COREAD	1	1.0
fame-gw	COREAD	cv	HRR1235963	COREAD	1	0.998
fame-gw	COREAD	cv	HRR1235965	COREAD	1	0.956
fame-gw	COREAD	cv	HRR1235966	COREAD	1	0.13
fame-gw	COREAD	cv	HRR1235968	COREAD	1	0.9
fame-gw	COREAD	cv	HRR1235972	COREAD	1	0.978
fame-gw	COREAD	cv	HRR1235973	COREAD	1	0.882
fame-gw	COREAD	cv	HRR1235974	COREAD	1	0.574
fame-gw	COREAD	cv	HRR1235975	COREAD	1	1.0
fame-gw	COREAD	cv	HRR1235977	COREAD	1	1.0
fame-gw	COREAD	cv	HRR1235980	COREAD	1	1.0
fame-gw	COREAD	cv	HRR1235981	COREAD	1	0.736
fame-gw	COREAD	cv	HRR1235982	COREAD	1	1.0
fame-gw	COREAD	cv	HRR1235983	COREAD	1	0.97
fame-gw	COREAD	cv	HRR1235985	COREAD	1	0.99
fame-gw	COREAD	cv	HRR1235986	COREAD	1	1.0
fame-gw	COREAD	cv	HRR1235987	COREAD	1	0.988
fame-gw	COREAD	cv	HRR1235988	COREAD	1	0.984
fame-gw	COREAD	cv	HRR1235989	COREAD	1	0.916
fame-gw	COREAD	cv	HRR1235990	COREAD	1	1.0
fame-gw	COREAD	cv	HRR1235991	COREAD	1	0.92
fame-gw	COREAD	cv	HRR1235992	COREAD	1	0.97
fame-gw	COREAD	cv	HRR1235993	COREAD	1	0.99
fame-gw	COREAD	cv	HRR1235995	COREAD	1	0.808
fame-gw	COREAD	cv	HRR1235996	COREAD	1	0.624
fame-gw	COREAD	cv	HRR1235997	COREAD	1	0.994
fame-gw	COREAD	cv	HRR1235998	COREAD	1	1.0
fame-gw	COREAD	cv	HRR1235999	COREAD	1	1.0
fame-gw	COREAD	cv	HRR1236000	COREAD	1	1.0
fame-gw	COREAD	cv	HRR1236001	COREAD	1	1.0
fame-gw	COREAD	cv	HRR1236002	COREAD	1	1.0
fame-gw	COREAD	cv	HRR1236003	COREAD	1	0.986
fame-gw	COREAD	cv	HRR1236004	COREAD	1	0.964
fame-gw	COREAD	cv	HRR1236005	COREAD	1	0.656
fame-gw	COREAD	cv	HRR1236006	COREAD	1	0.996
fame-gw	COREAD	cv	HRR1236007	COREAD	1	0.956
fame-gw	COREAD	cv	HRR1236008	COREAD	1	1.0
fame-gw	COREAD	cv	HRR1236009	COREAD	1	1.0
fame-gw	COREAD	cv	HRR1236010	COREAD	1	1.0
fame-gw	COREAD	cv	HRR1236011	COREAD	1	1.0
fame-gw	COREAD	cv	HRR1236012	COREAD	1	0.992
fame-gw	COREAD	cv	HRR1236013	COREAD	1	1.0
fame-gw	COREAD	cv	HRR1236014	COREAD	1	1.0
fame-gw	COREAD	cv	HRR1236015	COREAD	1	1.0
fame-gw	COREAD	cv	HRR1236016	COREAD	1	1.0
fame-gw	COREAD	cv	HRR1236017	COREAD	1	1.0
fame-gw	COREAD	cv	HRR1236019	COREAD	1	1.0
fame-gw	COREAD	cv	HRR1236021	COREAD	1	0.818
fame-gw	COREAD	cv	HRR1236022	COREAD	1	1.0
fame-gw	COREAD	cv	HRR1236023	COREAD	1	1.0
fame-gw	COREAD	cv	HRR1236024	COREAD	1	1.0
fame-gw	COREAD	cv	HRR1236026	COREAD	1	0.966
fame-gw	COREAD	cv	HRR1236027	COREAD	1	1.0
fame-gw	COREAD	cv	HRR1236028	COREAD	1	1.0
fame-gw	COREAD	cv	HRR1236029	COREAD	1	1.0
fame-gw	COREAD	cv	HRR1236030	COREAD	1	1.0
fame-gw	COREAD	cv	HRR1236031	COREAD	1	0.946
fame-gw	COREAD	test	HRR1235324	HEALTHY	0	0.01
fame-gw	COREAD	test	HRR1235329	HEALTHY	0	0.0
fame-gw	COREAD	test	HRR1235333	HEALTHY	0	0.0
fame-gw	COREAD	test	HRR1235336	HEALTHY	0	0.0
fame-gw	COREAD	test	HRR1235338	HEALTHY	0	0.026
fame-gw	COREAD	test	HRR1235348	HEALTHY	0	0.002
fame-gw	COREAD	test	HRR1235362	HEALTHY	0	0.0
fame-gw	COREAD	test	HRR1235366	HEALTHY	0	0.0
fame-gw	COREAD	test	HRR1235379	HEALTHY	0	0.0
fame-gw	COREAD	test	HRR1235385	HEALTHY	0	0.002
fame-gw	COREAD	test	HRR1235394	HEALTHY	0	0.022
fame-gw	COREAD	test	HRR1235398	HEALTHY	0	0.0
fame-gw	COREAD	test	HRR1235399	HEALTHY	0	0.004
fame-gw	COREAD	test	HRR1235402	HEALTHY	0	0.0
fame-gw	COREAD	test	HRR1235410	HEALTHY	0	0.002
fame-gw	COREAD	test	HRR1235414	HEALTHY	0	0.004
fame-gw	COREAD	test	HRR1235416	HEALTHY	0	0.094
fame-gw	COREAD	test	HRR1235421	HEALTHY	0	0.012
fame-gw	COREAD	test	HRR1235424	HEALTHY	0	0.0
fame-gw	COREAD	test	HRR1235434	HEALTHY	0	0.034
fame-gw	COREAD	test	HRR1235454	HEALTHY	0	0.038
fame-gw	COREAD	test	HRR1235462	HEALTHY	0	0.006
fame-gw	COREAD	test	HRR1235471	HEALTHY	0	0.002
fame-gw	COREAD	test	HRR1235476	HEALTHY	0	0.0
fame-gw	COREAD	test	HRR1235477	HEALTHY	0	0.006
fame-gw	COREAD	test	HRR1235479	HEALTHY	0	0.002
fame-gw	COREAD	test	HRR1235480	HEALTHY	0	0.022
fame-gw	COREAD	test	HRR1235484	HEALTHY	0	0.0
fame-gw	COREAD	test	HRR1235485	HEALTHY	0	0.0
fame-gw	COREAD	test	HRR1235487	HEALTHY	0	0.01
fame-gw	COREAD	test	HRR1235494	HEALTHY	0	0.0
fame-gw	COREAD	test	HRR1235495	HEALTHY	0	0.006
fame-gw	COREAD	test	HRR1235496	HEALTHY	0	0.01
fame-gw	COREAD	test	HRR1235507	HEALTHY	0	0.0
fame-gw	COREAD	test	HRR1235509	HEALTHY	0	0.022
fame-gw	COREAD	test	HRR1235512	HEALTHY	0	0.002
fame-gw	COREAD	test	HRR1235543	HEALTHY	0	0.0
fame-gw	COREAD	test	HRR1235550	HEALTHY	0	0.098
fame-gw	COREAD	test	HRR1235551	HEALTHY	0	0.006
fame-gw	COREAD	test	HRR1235552	HEALTHY	0	0.006
fame-gw	COREAD	test	HRR1235553	HEALTHY	0	0.014
fame-gw	COREAD	test	HRR1235554	HEALTHY	0	0.054
fame-gw	COREAD	test	HRR1235555	HEALTHY	0	0.358
fame-gw	COREAD	test	HRR1235556	HEALTHY	0	0.066
fame-gw	COREAD	test	HRR1235557	HEALTHY	0	0.008
fame-gw	COREAD	test	HRR1235558	HEALTHY	0	0.068
fame-gw	COREAD	test	HRR1235559	HEALTHY	0	0.0
fame-gw	COREAD	test	HRR1235560	HEALTHY	0	0.044
fame-gw	COREAD	test	HRR1235561	HEALTHY	0	0.012
fame-gw	COREAD	test	HRR1235562	HEALTHY	0	0.016
fame-gw	COREAD	test	HRR1235563	HEALTHY	0	0.004
fame-gw	COREAD	test	HRR1235564	HEALTHY	0	0.024
fame-gw	COREAD	test	HRR1235565	HEALTHY	0	0.0
fame-gw	COREAD	test	HRR1235566	HEALTHY	0	0.004
fame-gw	COREAD	test	HRR1235567	HEALTHY	0	0.0
fame-gw	COREAD	test	HRR1235568	HEALTHY	0	0.004
fame-gw	COREAD	test	HRR1235569	HEALTHY	0	0.018
fame-gw	COREAD	test	HRR1235570	HEALTHY	0	0.0
fame-gw	COREAD	test	HRR1235571	HEALTHY	0	0.022
fame-gw	COREAD	test	HRR1235572	HEALTHY	0	0.01
fame-gw	COREAD	test	HRR1235573	HEALTHY	0	0.454
fame-gw	COREAD	test	HRR1235574	HEALTHY	0	0.28
fame-gw	COREAD	test	HRR1235575	HEALTHY	0	0.0
fame-gw	COREAD	test	HRR1235576	HEALTHY	0	0.01
fame-gw	COREAD	test	HRR1235577	HEALTHY	0	0.022
fame-gw	COREAD	test	HRR1235578	HEALTHY	0	0.034
fame-gw	COREAD	test	HRR1235579	HEALTHY	0	0.008
fame-gw	COREAD	test	HRR1235580	HEALTHY	0	0.006
fame-gw	COREAD	test	HRR1235581	HEALTHY	0	0.208
fame-gw	COREAD	test	HRR1235582	HEALTHY	0	0.02
fame-gw	COREAD	test	HRR1235583	HEALTHY	0	0.002
fame-gw	COREAD	test	HRR1235584	HEALTHY	0	0.57
fame-gw	COREAD	test	HRR1235585	HEALTHY	0	0.002
fame-gw	COREAD	test	HRR1235586	HEALTHY	0	0.15
fame-gw	COREAD	test	HRR1235587	HEALTHY	0	0.26
fame-gw	COREAD	test	HRR1235588	HEALTHY	0	0.616
fame-gw	COREAD	test	HRR1235589	HEALTHY	0	0.032
fame-gw	COREAD	test	HRR1235590	HEALTHY	0	0.096
fame-gw	COREAD	test	HRR1235591	HEALTHY	0	0.006
fame-gw	COREAD	test	HRR1235592	HEALTHY	0	0.118
fame-gw	COREAD	test	HRR1235593	HEALTHY	0	0.0
fame-gw	COREAD	test	HRR1235594	HEALTHY	0	0.032
fame-gw	COREAD	test	HRR1235595	HEALTHY	0	0.078
fame-gw	COREAD	test	HRR1235596	HEALTHY	0	0.702
fame-gw	COREAD	test	HRR1235597	HEALTHY	0	0.12
fame-gw	COREAD	test	HRR1235621	HEALTHY	0	0.022
fame-gw	COREAD	test	HRR1235626	HEALTHY	0	0.008
fame-gw	COREAD	test	HRR1235629	HEALTHY	0	0.016
fame-gw	COREAD	test	HRR1235630	HEALTHY	0	0.024
fame-gw	COREAD	test	HRR1235640	HEALTHY	0	0.0
fame-gw	COREAD	test	HRR1235643	HEALTHY	0	0.002
fame-gw	COREAD	test	HRR1235649	HEALTHY	0	0.002
fame-gw	COREAD	test	HRR1235651	HEALTHY	0	0.004
fame-gw	COREAD	test	HRR1235652	HEALTHY	0	0.002
fame-gw	COREAD	test	HRR1235654	HEALTHY	0	0.09
fame-gw	COREAD	test	HRR1235656	HEALTHY	0	0.01
fame-gw	COREAD	test	HRR1235659	HEALTHY	0	0.004
fame-gw	COREAD	test	HRR1235660	HEALTHY	0	0.012
fame-gw	COREAD	test	HRR1235664	HEALTHY	0	0.04
fame-gw	COREAD	test	HRR1235666	HEALTHY	0	0.0
fame-gw	COREAD	test	HRR1235668	HEALTHY	0	0.004
fame-gw	COREAD	test	HRR1235681	HEALTHY	0	0.0
fame-gw	COREAD	test	HRR1235682	HEALTHY	0	0.02
fame-gw	COREAD	test	HRR1235684	HEALTHY	0	0.002
fame-gw	COREAD	test	HRR1235700	HEALTHY	0	0.0
fame-gw	COREAD	test	HRR1235701	HEALTHY	0	0.002
fame-gw	COREAD	test	HRR1235702	HEALTHY	0	0.0
fame-gw	COREAD	test	HRR1235705	HEALTHY	0	0.0
fame-gw	COREAD	test	HRR1235708	HEALTHY	0	0.026
fame-gw	COREAD	test	HRR1235717	HEALTHY	0	0.112
fame-gw	COREAD	test	HRR1235718	HEALTHY	0	0.0
fame-gw	COREAD	test	HRR1235721	HEALTHY	0	0.018
fame-gw	COREAD	test	HRR1235724	HEALTHY	0	0.004
fame-gw	COREAD	test	HRR1235725	HEALTHY	0	0.012
fame-gw	COREAD	test	HRR1235729	HEALTHY	0	0.004
fame-gw	COREAD	test	HRR1235730	HEALTHY	0	0.15
fame-gw	COREAD	test	HRR1235735	HEALTHY	0	0.206
fame-gw	COREAD	test	HRR1235736	HEALTHY	0	0.012
fame-gw	COREAD	test	HRR1235741	HEALTHY	0	0.01
fame-gw	COREAD	test	HRR1235742	HEALTHY	0	0.01
fame-gw	COREAD	test	HRR1235748	HEALTHY	0	0.024
fame-gw	COREAD	test	HRR1235749	HEALTHY	0	0.006
fame-gw	COREAD	test	HRR1235750	HEALTHY	0	0.002
fame-gw	COREAD	test	HRR1235752	HEALTHY	0	0.0
fame-gw	COREAD	test	HRR1235754	HEALTHY	0	0.006
fame-gw	COREAD	test	HRR1235758	HEALTHY	0	0.002
fame-gw	COREAD	test	HRR1235761	HEALTHY	0	0.026
fame-gw	COREAD	test	HRR1235762	HEALTHY	0	0.006
fame-gw	COREAD	test	HRR1235766	HEALTHY	0	0.102
fame-gw	COREAD	test	HRR1235778	HEALTHY	0	0.066
fame-gw	COREAD	test	HRR1235780	HEALTHY	0	0.024
fame-gw	COREAD	test	HRR1235788	HEALTHY	0	0.076
fame-gw	COREAD	test	HRR1235791	HEALTHY	0	0.186
fame-gw	COREAD	test	HRR1235792	HEALTHY	0	0.0
fame-gw	COREAD	test	HRR1235794	HEALTHY	0	0.01
fame-gw	COREAD	test	HRR1235795	HEALTHY	0	0.152
fame-gw	COREAD	test	HRR1235796	HEALTHY	0	0.008
fame-gw	COREAD	test	HRR1235800	HEALTHY	0	0.026
fame-gw	COREAD	test	HRR1235802	HEALTHY	0	0.0
fame-gw	COREAD	test	HRR1235804	HEALTHY	0	0.078
fame-gw	COREAD	test	HRR1235806	HEALTHY	0	0.048
fame-gw	COREAD	test	HRR1235807	HEALTHY	0	0.036
fame-gw	COREAD	test	HRR1235810	HEALTHY	0	0.002
fame-gw	COREAD	test	HRR1235811	HEALTHY	0	0.0
fame-gw	COREAD	test	HRR1235813	HEALTHY	0	0.002
fame-gw	COREAD	test	HRR1235883	COREAD	1	1.0
fame-gw	COREAD	test	HRR1235884	COREAD	1	1.0
fame-gw	COREAD	test	HRR1235886	COREAD	1	1.0
fame-gw	COREAD	test	HRR1235889	COREAD	1	0.704
fame-gw	COREAD	test	HRR1235891	COREAD	1	0.534
fame-gw	COREAD	test	HRR1235893	COREAD	1	0.99
fame-gw	COREAD	test	HRR1235897	COREAD	1	0.642
fame-gw	COREAD	test	HRR1235898	COREAD	1	0.848
fame-gw	COREAD	test	HRR1235901	COREAD	1	0.946
fame-gw	COREAD	test	HRR1235903	COREAD	1	1.0
fame-gw	COREAD	test	HRR1235904	COREAD	1	0.964
fame-gw	COREAD	test	HRR1235905	COREAD	1	1.0
fame-gw	COREAD	test	HRR1235906	COREAD	1	1.0
fame-gw	COREAD	test	HRR1235909	COREAD	1	0.994
fame-gw	COREAD	test	HRR1235910	COREAD	1	0.756
fame-gw	COREAD	test	HRR1235914	COREAD	1	0.984
fame-gw	COREAD	test	HRR1235915	COREAD	1	1.0
fame-gw	COREAD	test	HRR1235930	COREAD	1	1.0
fame-gw	COREAD	test	HRR1235933	COREAD	1	0.992
fame-gw	COREAD	test	HRR1235938	COREAD	1	1.0
fame-gw	COREAD	test	HRR1235942	COREAD	1	0.9
fame-gw	COREAD	test	HRR1235944	COREAD	1	1.0
fame-gw	COREAD	test	HRR1235945	COREAD	1	0.994
fame-gw	COREAD	test	HRR1235946	COREAD	1	0.946
fame-gw	COREAD	test	HRR1235948	COREAD	1	1.0
fame-gw	COREAD	test	HRR1235949	COREAD	1	1.0
fame-gw	COREAD	test	HRR1235951	COREAD	1	1.0
fame-gw	COREAD	test	HRR1235952	COREAD	1	1.0
fame-gw	COREAD	test	HRR1235956	COREAD	1	1.0
fame-gw	COREAD	test	HRR1235960	COREAD	1	0.982
fame-gw	COREAD	test	HRR1235961	COREAD	1	1.0
fame-gw	COREAD	test	HRR1235962	COREAD	1	0.672
fame-gw	COREAD	test	HRR1235964	COREAD	1	0.86
fame-gw	COREAD	test	HRR1235967	COREAD	1	1.0
fame-gw	COREAD	test	HRR1235969	COREAD	1	0.978
fame-gw	COREAD	test	HRR1235970	COREAD	1	0.246
fame-gw	COREAD	test	HRR1235971	COREAD	1	0.99
fame-gw	COREAD	test	HRR1235976	COREAD	1	1.0
fame-gw	COREAD	test	HRR1235978	COREAD	1	1.0
fame-gw	COREAD	test	HRR1235979	COREAD	1	1.0
fame-gw	COREAD	test	HRR1235984	COREAD	1	0.692
fame-gw	COREAD	test	HRR1235994	COREAD	1	1.0
fame-gw	COREAD	test	HRR1236018	COREAD	1	1.0
fame-gw	COREAD	test	HRR1236020	COREAD	1	1.0
fame-gw	COREAD	test	HRR1236025	COREAD	1	1.0
fame-gw	ESCA	cv	HRR1235319	HEALTHY	0	0.018
fame-gw	ESCA	cv	HRR1235320	HEALTHY	0	0.014
fame-gw	ESCA	cv	HRR1235321	HEALTHY	0	0.114
fame-gw	ESCA	cv	HRR1235322	HEALTHY	0	0.008
fame-gw	ESCA	cv	HRR1235323	HEALTHY	0	0.336
fame-gw	ESCA	cv	HRR1235325	HEALTHY	0	0.002
fame-gw	ESCA	cv	HRR1235326	HEALTHY	0	0.004
fame-gw	ESCA	cv	HRR1235327	HEALTHY	0	0.12
fame-gw	ESCA	cv	HRR1235328	HEALTHY	0	0.0
fame-gw	ESCA	cv	HRR1235330	HEALTHY	0	0.004
fame-gw	ESCA	cv	HRR1235331	HEALTHY	0	0.0
fame-gw	ESCA	cv	HRR1235332	HEALTHY	0	0.03
fame-gw	ESCA	cv	HRR1235334	HEALTHY	0	0.026
fame-gw	ESCA	cv	HRR1235335	HEALTHY	0	0.052
fame-gw	ESCA	cv	HRR1235337	HEALTHY	0	0.032
fame-gw	ESCA	cv	HRR1235339	HEALTHY	0	0.0
fame-gw	ESCA	cv	HRR1235340	HEALTHY	0	0.022
fame-gw	ESCA	cv	HRR1235341	HEALTHY	0	0.002
fame-gw	ESCA	cv	HRR1235342	HEALTHY	0	0.022
fame-gw	ESCA	cv	HRR1235343	HEALTHY	0	0.0
fame-gw	ESCA	cv	HRR1235344	HEALTHY	0	0.004
fame-gw	ESCA	cv	HRR1235345	HEALTHY	0	0.042
fame-gw	ESCA	cv	HRR1235346	HEALTHY	0	0.002
fame-gw	ESCA	cv	HRR1235347	HEALTHY	0	0.01
fame-gw	ESCA	cv	HRR1235349	HEALTHY	0	0.002
fame-gw	ESCA	cv	HRR1235350	HEALTHY	0	0.032
fame-gw	ESCA	cv	HRR1235351	HEALTHY	0	0.0
fame-gw	ESCA	cv	HRR1235352	HEALTHY	0	0.002
fame-gw	ESCA	cv	HRR1235353	HEALTHY	0	0.0
fame-gw	ESCA	cv	HRR1235354	HEALTHY	0	0.012
fame-gw	ESCA	cv	HRR1235355	HEALTHY	0	0.002
fame-gw	ESCA	cv	HRR1235356	HEALTHY	0	0.01
fame-gw	ESCA	cv	HRR1235357	HEALTHY	0	0.04
fame-gw	ESCA	cv	HRR1235358	HEALTHY	0	0.0
fame-gw	ESCA	cv	HRR1235359	HEALTHY	0	0.03
fame-gw	ESCA	cv	HRR1235360	HEALTHY	0	0.004
fame-gw	ESCA	cv	HRR1235361	HEALTHY	0	0.0
fame-gw	ESCA	cv	HRR1235363	HEALTHY	0	0.012
fame-gw	ESCA	cv	HRR1235364	HEALTHY	0	0.014
fame-gw	ESCA	cv	HRR1235365	HEALTHY	0	0.0
fame-gw	ESCA	cv	HRR1235367	HEALTHY	0	0.098
fame-gw	ESCA	cv	HRR1235368	HEALTHY	0	0.002
fame-gw	ESCA	cv	HRR1235369	HEALTHY	0	0.002
fame-gw	ESCA	cv	HRR1235370	HEALTHY	0	0.0
fame-gw	ESCA	cv	HRR1235371	HEALTHY	0	0.0
fame-gw	ESCA	cv	HRR1235372	HEALTHY	0	0.0
fame-gw	ESCA	cv	HRR1235373	HEALTHY	0	0.0
fame-gw	ESCA	cv	HRR1235374	HEALTHY	0	0.106
fame-gw	ESCA	cv	HRR1235375	HEALTHY	0	0.004
fame-gw	ESCA	cv	HRR1235376	HEALTHY	0	0.002
fame-gw	ESCA	cv	HRR1235377	HEALTHY	0	0.028
fame-gw	ESCA	cv	HRR1235378	HEALTHY	0	0.0
fame-gw	ESCA	cv	HRR1235380	HEALTHY	0	0.0
fame-gw	ESCA	cv	HRR1235381	HEALTHY	0	0.0
fame-gw	ESCA	cv	HRR1235382	HEALTHY	0	0.002
fame-gw	ESCA	cv	HRR1235383	HEALTHY	0	0.0
fame-gw	ESCA	cv	HRR1235384	HEALTHY	0	0.226
fame-gw	ESCA	cv	HRR1235386	HEALTHY	0	0.0
fame-gw	ESCA	cv	HRR1235387	HEALTHY	0	0.004
fame-gw	ESCA	cv	HRR1235388	HEALTHY	0	0.692
fame-gw	ESCA	cv	HRR1235389	HEALTHY	0	0.0
fame-gw	ESCA	cv	HRR1235390	HEALTHY	0	0.0
fame-gw	ESCA	cv	HRR1235391	HEALTHY	0	0.0
fame-gw	ESCA	cv	HRR1235392	HEALTHY	0	0.0
fame-gw	ESCA	cv	HRR1235393	HEALTHY	0	0.0
fame-gw	ESCA	cv	HRR1235395	HEALTHY	0	0.006
fame-gw	ESCA	cv	HRR1235396	HEALTHY	0	0.0
fame-gw	ESCA	cv	HRR1235397	HEALTHY	0	0.0
fame-gw	ESCA	cv	HRR1235400	HEALTHY	0	0.0
fame-gw	ESCA	cv	HRR1235401	HEALTHY	0	0.002
fame-gw	ESCA	cv	HRR1235403	HEALTHY	0	0.01
fame-gw	ESCA	cv	HRR1235404	HEALTHY	0	0.014
fame-gw	ESCA	cv	HRR1235405	HEALTHY	0	0.0
fame-gw	ESCA	cv	HRR1235406	HEALTHY	0	0.108
fame-gw	ESCA	cv	HRR1235407	HEALTHY	0	0.002
fame-gw	ESCA	cv	HRR1235408	HEALTHY	0	0.0
fame-gw	ESCA	cv	HRR1235409	HEALTHY	0	0.004
fame-gw	ESCA	cv	HRR1235411	HEALTHY	0	0.892
fame-gw	ESCA	cv	HRR1235412	HEALTHY	0	0.004
fame-gw	ESCA	cv	HRR1235413	HEALTHY	0	0.0
fame-gw	ESCA	cv	HRR1235415	HEALTHY	0	0.004
fame-gw	ESCA	cv	HRR1235417	HEALTHY	0	0.0
fame-gw	ESCA	cv	HRR1235418	HEALTHY	0	0.0
fame-gw	ESCA	cv	HRR1235419	HEALTHY	0	0.002
fame-gw	ESCA	cv	HRR1235420	HEALTHY	0	0.0
fame-gw	ESCA	cv	HRR1235422	HEALTHY	0	0.008
fame-gw	ESCA	cv	HRR1235423	HEALTHY	0	0.0
fame-gw	ESCA	cv	HRR1235425	HEALTHY	0	0.002
fame-gw	ESCA	cv	HRR1235426	HEALTHY	0	0.0
fame-gw	ESCA	cv	HRR1235427	HEALTHY	0	0.0
fame-gw	ESCA	cv	HRR1235428	HEALTHY	0	0.0
fame-gw	ESCA	cv	HRR1235429	HEALTHY	0	0.002
fame-gw	ESCA	cv	HRR1235430	HEALTHY	0	0.014
fame-gw	ESCA	cv	HRR1235431	HEALTHY	0	0.0
fame-gw	ESCA	cv	HRR1235432	HEALTHY	0	0.0
fame-gw	ESCA	cv	HRR1235433	HEALTHY	0	0.0
fame-gw	ESCA	cv	HRR1235435	HEALTHY	0	0.0
fame-gw	ESCA	cv	HRR1235436	HEALTHY	0	0.0
fame-gw	ESCA	cv	HRR1235437	HEALTHY	0	0.002
fame-gw	ESCA	cv	HRR1235438	HEALTHY	0	0.0
fame-gw	ESCA	cv	HRR1235439	HEALTHY	0	0.004
fame-gw	ESCA	cv	HRR1235440	HEALTHY	0	0.002
fame-gw	ESCA	cv	HRR1235441	HEALTHY	0	0.298
fame-gw	ESCA	cv	HRR1235442	HEALTHY	0	0.006
fame-gw	ESCA	cv	HRR1235443	HEALTHY	0	0.006
fame-gw	ESCA	cv	HRR1235444	HEALTHY	0	0.016
fame-gw	ESCA	cv	HRR1235445	HEALTHY	0	0.008
fame-gw	ESCA	cv	HRR1235446	HEALTHY	0	0.0
fame-gw	ESCA	cv	HRR1235447	HEALTHY	0	0.0
fame-gw	ESCA	cv	HRR1235448	HEALTHY	0	0.0
fame-gw	ESCA	cv	HRR1235449	HEALTHY	0	0.0
fame-gw	ESCA	cv	HRR1235450	HEALTHY	0	0.0
fame-gw	ESCA	cv	HRR1235451	HEALTHY	0	0.72
fame-gw	ESCA	cv	HRR1235452	HEALTHY	0	0.016
fame-gw	ESCA	cv	HRR1235453	HEALTHY	0	0.002
fame-gw	ESCA	cv	HRR1235455	HEALTHY	0	0.006
fame-gw	ESCA	cv	HRR1235456	HEALTHY	0	0.0
fame-gw	ESCA	cv	HRR1235457	HEALTHY	0	0.0
fame-gw	ESCA	cv	HRR1235458	HEALTHY	0	0.04
fame-gw	ESCA	cv	HRR1235459	HEALTHY	0	0.0
fame-gw	ESCA	cv	HRR1235460	HEALTHY	0	0.0
fame-gw	ESCA	cv	HRR1235461	HEALTHY	0	0.0
fame-gw	ESCA	cv	HRR1235463	HEALTHY	0	0.0
fame-gw	ESCA	cv	HRR1235464	HEALTHY	0	0.0
fame-gw	ESCA	cv	HRR1235465	HEALTHY	0	0.072
fame-gw	ESCA	cv	HRR1235466	HEALTHY	0	0.024
fame-gw	ESCA	cv	HRR1235467	HEALTHY	0	0.044
fame-gw	ESCA	cv	HRR1235468	HEALTHY	0	0.004
fame-gw	ESCA	cv	HRR1235469	HEALTHY	0	0.0
fame-gw	ESCA	cv	HRR1235470	HEALTHY	0	0.018
fame-gw	ESCA	cv	HRR1235472	HEALTHY	0	0.0
fame-gw	ESCA	cv	HRR1235473	HEALTHY	0	0.0
fame-gw	ESCA	cv	HRR1235474	HEALTHY	0	0.0
fame-gw	ESCA	cv	HRR1235475	HEALTHY	0	0.0
fame-gw	ESCA	cv	HRR1235478	HEALTHY	0	0.032
fame-gw	ESCA	cv	HRR1235481	HEALTHY	0	0.0
fame-gw	ESCA	cv	HRR1235482	HEALTHY	0	0.004
fame-gw	ESCA	cv	HRR1235483	HEALTHY	0	0.016
fame-gw	ESCA	cv	HRR1235486	HEALTHY	0	0.004
fame-gw	ESCA	cv	HRR1235488	HEALTHY	0	0.0
fame-gw	ESCA	cv	HRR1235489	HEALTHY	0	0.0
fame-gw	ESCA	cv	HRR1235490	HEALTHY	0	0.002
fame-gw	ESCA	cv	HRR1235491	HEALTHY	0	0.708
fame-gw	ESCA	cv	HRR1235492	HEALTHY	0	0.02
fame-gw	ESCA	cv	HRR1235493	HEALTHY	0	0.0
fame-gw	ESCA	cv	HRR1235497	HEALTHY	0	0.0
fame-gw	ESCA	cv	HRR1235498	HEALTHY	0	0.006
fame-gw	ESCA	cv	HRR1235499	HEALTHY	0	0.01
fame-gw	ESCA	cv	HRR1235500	HEALTHY	0	0.0
fame-gw	ESCA	cv	HRR1235501	HEALTHY	0	0.0
fame-gw	ESCA	cv	HRR1235502	HEALTHY	0	0.0
fame-gw	ESCA	cv	HRR1235503	HEALTHY	0	0.008
fame-gw	ESCA	cv	HRR1235504	HEALTHY	0	0.026
fame-gw	ESCA	cv	HRR1235505	HEALTHY	0	0.036
fame-gw	ESCA	cv	HRR1235506	HEALTHY	0	0.0
fame-gw	ESCA	cv	HRR1235508	HEALTHY	0	0.0
fame-gw	ESCA	cv	HRR1235510	HEALTHY	0	0.0
fame-gw	ESCA	cv	HRR1235511	HEALTHY	0	0.0
fame-gw	ESCA	cv	HRR1235513	HEALTHY	0	0.012
fame-gw	ESCA	cv	HRR1235514	HEALTHY	0	0.024
fame-gw	ESCA	cv	HRR1235515	HEALTHY	0	0.0
fame-gw	ESCA	cv	HRR1235516	HEALTHY	0	0.006
fame-gw	ESCA	cv	HRR1235517	HEALTHY	0	0.0
fame-gw	ESCA	cv	HRR1235518	HEALTHY	0	0.036
fame-gw	ESCA	cv	HRR1235519	HEALTHY	0	0.004
fame-gw	ESCA	cv	HRR1235520	HEALTHY	0	0.004
fame-gw	ESCA	cv	HRR1235521	HEALTHY	0	0.002
fame-gw	ESCA	cv	HRR1235522	HEALTHY	0	0.0
fame-gw	ESCA	cv	HRR1235523	HEALTHY	0	0.002
fame-gw	ESCA	cv	HRR1235524	HEALTHY	0	0.0
fame-gw	ESCA	cv	HRR1235525	HEALTHY	0	0.002
fame-gw	ESCA	cv	HRR1235526	HEALTHY	0	0.0
fame-gw	ESCA	cv	HRR1235527	HEALTHY	0	0.018
fame-gw	ESCA	cv	HRR1235528	HEALTHY	0	0.0
fame-gw	ESCA	cv	HRR1235529	HEALTHY	0	0.004
fame-gw	ESCA	cv	HRR1235530	HEALTHY	0	0.0
fame-gw	ESCA	cv	HRR1235531	HEALTHY	0	0.028
fame-gw	ESCA	cv	HRR1235532	HEALTHY	0	0.0
fame-gw	ESCA	cv	HRR1235533	HEALTHY	0	0.064
fame-gw	ESCA	cv	HRR1235534	HEALTHY	0	0.02
fame-gw	ESCA	cv	HRR1235535	HEALTHY	0	0.0
fame-gw	ESCA	cv	HRR1235536	HEALTHY	0	0.0
fame-gw	ESCA	cv	HRR1235537	HEALTHY	0	0.0
fame-gw	ESCA	cv	HRR1235538	HEALTHY	0	0.01
fame-gw	ESCA	cv	HRR1235539	HEALTHY	0	0.016
fame-gw	ESCA	cv	HRR1235540	HEALTHY	0	0.054
fame-gw	ESCA	cv	HRR1235541	HEALTHY	0	0.002
fame-gw	ESCA	cv	HRR1235542	HEALTHY	0	0.002
fame-gw	ESCA	cv	HRR1235544	HEALTHY	0	0.002
fame-gw	ESCA	cv	HRR1235545	HEALTHY	0	0.116
fame-gw	ESCA	cv	HRR1235546	HEALTHY	0	0.004
fame-gw	ESCA	cv	HRR1235547	HEALTHY	0	0.024
fame-gw	ESCA	cv	HRR1235548	HEALTHY	0	0.0
fame-gw	ESCA	cv	HRR1235549	HEALTHY	0	0.05
fame-gw	ESCA	cv	HRR1235598	HEALTHY	0	0.0
fame-gw	ESCA	cv	HRR1235599	HEALTHY	0	0.012
fame-gw	ESCA	cv	HRR1235600	HEALTHY	0	0.034
fame-gw	ESCA	cv	HRR1235601	HEALTHY	0	0.066
fame-gw	ESCA	cv	HRR1235602	HEALTHY	0	0.104
fame-gw	ESCA	cv	HRR1235603	HEALTHY	0	0.114
fame-gw	ESCA	cv	HRR1235604	HEALTHY	0	0.0
fame-gw	ESCA	cv	HRR1235605	HEALTHY	0	0.05
fame-gw	ESCA	cv	HRR1235606	HEALTHY	0	0.002
fame-gw	ESCA	cv	HRR1235607	HEALTHY	0	0.0
fame-gw	ESCA	cv	HRR1235608	HEALTHY	0	0.02
fame-gw	ESCA	cv	HRR1235609	HEALTHY	0	0.01
fame-gw	ESCA	cv	HRR1235610	HEALTHY	0	0.0
fame-gw	ESCA	cv	HRR1235611	HEALTHY	0	0.018
fame-gw	ESCA	cv	HRR1235612	HEALTHY	0	0.01
fame-gw	ESCA	cv	HRR1235613	HEALTHY	0	0.012
fame-gw	ESCA	cv	HRR1235614	HEALTHY	0	0.022
fame-gw	ESCA	cv	HRR1235615	HEALTHY	0	0.004
fame-gw	ESCA	cv	HRR1235616	HEALTHY	0	0.0
fame-gw	ESCA	cv	HRR1235617	HEALTHY	0	0.004
fame-gw	ESCA	cv	HRR1235618	HEALTHY	0	0.024
fame-gw	ESCA	cv	HRR1235619	HEALTHY	0	0.002
fame-gw	ESCA	cv	HRR1235620	HEALTHY	0	0.032
fame-gw	ESCA	cv	HRR1235622	HEALTHY	0	0.004
fame-gw	ESCA	cv	HRR1235623	HEALTHY	0	0.036
fame-gw	ESCA	cv	HRR1235624	HEALTHY	0	0.046
fame-gw	ESCA	cv	HRR1235625	HEALTHY	0	0.002
fame-gw	ESCA	cv	HRR1235627	HEALTHY	0	0.0
fame-gw	ESCA	cv	HRR1235628	HEALTHY	0	0.014
fame-gw	ESCA	cv	HRR1235631	HEALTHY	0	0.0
fame-gw	ESCA	cv	HRR1235632	HEALTHY	0	0.0
fame-gw	ESCA	cv	HRR1235633	HEALTHY	0	0.0
fame-gw	ESCA	cv	HRR1235634	HEALTHY	0	0.002
fame-gw	ESCA	cv	HRR1235635	HEALTHY	0	0.0
fame-gw	ESCA	cv	HRR1235636	HEALTHY	0	0.004
fame-gw	ESCA	cv	HRR1235637	HEALTHY	0	0.038
fame-gw	ESCA	cv	HRR1235638	HEALTHY	0	0.006
fame-gw	ESCA	cv	HRR1235639	HEALTHY	0	0.006
fame-gw	ESCA	cv	HRR1235641	HEALTHY	0	0.004
fame-gw	ESCA	cv	HRR1235642	HEALTHY	0	0.022
fame-gw	ESCA	cv	HRR1235644	HEALTHY	0	0.002
fame-gw	ESCA	cv	HRR1235645	HEALTHY	0	0.01
fame-gw	ESCA	cv	HRR1235646	HEALTHY	0	0.014
fame-gw	ESCA	cv	HRR1235647	HEALTHY	0	0.0
fame-gw	ESCA	cv	HRR1235648	HEALTHY	0	0.0
fame-gw	ESCA	cv	HRR1235650	HEALTHY	0	0.0
fame-gw	ESCA	cv	HRR1235653	HEALTHY	0	0.0
fame-gw	ESCA	cv	HRR1235655	HEALTHY	0	0.016
fame-gw	ESCA	cv	HRR1235657	HEALTHY	0	0.04
fame-gw	ESCA	cv	HRR1235658	HEALTHY	0	0.0
fame-gw	ESCA	cv	HRR1235661	HEALTHY	0	0.002
fame-gw	ESCA	cv	HRR1235662	HEALTHY	0	0.004
fame-gw	ESCA	cv	HRR1235663	HEALTHY	0	0.0
fame-gw	ESCA	cv	HRR1235665	HEALTHY	0	0.0
fame-gw	ESCA	cv	HRR1235667	HEALTHY	0	0.0
fame-gw	ESCA	cv	HRR1235669	HEALTHY	0	0.004
fame-gw	ESCA	cv	HRR1235670	HEALTHY	0	0.054
fame-gw	ESCA	cv	HRR1235671	HEALTHY	0	0.0
fame-gw	ESCA	cv	HRR1235672	HEALTHY	0	0.0
fame-gw	ESCA	cv	HRR1235673	HEALTHY	0	0.002
fame-gw	ESCA	cv	HRR1235674	HEALTHY	0	0.024
fame-gw	ESCA	cv	HRR1235675	HEALTHY	0	0.074
fame-gw	ESCA	cv	HRR1235676	HEALTHY	0	0.048
fame-gw	ESCA	cv	HRR1235677	HEALTHY	0	0.0
fame-gw	ESCA	cv	HRR1235678	HEALTHY	0	0.0
fame-gw	ESCA	cv	HRR1235679	HEALTHY	0	0.12
fame-gw	ESCA	cv	HRR1235680	HEALTHY	0	0.06
fame-gw	ESCA	cv	HRR1235683	HEALTHY	0	0.0
fame-gw	ESCA	cv	HRR1235685	HEALTHY	0	0.0
fame-gw	ESCA	cv	HRR1235686	HEALTHY	0	0.206
fame-gw	ESCA	cv	HRR1235687	HEALTHY	0	0.0
fame-gw	ESCA	cv	HRR1235688	HEALTHY	0	0.0
fame-gw	ESCA	cv	HRR1235689	HEALTHY	0	0.014
fame-gw	ESCA	cv	HRR1235690	HEALTHY	0	0.004
fame-gw	ESCA	cv	HRR1235691	HEALTHY	0	0.004
fame-gw	ESCA	cv	HRR1235692	HEALTHY	0	0.0
fame-gw	ESCA	cv	HRR1235693	HEALTHY	0	0.03
fame-gw	ESCA	cv	HRR1235694	HEALTHY	0	0.0
fame-gw	ESCA	cv	HRR1235695	HEALTHY	0	0.0
fame-gw	ESCA	cv	HRR1235696	HEALTHY	0	0.352
fame-gw	ESCA	cv	HRR1235697	HEALTHY	0	0.022
fame-gw	ESCA	cv	HRR1235698	HEALTHY	0	0.016
fame-gw	ESCA	cv	HRR1235699	HEALTHY	0	0.002
fame-gw	ESCA	cv	HRR1235703	HEALTHY	0	0.062
fame-gw	ESCA	cv	HRR1235704	HEALTHY	0	0.0
fame-gw	ESCA	cv	HRR1235706	HEALTHY	0	0.002
fame-gw	ESCA	cv	HRR1235707	HEALTHY	0	0.0
fame-gw	ESCA	cv	HRR1235709	HEALTHY	0	0.0
fame-gw	ESCA	cv	HRR1235710	HEALTHY	0	0.004
fame-gw	ESCA	cv	HRR1235711	HEALTHY	0	0.014
fame-gw	ESCA	cv	HRR1235712	HEALTHY	0	0.056
fame-gw	ESCA	cv	HRR1235713	HEALTHY	0	0.0
fame-gw	ESCA	cv	HRR1235714	HEALTHY	0	0.008
fame-gw	ESCA	cv	HRR1235715	HEALTHY	0	0.076
fame-gw	ESCA	cv	HRR1235716	HEALTHY	0	0.0
fame-gw	ESCA	cv	HRR1235719	HEALTHY	0	0.002
fame-gw	ESCA	cv	HRR1235720	HEALTHY	0	0.0
fame-gw	ESCA	cv	HRR1235722	HEALTHY	0	0.0
fame-gw	ESCA	cv	HRR1235723	HEALTHY	0	0.022
fame-gw	ESCA	cv	HRR1235726	HEALTHY	0	0.0
fame-gw	ESCA	cv	HRR1235727	HEALTHY	0	0.018
fame-gw	ESCA	cv	HRR1235728	HEALTHY	0	0.0
fame-gw	ESCA	cv	HRR1235731	HEALTHY	0	0.0
fame-gw	ESCA	cv	HRR1235732	HEALTHY	0	0.0
fame-gw	ESCA	cv	HRR1235733	HEALTHY	0	0.01
fame-gw	ESCA	cv	HRR1235734	HEALTHY	0	0.012
fame-gw	ESCA	cv	HRR1235737	HEALTHY	0	0.028
fame-gw	ESCA	cv	HRR1235738	HEALTHY	0	0.0
fame-gw	ESCA	cv	HRR1235739	HEALTHY	0	0.03
fame-gw	ESCA	cv	HRR1235740	HEALTHY	0	0.004
fame-gw	ESCA	cv	HRR1235743	HEALTHY	0	0.006
fame-gw	ESCA	cv	HRR1235744	HEALTHY	0	0.008
fame-gw	ESCA	cv	HRR1235745	HEALTHY	0	0.002
fame-gw	ESCA	cv	HRR1235746	HEALTHY	0	0.0
fame-gw	ESCA	cv	HRR1235747	HEALTHY	0	0.0
fame-gw	ESCA	cv	HRR1235751	HEALTHY	0	0.018
fame-gw	ESCA	cv	HRR1235753	HEALTHY	0	0.032
fame-gw	ESCA	cv	HRR1235755	HEALTHY	0	0.018
fame-gw	ESCA	cv	HRR1235756	HEALTHY	0	0.002
fame-gw	ESCA	cv	HRR1235757	HEALTHY	0	0.012
fame-gw	ESCA	cv	HRR1235759	HEALTHY	0	0.008
fame-gw	ESCA	cv	HRR1235760	HEALTHY	0	0.0
fame-gw	ESCA	cv	HRR1235763	HEALTHY	0	0.012
fame-gw	ESCA	cv	HRR1235764	HEALTHY	0	0.0
fame-gw	ESCA	cv	HRR1235765	HEALTHY	0	0.662
fame-gw	ESCA	cv	HRR1235767	HEALTHY	0	0.0
fame-gw	ESCA	cv	HRR1235768	HEALTHY	0	0.01
fame-gw	ESCA	cv	HRR1235769	HEALTHY	0	0.028
fame-gw	ESCA	cv	HRR1235770	HEALTHY	0	0.024
fame-gw	ESCA	cv	HRR1235771	HEALTHY	0	0.03
fame-gw	ESCA	cv	HRR1235772	HEALTHY	0	0.0
fame-gw	ESCA	cv	HRR1235773	HEALTHY	0	0.0
fame-gw	ESCA	cv	HRR1235774	HEALTHY	0	0.0
fame-gw	ESCA	cv	HRR1235775	HEALTHY	0	0.0
fame-gw	ESCA	cv	HRR1235776	HEALTHY	0	0.45
fame-gw	ESCA	cv	HRR1235777	HEALTHY	0	0.124
fame-gw	ESCA	cv	HRR1235779	HEALTHY	0	0.0
fame-gw	ESCA	cv	HRR1235781	HEALTHY	0	0.056
fame-gw	ESCA	cv	HRR1235782	HEALTHY	0	0.01
fame-gw	ESCA	cv	HRR1235783	HEALTHY	0	0.03
fame-gw	ESCA	cv	HRR1235784	HEALTHY	0	0.024
fame-gw	ESCA	cv	HRR1235785	HEALTHY	0	0.0
fame-gw	ESCA	cv	HRR1235786	HEALTHY	0	0.0
fame-gw	ESCA	cv	HRR1235787	HEALTHY	0	0.004
fame-gw	ESCA	cv	HRR1235789	HEALTHY	0	0.0
fame-gw	ESCA	cv	HRR1235790	HEALTHY	0	0.0
fame-gw	ESCA	cv	HRR1235793	HEALTHY	0	0.158
fame-gw	ESCA	cv	HRR1235797	HEALTHY	0	0.008
fame-gw	ESCA	cv	HRR1235798	HEALTHY	0	0.002
fame-gw	ESCA	cv	HRR1235799	HEALTHY	0	0.0
fame-gw	ESCA	cv	HRR1235801	HEALTHY	0	0.086
fame-gw	ESCA	cv	HRR1235803	HEALTHY	0	0.142
fame-gw	ESCA	cv	HRR1235805	HEALTHY	0	0.032
fame-gw	ESCA	cv	HRR1235808	HEALTHY	0	0.004
fame-gw	ESCA	cv	HRR1235809	HEALTHY	0	0.0
fame-gw	ESCA	cv	HRR1235812	HEALTHY	0	0.002
fame-gw	ESCA	cv	HRR1235814	HEALTHY	0	0.006
fame-gw	ESCA	cv	HRR1235815	HEALTHY	0	0.038
fame-gw	ESCA	cv	HRR1236033	ESCA	1	0.26
fame-gw	ESCA	cv	HRR1236034	ESCA	1	0.322
fame-gw	ESCA	cv	HRR1236035	ESCA	1	0.392
fame-gw	ESCA	cv	HRR1236036	ESCA	1	0.716
fame-gw	ESCA	cv	HRR1236037	ESCA	1	0.4
fame-gw	ESCA	cv	HRR1236038	ESCA	1	0.922
fame-gw	ESCA	cv	HRR1236039	ESCA	1	0.512
fame-gw	ESCA	cv	HRR1236040	ESCA	1	1.0
fame-gw	ESCA	cv	HRR1236042	ESCA	1	0.194
fame-gw	ESCA	cv	HRR1236043	ESCA	1	0.478
fame-gw	ESCA	cv	HRR1236045	ESCA	1	1.0
fame-gw	ESCA	cv	HRR1236051	ESCA	1	0.924
fame-gw	ESCA	cv	HRR1236053	ESCA	1	0.844
fame-gw	ESCA	cv	HRR1236054	ESCA	1	0.862
fame-gw	ESCA	cv	HRR1236055	ESCA	1	0.822
fame-gw	ESCA	cv	HRR1236056	ESCA	1	0.984
fame-gw	ESCA	cv	HRR1236057	ESCA	1	0.986
fame-gw	ESCA	cv	HRR1236058	ESCA	1	0.85
fame-gw	ESCA	cv	HRR1236059	ESCA	1	0.008
fame-gw	ESCA	cv	HRR1236060	ESCA	1	0.904
fame-gw	ESCA	cv	HRR1236061	ESCA	1	1.0
fame-gw	ESCA	cv	HRR1236062	ESCA	1	0.886
fame-gw	ESCA	cv	HRR1236063	ESCA	1	0.93
fame-gw	ESCA	cv	HRR1236064	ESCA	1	0.916
fame-gw	ESCA	cv	HRR1236065	ESCA	1	1.0
fame-gw	ESCA	cv	HRR1236066	ESCA	1	0.54
fame-gw	ESCA	cv	HRR1236068	ESCA	1	0.662
fame-gw	ESCA	cv	HRR1236069	ESCA	1	0.532
fame-gw	ESCA	cv	HRR1236070	ESCA	1	0.732
fame-gw	ESCA	cv	HRR1236071	ESCA	1	1.0
fame-gw	ESCA	cv	HRR1236072	ESCA	1	0.998
fame-gw	ESCA	cv	HRR1236073	ESCA	1	0.996
fame-gw	ESCA	cv	HRR1236075	ESCA	1	0.792
fame-gw	ESCA	cv	HRR1236076	ESCA	1	0.574
fame-gw	ESCA	cv	HRR1236077	ESCA	1	0.312
fame-gw	ESCA	cv	HRR1236078	ESCA	1	0.274
fame-gw	ESCA	cv	HRR1236079	ESCA	1	0.21
fame-gw	ESCA	cv	HRR1236080	ESCA	1	0.562
fame-gw	ESCA	cv	HRR1236081	ESCA	1	0.668
fame-gw	ESCA	cv	HRR1236082	ESCA	1	0.642
fame-gw	ESCA	cv	HRR1236083	ESCA	1	0.692
fame-gw	ESCA	cv	HRR1236092	ESCA	1	0.962
fame-gw	ESCA	test	HRR1235324	HEALTHY	0	0.038
fame-gw	ESCA	test	HRR1235329	HEALTHY	0	0.002
fame-gw	ESCA	test	HRR1235333	HEALTHY	0	0.0
fame-gw	ESCA	test	HRR1235336	HEALTHY	0	0.0
fame-gw	ESCA	test	HRR1235338	HEALTHY	0	0.006
fame-gw	ESCA	test	HRR1235348	HEALTHY	0	0.008
fame-gw	ESCA	test	HRR1235362	HEALTHY	0	0.0
fame-gw	ESCA	test	HRR1235366	HEALTHY	0	0.008
fame-gw	ESCA	test	HRR1235379	HEALTHY	0	0.0
fame-gw	ESCA	test	HRR1235385	HEALTHY	0	0.004
fame-gw	ESCA	test	HRR1235394	HEALTHY	0	0.028
fame-gw	ESCA	test	HRR1235398	HEALTHY	0	0.0
fame-gw	ESCA	test	HRR1235399	HEALTHY	0	0.016
fame-gw	ESCA	test	HRR1235402	HEALTHY	0	0.0
fame-gw	ESCA	test	HRR1235410	HEALTHY	0	0.0
fame-gw	ESCA	test	HRR1235414	HEALTHY	0	0.004
fame-gw	ESCA	test	HRR1235416	HEALTHY	0	0.002
fame-gw	ESCA	test	HRR1235421	HEALTHY	0	0.026
fame-gw	ESCA	test	HRR1235424	HEALTHY	0	0.004
fame-gw	ESCA	test	HRR1235434	HEALTHY	0	0.0
fame-gw	ESCA	test	HRR1235454	HEALTHY	0	0.0
fame-gw	ESCA	test	HRR1235462	HEALTHY	0	0.0
fame-gw	ESCA	test	HRR1235471	HEALTHY	0	0.0
fame-gw	ESCA	test	HRR1235476	HEALTHY	0	0.0
fame-gw	ESCA	test	HRR1235477	HEALTHY	0	0.05
fame-gw	ESCA	test	HRR1235479	HEALTHY	0	0.0
fame-gw	ESCA	test	HRR1235480	HEALTHY	0	0.0
fame-gw	ESCA	test	HRR1235484	HEALTHY	0	0.0
fame-gw	ESCA	test	HRR1235485	HEALTHY	0	0.0
fame-gw	ESCA	test	HRR1235487	HEALTHY	0	0.02
fame-gw	ESCA	test	HRR1235494	HEALTHY	0	0.004
fame-gw	ESCA	test	HRR1235495	HEALTHY	0	0.004
fame-gw	ESCA	test	HRR1235496	HEALTHY	0	0.06
fame-gw	ESCA	test	HRR1235507	HEALTHY	0	0.0
fame-gw	ESCA	test	HRR1235509	HEALTHY	0	0.0
fame-gw	ESCA	test	HRR1235512	HEALTHY	0	0.0
fame-gw	ESCA	test	HRR1235543	HEALTHY	0	0.0
fame-gw	ESCA	test	HRR1235550	HEALTHY	0	0.026
fame-gw	ESCA	test	HRR1235551	HEALTHY	0	0.0
fame-gw	ESCA	test	HRR1235552	HEALTHY	0	0.028
fame-gw	ESCA	test	HRR1235553	HEALTHY	0	0.028
fame-gw	ESCA	test	HRR1235554	HEALTHY	0	0.626
fame-gw	ESCA	test	HRR1235555	HEALTHY	0	0.074
fame-gw	ESCA	test	HRR1235556	HEALTHY	0	0.0
fame-gw	ESCA	test	HRR1235557	HEALTHY	0	0.024
fame-gw	ESCA	test	HRR1235558	HEALTHY	0	0.196
fame-gw	ESCA	test	HRR1235559	HEALTHY	0	0.0
fame-gw	ESCA	test	HRR1235560	HEALTHY	0	0.018
fame-gw	ESCA	test	HRR1235561	HEALTHY	0	0.0
fame-gw	ESCA	test	HRR1235562	HEALTHY	0	0.01
fame-gw	ESCA	test	HRR1235563	HEALTHY	0	0.006
fame-gw	ESCA	test	HRR1235564	HEALTHY	0	0.002
fame-gw	ESCA	test	HRR1235565	HEALTHY	0	0.0
fame-gw	ESCA	test	HRR1235566	HEALTHY	0	0.004
fame-gw	ESCA	test	HRR1235567	HEALTHY	0	0.034
fame-gw	ESCA	test	HRR1235568	HEALTHY	0	0.008
fame-gw	ESCA	test	HRR1235569	HEALTHY	0	0.076
fame-gw	ESCA	test	HRR1235570	HEALTHY	0	0.0
fame-gw	ESCA	test	HRR1235571	HEALTHY	0	0.002
fame-gw	ESCA	test	HRR1235572	HEALTHY	0	0.052
fame-gw	ESCA	test	HRR1235573	HEALTHY	0	0.392
fame-gw	ESCA	test	HRR1235574	HEALTHY	0	0.002
fame-gw	ESCA	test	HRR1235575	HEALTHY	0	0.0
fame-gw	ESCA	test	HRR1235576	HEALTHY	0	0.024
fame-gw	ESCA	test	HRR1235577	HEALTHY	0	0.0
fame-gw	ESCA	test	HRR1235578	HEALTHY	0	0.018
fame-gw	ESCA	test	HRR1235579	HEALTHY	0	0.082
fame-gw	ESCA	test	HRR1235580	HEALTHY	0	0.004
fame-gw	ESCA	test	HRR1235581	HEALTHY	0	0.012
fame-gw	ESCA	test	HRR1235582	HEALTHY	0	0.062
fame-gw	ESCA	test	HRR1235583	HEALTHY	0	0.0
fame-gw	ESCA	test	HRR1235584	HEALTHY	0	0.374
fame-gw	ESCA	test	HRR1235585	HEALTHY	0	0.0
fame-gw	ESCA	test	HRR1235586	HEALTHY	0	0.08
fame-gw	ESCA	test	HRR1235587	HEALTHY	0	0.456
fame-gw	ESCA	test	HRR1235588	HEALTHY	0	0.034
fame-gw	ESCA	test	HRR1235589	HEALTHY	0	0.472
fame-gw	ESCA	test	HRR1235590	HEALTHY	0	0.026
fame-gw	ESCA	test	HRR1235591	HEALTHY	0	0.012
fame-gw	ESCA	test	HRR1235592	HEALTHY	0	0.026
fame-gw	ESCA	test	HRR1235593	HEALTHY	0	0.002
fame-gw	ESCA	test	HRR1235594	HEALTHY	0	0.012
fame-gw	ESCA	test	HRR1235595	HEALTHY	0	0.002
fame-gw	ESCA	test	HRR1235596	HEALTHY	0	0.65
fame-gw	ESCA	test	HRR1235597	HEALTHY	0	0.114
fame-gw	ESCA	test	HRR1235621	HEALTHY	0	0.002
fame-gw	ESCA	test	HRR1235626	HEALTHY	0	0.034
fame-gw	ESCA	test	HRR1235629	HEALTHY	0	0.058
fame-gw	ESCA	test	HRR1235630	HEALTHY	0	0.0
fame-gw	ESCA	test	HRR1235640	HEALTHY	0	0.008
fame-gw	ESCA	test	HRR1235643	HEALTHY	0	0.0
fame-gw	ESCA	test	HRR1235649	HEALTHY	0	0.0
fame-gw	ESCA	test	HRR1235651	HEALTHY	0	0.0
fame-gw	ESCA	test	HRR1235652	HEALTHY	0	0.002
fame-gw	ESCA	test	HRR1235654	HEALTHY	0	0.134
fame-gw	ESCA	test	HRR1235656	HEALTHY	0	0.0
fame-gw	ESCA	test	HRR1235659	HEALTHY	0	0.01
fame-gw	ESCA	test	HRR1235660	HEALTHY	0	0.024
fame-gw	ESCA	test	HRR1235664	HEALTHY	0	0.016
fame-gw	ESCA	test	HRR1235666	HEALTHY	0	0.002
fame-gw	ESCA	test	HRR1235668	HEALTHY	0	0.0
fame-gw	ESCA	test	HRR1235681	HEALTHY	0	0.176
fame-gw	ESCA	test	HRR1235682	HEALTHY	0	0.016
fame-gw	ESCA	test	HRR1235684	HEALTHY	0	0.002
fame-gw	ESCA	test	HRR1235700	HEALTHY	0	0.014
fame-gw	ESCA	test	HRR1235701	HEALTHY	0	0.002
fame-gw	ESCA	test	HRR1235702	HEALTHY	0	0.0
fame-gw	ESCA	test	HRR1235705	HEALTHY	0	0.004
fame-gw	ESCA	test	HRR1235708	HEALTHY	0	0.05
fame-gw	ESCA	test	HRR1235717	HEALTHY	0	0.056
fame-gw	ESCA	test	HRR1235718	HEALTHY	0	0.0
fame-gw	ESCA	test	HRR1235721	HEALTHY	0	0.202
fame-gw	ESCA	test	HRR1235724	HEALTHY	0	0.004
fame-gw	ESCA	test	HRR1235725	HEALTHY	0	0.008
fame-gw	ESCA	test	HRR1235729	HEALTHY	0	0.0
fame-gw	ESCA	test	HRR1235730	HEALTHY	0	0.124
fame-gw	ESCA	test	HRR1235735	HEALTHY	0	0.06
fame-gw	ESCA	test	HRR1235736	HEALTHY	0	0.184
fame-gw	ESCA	test	HRR1235741	HEALTHY	0	0.006
fame-gw	ESCA	test	HRR1235742	HEALTHY	0	0.0
fame-gw	ESCA	test	HRR1235748	HEALTHY	0	0.308
fame-gw	ESCA	test	HRR1235749	HEALTHY	0	0.0
fame-gw	ESCA	test	HRR1235750	HEALTHY	0	0.0
fame-gw	ESCA	test	HRR1235752	HEALTHY	0	0.008
fame-gw	ESCA	test	HRR1235754	HEALTHY	0	0.01
fame-gw	ESCA	test	HRR1235758	HEALTHY	0	0.002
fame-gw	ESCA	test	HRR1235761	HEALTHY	0	0.024
fame-gw	ESCA	test	HRR1235762	HEALTHY	0	0.004
fame-gw	ESCA	test	HRR1235766	HEALTHY	0	0.034
fame-gw	ESCA	test	HRR1235778	HEALTHY	0	0.016
fame-gw	ESCA	test	HRR1235780	HEALTHY	0	0.004
fame-gw	ESCA	test	HRR1235788	HEALTHY	0	0.028
fame-gw	ESCA	test	HRR1235791	HEALTHY	0	0.124
fame-gw	ESCA	test	HRR1235792	HEALTHY	0	0.0
fame-gw	ESCA	test	HRR1235794	HEALTHY	0	0.0
fame-gw	ESCA	test	HRR1235795	HEALTHY	0	0.616
fame-gw	ESCA	test	HRR1235796	HEALTHY	0	0.056
fame-gw	ESCA	test	HRR1235800	HEALTHY	0	0.074
fame-gw	ESCA	test	HRR1235802	HEALTHY	0	0.036
fame-gw	ESCA	test	HRR1235804	HEALTHY	0	0.492
fame-gw	ESCA	test	HRR1235806	HEALTHY	0	0.026
fame-gw	ESCA	test	HRR1235807	HEALTHY	0	0.0
fame-gw	ESCA	test	HRR1235810	HEALTHY	0	0.008
fame-gw	ESCA	test	HRR1235811	HEALTHY	0	0.006
fame-gw	ESCA	test	HRR1235813	HEALTHY	0	0.004
fame-gw	ESCA	test	HRR1236032	ESCA	1	0.404
fame-gw	ESCA	test	HRR1236041	ESCA	1	0.62
fame-gw	ESCA	test	HRR1236044	ESCA	1	0.996
fame-gw	ESCA	test	HRR1236046	ESCA	1	0.782
fame-gw	ESCA	test	HRR1236047	ESCA	1	0.996
fame-gw	ESCA	test	HRR1236048	ESCA	1	0.996
fame-gw	ESCA	test	HRR1236049	ESCA	1	0.834
fame-gw	ESCA	test	HRR1236050	ESCA	1	0.942
fame-gw	ESCA	test	HRR1236052	ESCA	1	0.73
fame-gw	ESCA	test	HRR1236067	ESCA	1	0.536
fame-gw	ESCA	test	HRR1236074	ESCA	1	0.834
fame-gw	ESCA	test	HRR1236084	ESCA	1	0.642
fame-gw	ESCA	test	HRR1236085	ESCA	1	0.114
fame-gw	ESCA	test	HRR1236086	ESCA	1	0.95
fame-gw	ESCA	test	HRR1236087	ESCA	1	0.344
fame-gw	ESCA	test	HRR1236088	ESCA	1	0.992
fame-gw	ESCA	test	HRR1236089	ESCA	1	0.666
fame-gw	ESCA	test	HRR1236090	ESCA	1	0.852
fame-gw	ESCA	test	HRR1236091	ESCA	1	0.374
fame-gw	LIHC	cv	HRR1235319	HEALTHY	0	0.024
fame-gw	LIHC	cv	HRR1235320	HEALTHY	0	0.11
fame-gw	LIHC	cv	HRR1235321	HEALTHY	0	0.546
fame-gw	LIHC	cv	HRR1235322	HEALTHY	0	0.058
fame-gw	LIHC	cv	HRR1235323	HEALTHY	0	0.452
fame-gw	LIHC	cv	HRR1235325	HEALTHY	0	0.014
fame-gw	LIHC	cv	HRR1235326	HEALTHY	0	0.006
fame-gw	LIHC	cv	HRR1235327	HEALTHY	0	0.158
fame-gw	LIHC	cv	HRR1235328	HEALTHY	0	0.042
fame-gw	LIHC	cv	HRR1235330	HEALTHY	0	0.12
fame-gw	LIHC	cv	HRR1235331	HEALTHY	0	0.012
fame-gw	LIHC	cv	HRR1235332	HEALTHY	0	0.0
fame-gw	LIHC	cv	HRR1235334	HEALTHY	0	0.132
fame-gw	LIHC	cv	HRR1235335	HEALTHY	0	0.094
fame-gw	LIHC	cv	HRR1235337	HEALTHY	0	0.06
fame-gw	LIHC	cv	HRR1235339	HEALTHY	0	0.0
fame-gw	LIHC	cv	HRR1235340	HEALTHY	0	0.48
fame-gw	LIHC	cv	HRR1235341	HEALTHY	0	0.0
fame-gw	LIHC	cv	HRR1235342	HEALTHY	0	0.032
fame-gw	LIHC	cv	HRR1235343	HEALTHY	0	0.012
fame-gw	LIHC	cv	HRR1235344	HEALTHY	0	0.0
fame-gw	LIHC	cv	HRR1235345	HEALTHY	0	0.062
fame-gw	LIHC	cv	HRR1235346	HEALTHY	0	0.012
fame-gw	LIHC	cv	HRR1235347	HEALTHY	0	0.0
fame-gw	LIHC	cv	HRR1235349	HEALTHY	0	0.0
fame-gw	LIHC	cv	HRR1235350	HEALTHY	0	0.05
fame-gw	LIHC	cv	HRR1235351	HEALTHY	0	0.006
fame-gw	LIHC	cv	HRR1235352	HEALTHY	0	0.026
fame-gw	LIHC	cv	HRR1235353	HEALTHY	0	0.004
fame-gw	LIHC	cv	HRR1235354	HEALTHY	0	0.012
fame-gw	LIHC	cv	HRR1235355	HEALTHY	0	0.002
fame-gw	LIHC	cv	HRR1235356	HEALTHY	0	0.008
fame-gw	LIHC	cv	HRR1235357	HEALTHY	0	0.626
fame-gw	LIHC	cv	HRR1235358	HEALTHY	0	0.01
fame-gw	LIHC	cv	HRR1235359	HEALTHY	0	0.102
fame-gw	LIHC	cv	HRR1235360	HEALTHY	0	0.006
fame-gw	LIHC	cv	HRR1235361	HEALTHY	0	0.02
fame-gw	LIHC	cv	HRR1235363	HEALTHY	0	0.064
fame-gw	LIHC	cv	HRR1235364	HEALTHY	0	0.006
fame-gw	LIHC	cv	HRR1235365	HEALTHY	0	0.002
fame-gw	LIHC	cv	HRR1235367	HEALTHY	0	0.176
fame-gw	LIHC	cv	HRR1235368	HEALTHY	0	0.0
fame-gw	LIHC	cv	HRR1235369	HEALTHY	0	0.154
fame-gw	LIHC	cv	HRR1235370	HEALTHY	0	0.0
fame-gw	LIHC	cv	HRR1235371	HEALTHY	0	0.034
fame-gw	LIHC	cv	HRR1235372	HEALTHY	0	0.018
fame-gw	LIHC	cv	HRR1235373	HEALTHY	0	0.006
fame-gw	LIHC	cv	HRR1235374	HEALTHY	0	0.32
fame-gw	LIHC	cv	HRR1235375	HEALTHY	0	0.002
fame-gw	LIHC	cv	HRR1235376	HEALTHY	0	0.0
fame-gw	LIHC	cv	HRR1235377	HEALTHY	0	0.0
fame-gw	LIHC	cv	HRR1235378	HEALTHY	0	0.0
fame-gw	LIHC	cv	HRR1235380	HEALTHY	0	0.0
fame-gw	LIHC	cv	HRR1235381	HEALTHY	0	0.0
fame-gw	LIHC	cv	HRR1235382	HEALTHY	0	0.016
fame-gw	LIHC	cv	HRR1235383	HEALTHY	0	0.0
fame-gw	LIHC	cv	HRR1235384	HEALTHY	0	0.1
fame-gw	LIHC	cv	HRR1235386	HEALTHY	0	0.016
fame-gw	LIHC	cv	HRR1235387	HEALTHY	0	0.106
fame-gw	LIHC	cv	HRR1235388	HEALTHY	0	0.212
fame-gw	LIHC	cv	HRR1235389	HEALTHY	0	0.0
fame-gw	LIHC	cv	HRR1235390	HEALTHY	0	0.0
fame-gw	LIHC	cv	HRR1235391	HEALTHY	0	0.002
fame-gw	LIHC	cv	HRR1235392	HEALTHY	0	0.008
fame-gw	LIHC	cv	HRR1235393	HEALTHY	0	0.0
fame-gw	LIHC	cv	HRR1235395	HEALTHY	0	0.004
fame-gw	LIHC	cv	HRR1235396	HEALTHY	0	0.0
fame-gw	LIHC	cv	HRR1235397	HEALTHY	0	0.0
fame-gw	LIHC	cv	HRR1235400	HEALTHY	0	0.0
fame-gw	LIHC	cv	HRR1235401	HEALTHY	0	0.0
fame-gw	LIHC	cv	HRR1235403	HEALTHY	0	0.0
fame-gw	LIHC	cv	HRR1235404	HEALTHY	0	0.004
fame-gw	LIHC	cv	HRR1235405	HEALTHY	0	0.004
fame-gw	LIHC	cv	HRR1235406	HEALTHY	0	0.04
fame-gw	LIHC	cv	HRR1235407	HEALTHY	0	0.006
fame-gw	LIHC	cv	HRR1235408	HEALTHY	0	0.016
fame-gw	LIHC	cv	HRR1235409	HEALTHY	0	0.132
fame-gw	LIHC	cv	HRR1235411	HEALTHY	0	0.456
fame-gw	LIHC	cv	HRR1235412	HEALTHY	0	0.004
fame-gw	LIHC	cv	HRR1235413	HEALTHY	0	0.004
fame-gw	LIHC	cv	HRR1235415	HEALTHY	0	0.01
fame-gw	LIHC	cv	HRR1235417	HEALTHY	0	0.018
fame-gw	LIHC	cv	HRR1235418	HEALTHY	0	0.004
fame-gw	LIHC	cv	HRR1235419	HEALTHY	0	0.042
fame-gw	LIHC	cv	HRR1235420	HEALTHY	0	0.0
fame-gw	LIHC	cv	HRR1235422	HEALTHY	0	0.002
fame-gw	LIHC	cv	HRR1235423	HEALTHY	0	0.0
fame-gw	LIHC	cv	HRR1235425	HEALTHY	0	0.0
fame-gw	LIHC	cv	HRR1235426	HEALTHY	0	0.0
fame-gw	LIHC	cv	HRR1235427	HEALTHY	0	0.02
fame-gw	LIHC	cv	HRR1235428	HEALTHY	0	0.0
fame-gw	LIHC	cv	HRR1235429	HEALTHY	0	0.0
fame-gw	LIHC	cv	HRR1235430	HEALTHY	0	0.034
fame-gw	LIHC	cv	HRR1235431	HEALTHY	0	0.002
fame-gw	LIHC	cv	HRR1235432	HEALTHY	0	0.0
fame-gw	LIHC	cv	HRR1235433	HEALTHY	0	0.004
fame-gw	LIHC	cv	HRR1235435	HEALTHY	0	0.01
fame-gw	LIHC	cv	HRR1235436	HEALTHY	0	0.0
fame-gw	LIHC	cv	HRR1235437	HEALTHY	0	0.0
fame-gw	LIHC	cv	HRR1235438	HEALTHY	0	0.0
fame-gw	LIHC	cv	HRR1235439	HEALTHY	0	0.004
fame-gw	LIHC	cv	HRR1235440	HEALTHY	0	0.034
fame-gw	LIHC	cv	HRR1235441	HEALTHY	0	0.002
fame-gw	LIHC	cv	HRR1235442	HEALTHY	0	0.004
fame-gw	LIHC	cv	HRR1235443	HEALTHY	0	0.0
fame-gw	LIHC	cv	HRR1235444	HEALTHY	0	0.016
fame-gw	LIHC	cv	HRR1235445	HEALTHY	0	0.002
fame-gw	LIHC	cv	HRR1235446	HEALTHY	0	0.0
fame-gw	LIHC	cv	HRR1235447	HEALTHY	0	0.008
fame-gw	LIHC	cv	HRR1235448	HEALTHY	0	0.0
fame-gw	LIHC	cv	HRR1235449	HEALTHY	0	0.018
fame-gw	LIHC	cv	HRR1235450	HEALTHY	0	0.0
fame-gw	LIHC	cv	HRR1235451	HEALTHY	0	0.594
fame-gw	LIHC	cv	HRR1235452	HEALTHY	0	0.0
fame-gw	LIHC	cv	HRR1235453	HEALTHY	0	0.0
fame-gw	LIHC	cv	HRR1235455	HEALTHY	0	0.0
fame-gw	LIHC	cv	HRR1235456	HEALTHY	0	0.008
fame-gw	LIHC	cv	HRR1235457	HEALTHY	0	0.006
fame-gw	LIHC	cv	HRR1235458	HEALTHY	0	0.086
fame-gw	LIHC	cv	HRR1235459	HEALTHY	0	0.002
fame-gw	LIHC	cv	HRR1235460	HEALTHY	0	0.002
fame-gw	LIHC	cv	HRR1235461	HEALTHY	0	0.0
fame-gw	LIHC	cv	HRR1235463	HEALTHY	0	0.0
fame-gw	LIHC	cv	HRR1235464	HEALTHY	0	0.008
fame-gw	LIHC	cv	HRR1235465	HEALTHY	0	0.002
fame-gw	LIHC	cv	HRR1235466	HEALTHY	0	0.002
fame-gw	LIHC	cv	HRR1235467	HEALTHY	0	0.008
fame-gw	LIHC	cv	HRR1235468	HEALTHY	0	0.002
fame-gw	LIHC	cv	HRR1235469	HEALTHY	0	0.0
fame-gw	LIHC	cv	HRR1235470	HEALTHY	0	0.002
fame-gw	LIHC	cv	HRR1235472	HEALTHY	0	0.002
fame-gw	LIHC	cv	HRR1235473	HEALTHY	0	0.0
fame-gw	LIHC	cv	HRR1235474	HEALTHY	0	0.0
fame-gw	LIHC	cv	HRR1235475	HEALTHY	0	0.0
fame-gw	LIHC	cv	HRR1235478	HEALTHY	0	0.152
fame-gw	LIHC	cv	HRR1235481	HEALTHY	0	0.0
fame-gw	LIHC	cv	HRR1235482	HEALTHY	0	0.0
fame-gw	LIHC	cv	HRR1235483	HEALTHY	0	0.0
fame-gw	LIHC	cv	HRR1235486	HEALTHY	0	0.0
fame-gw	LIHC	cv	HRR1235488	HEALTHY	0	0.004
fame-gw	LIHC	cv	HRR1235489	HEALTHY	0	0.0
fame-gw	LIHC	cv	HRR1235490	HEALTHY	0	0.016
fame-gw	LIHC	cv	HRR1235491	HEALTHY	0	0.588
fame-gw	LIHC	cv	HRR1235492	HEALTHY	0	0.0
fame-gw	LIHC	cv	HRR1235493	HEALTHY	0	0.002
fame-gw	LIHC	cv	HRR1235497	HEALTHY	0	0.0
fame-gw	LIHC	cv	HRR1235498	HEALTHY	0	0.048
fame-gw	LIHC	cv	HRR1235499	HEALTHY	0	0.0
fame-gw	LIHC	cv	HRR1235500	HEALTHY	0	0.002
fame-gw	LIHC	cv	HRR1235501	HEALTHY	0	0.002
fame-gw	LIHC	cv	HRR1235502	HEALTHY	0	0.0
fame-gw	LIHC	cv	HRR1235503	HEALTHY	0	0.0
fame-gw	LIHC	cv	HRR1235504	HEALTHY	0	0.0
fame-gw	LIHC	cv	HRR1235505	HEALTHY	0	0.024
fame-gw	LIHC	cv	HRR1235506	HEALTHY	0	0.002
fame-gw	LIHC	cv	HRR1235508	HEALTHY	0	0.0
fame-gw	LIHC	cv	HRR1235510	HEALTHY	0	0.002
fame-gw	LIHC	cv	HRR1235511	HEALTHY	0	0.004
fame-gw	LIHC	cv	HRR1235513	HEALTHY	0	0.002
fame-gw	LIHC	cv	HRR1235514	HEALTHY	0	0.0
fame-gw	LIHC	cv	HRR1235515	HEALTHY	0	0.004
fame-gw	LIHC	cv	HRR1235516	HEALTHY	0	0.0
fame-gw	LIHC	cv	HRR1235517	HEALTHY	0	0.0
fame-gw	LIHC	cv	HRR1235518	HEALTHY	0	0.018
fame-gw	LIHC	cv	HRR1235519	HEALTHY	0	0.006
fame-gw	LIHC	cv	HRR1235520	HEALTHY	0	0.002
fame-gw	LIHC	cv	HRR1235521	HEALTHY	0	0.002
fame-gw	LIHC	cv	HRR1235522	HEALTHY	0	0.0
fame-gw	LIHC	cv	HRR1235523	HEALTHY	0	0.012
fame-gw	LIHC	cv	HRR1235524	HEALTHY	0	0.002
fame-gw	LIHC	cv	HRR1235525	HEALTHY	0	0.002
fame-gw	LIHC	cv	HRR1235526	HEALTHY	0	0.002
fame-gw	LIHC	cv	HRR1235527	HEALTHY	0	0.0
fame-gw	LIHC	cv	HRR1235528	HEALTHY	0	0.0
fame-gw	LIHC	cv	HRR1235529	HEALTHY	0	0.014
fame-gw	LIHC	cv	HRR1235530	HEALTHY	0	0.0
fame-gw	LIHC	cv	HRR1235531	HEALTHY	0	0.0
fame-gw	LIHC	cv	HRR1235532	HEALTHY	0	0.0
fame-gw	LIHC	cv	HRR1235533	HEALTHY	0	0.002
fame-gw	LIHC	cv	HRR1235534	HEALTHY	0	0.004
fame-gw	LIHC	cv	HRR1235535	HEALTHY	0	0.004
fame-gw	LIHC	cv	HRR1235536	HEALTHY	0	0.0
fame-gw	LIHC	cv	HRR1235537	HEALTHY	0	0.0
fame-gw	LIHC	cv	HRR1235538	HEALTHY	0	0.0
fame-gw	LIHC	cv	HRR1235539	HEALTHY	0	0.01
fame-gw	LIHC	cv	HRR1235540	HEALTHY	0	0.002
fame-gw	LIHC	cv	HRR1235541	HEALTHY	0	0.0
fame-gw	LIHC	cv	HRR1235542	HEALTHY	0	0.0
fame-gw	LIHC	cv	HRR1235544	HEALTHY	0	0.0
fame-gw	LIHC	cv	HRR1235545	HEALTHY	0	0.018
fame-gw	LIHC	cv	HRR1235546	HEALTHY	0	0.0
fame-gw	LIHC	cv	HRR1235547	HEALTHY	0	0.012
fame-gw	LIHC	cv	HRR1235548	HEALTHY	0	0.0
fame-gw	LIHC	cv	HRR1235549	HEALTHY	0	0.014
fame-gw	LIHC	cv	HRR1235598	HEALTHY	0	0.002
fame-gw	LIHC	cv	HRR1235599	HEALTHY	0	0.018
fame-gw	LIHC	cv	HRR1235600	HEALTHY	0	0.0
fame-gw	LIHC	cv	HRR1235601	HEALTHY	0	0.044
fame-gw	LIHC	cv	HRR1235602	HEALTHY	0	0.054
fame-gw	LIHC	cv	HRR1235603	HEALTHY	0	0.088
fame-gw	LIHC	cv	HRR1235604	HEALTHY	0	0.002
fame-gw	LIHC	cv	HRR1235605	HEALTHY	0	0.002
fame-gw	LIHC	cv	HRR1235606	HEALTHY	0	0.012
fame-gw	LIHC	cv	HRR1235607	HEALTHY	0	0.002
fame-gw	LIHC	cv	HRR1235608	HEALTHY	0	0.006
fame-gw	LIHC	cv	HRR1235609	HEALTHY	0	0.01
fame-gw	LIHC	cv	HRR1235610	HEALTHY	0	0.0
fame-gw	LIHC	cv	HRR1235611	HEALTHY	0	0.01
fame-gw	LIHC	cv	HRR1235612	HEALTHY	0	0.006
fame-gw	LIHC	cv	HRR1235613	HEALTHY	0	0.004
fame-gw	LIHC	cv	HRR1235614	HEALTHY	0	0.016
fame-gw	LIHC	cv	HRR1235615	HEALTHY	0	0.002
fame-gw	LIHC	cv	HRR1235616	HEALTHY	0	0.0
fame-gw	LIHC	cv	HRR1235617	HEALTHY	0	0.004
fame-gw	LIHC	cv	HRR1235618	HEALTHY	0	0.0
fame-gw	LIHC	cv	HRR1235619	HEALTHY	0	0.006
fame-gw	LIHC	cv	HRR1235620	HEALTHY	0	0.006
fame-gw	LIHC	cv	HRR1235622	HEALTHY	0	0.006
fame-gw	LIHC	cv	HRR1235623	HEALTHY	0	0.038
fame-gw	LIHC	cv	HRR1235624	HEALTHY	0	0.028
fame-gw	LIHC	cv	HRR1235625	HEALTHY	0	0.0
fame-gw	LIHC	cv	HRR1235627	HEALTHY	0	0.002
fame-gw	LIHC	cv	HRR1235628	HEALTHY	0	0.0
fame-gw	LIHC	cv	HRR1235631	HEALTHY	0	0.012
fame-gw	LIHC	cv	HRR1235632	HEALTHY	0	0.002
fame-gw	LIHC	cv	HRR1235633	HEALTHY	0	0.0
fame-gw	LIHC	cv	HRR1235634	HEALTHY	0	0.0
fame-gw	LIHC	cv	HRR1235635	HEALTHY	0	0.002
fame-gw	LIHC	cv	HRR1235636	HEALTHY	0	0.0
fame-gw	LIHC	cv	HRR1235637	HEALTHY	0	0.002
fame-gw	LIHC	cv	HRR1235638	HEALTHY	0	0.0
fame-gw	LIHC	cv	HRR1235639	HEALTHY	0	0.0
fame-gw	LIHC	cv	HRR1235641	HEALTHY	0	0.004
fame-gw	LIHC	cv	HRR1235642	HEALTHY	0	0.01
fame-gw	LIHC	cv	HRR1235644	HEALTHY	0	0.0
fame-gw	LIHC	cv	HRR1235645	HEALTHY	0	0.0
fame-gw	LIHC	cv	HRR1235646	HEALTHY	0	0.002
fame-gw	LIHC	cv	HRR1235647	HEALTHY	0	0.006
fame-gw	LIHC	cv	HRR1235648	HEALTHY	0	0.0
fame-gw	LIHC	cv	HRR1235650	HEALTHY	0	0.0
fame-gw	LIHC	cv	HRR1235653	HEALTHY	0	0.0
fame-gw	LIHC	cv	HRR1235655	HEALTHY	0	0.008
fame-gw	LIHC	cv	HRR1235657	HEALTHY	0	0.018
fame-gw	LIHC	cv	HRR1235658	HEALTHY	0	0.0
fame-gw	LIHC	cv	HRR1235661	HEALTHY	0	0.0
fame-gw	LIHC	cv	HRR1235662	HEALTHY	0	0.0
fame-gw	LIHC	cv	HRR1235663	HEALTHY	0	0.0
fame-gw	LIHC	cv	HRR1235665	HEALTHY	0	0.002
fame-gw	LIHC	cv	HRR1235667	HEALTHY	0	0.0
fame-gw	LIHC	cv	HRR1235669	HEALTHY	0	0.0
fame-gw	LIHC	cv	HRR1235670	HEALTHY	0	0.008
fame-gw	LIHC	cv	HRR1235671	HEALTHY	0	0.0
fame-gw	LIHC	cv	HRR1235672	HEALTHY	0	0.0
fame-gw	LIHC	cv	HRR1235673	HEALTHY	0	0.002
fame-gw	LIHC	cv	HRR1235674	HEALTHY	0	0.0
fame-gw	LIHC	cv	HRR1235675	HEALTHY	0	0.006
fame-gw	LIHC	cv	HRR1235676	HEALTHY	0	0.0
fame-gw	LIHC	cv	HRR1235677	HEALTHY	0	0.0
fame-gw	LIHC	cv	HRR1235678	HEALTHY	0	0.008
fame-gw	LIHC	cv	HRR1235679	HEALTHY	0	0.046
fame-gw	LIHC	cv	HRR1235680	HEALTHY	0	0.006
fame-gw	LIHC	cv	HRR1235683	HEALTHY	0	0.002
fame-gw	LIHC	cv	HRR1235685	HEALTHY	0	0.0
fame-gw	LIHC	cv	HRR1235686	HEALTHY	0	0.39
fame-gw	LIHC	cv	HRR1235687	HEALTHY	0	0.0
fame-gw	LIHC	cv	HRR1235688	HEALTHY	0	0.004
fame-gw	LIHC	cv	HRR1235689	HEALTHY	0	0.0
fame-gw	LIHC	cv	HRR1235690	HEALTHY	0	0.054
fame-gw	LIHC	cv	HRR1235691	HEALTHY	0	0.002
fame-gw	LIHC	cv	HRR1235692	HEALTHY	0	0.0
fame-gw	LIHC	cv	HRR1235693	HEALTHY	0	0.006
fame-gw	LIHC	cv	HRR1235694	HEALTHY	0	0.0
fame-gw	LIHC	cv	HRR1235695	HEALTHY	0	0.0
fame-gw	LIHC	cv	HRR1235696	HEALTHY	0	0.378
fame-gw	LIHC	cv	HRR1235697	HEALTHY	0	0.0
fame-gw	LIHC	cv	HRR1235698	HEALTHY	0	0.0
fame-gw	LIHC	cv	HRR1235699	HEALTHY	0	0.006
fame-gw	LIHC	cv	HRR1235703	HEALTHY	0	0.0
fame-gw	LIHC	cv	HRR1235704	HEALTHY	0	0.0
fame-gw	LIHC	cv	HRR1235706	HEALTHY	0	0.002
fame-gw	LIHC	cv	HRR1235707	HEALTHY	0	0.002
fame-gw	LIHC	cv	HRR1235709	HEALTHY	0	0.0
fame-gw	LIHC	cv	HRR1235710	HEALTHY	0	0.008
fame-gw	LIHC	cv	HRR1235711	HEALTHY	0	0.004
fame-gw	LIHC	cv	HRR1235712	HEALTHY	0	0.004
fame-gw	LIHC	cv	HRR1235713	HEALTHY	0	0.0
fame-gw	LIHC	cv	HRR1235714	HEALTHY	0	0.004
fame-gw	LIHC	cv	HRR1235715	HEALTHY	0	0.0
fame-gw	LIHC	cv	HRR1235716	HEALTHY	0	0.002
fame-gw	LIHC	cv	HRR1235719	HEALTHY	0	0.0
fame-gw	LIHC	cv	HRR1235720	HEALTHY	0	0.0
fame-gw	LIHC	cv	HRR1235722	HEALTHY	0	0.0
fame-gw	LIHC	cv	HRR1235723	HEALTHY	0	0.024
fame-gw	LIHC	cv	HRR1235726	HEALTHY	0	0.0
fame-gw	LIHC	cv	HRR1235727	HEALTHY	0	0.004
fame-gw	LIHC	cv	HRR1235728	HEALTHY	0	0.016
fame-gw	LIHC	cv	HRR1235731	HEALTHY	0	0.0
fame-gw	LIHC	cv	HRR1235732	HEALTHY	0	0.0
fame-gw	LIHC	cv	HRR1235733	HEALTHY	0	0.01
fame-gw	LIHC	cv	HRR1235734	HEALTHY	0	0.014
fame-gw	LIHC	cv	HRR1235737	HEALTHY	0	0.008
fame-gw	LIHC	cv	HRR1235738	HEALTHY	0	0.0
fame-gw	LIHC	cv	HRR1235739	HEALTHY	0	0.0
fame-gw	LIHC	cv	HRR1235740	HEALTHY	0	0.0
fame-gw	LIHC	cv	HRR1235743	HEALTHY	0	0.02
fame-gw	LIHC	cv	HRR1235744	HEALTHY	0	0.0
fame-gw	LIHC	cv	HRR1235745	HEALTHY	0	0.0
fame-gw	LIHC	cv	HRR1235746	HEALTHY	0	0.0
fame-gw	LIHC	cv	HRR1235747	HEALTHY	0	0.0
fame-gw	LIHC	cv	HRR1235751	HEALTHY	0	0.0
fame-gw	LIHC	cv	HRR1235753	HEALTHY	0	0.028
fame-gw	LIHC	cv	HRR1235755	HEALTHY	0	0.004
fame-gw	LIHC	cv	HRR1235756	HEALTHY	0	0.03
fame-gw	LIHC	cv	HRR1235757	HEALTHY	0	0.008
fame-gw	LIHC	cv	HRR1235759	HEALTHY	0	0.014
fame-gw	LIHC	cv	HRR1235760	HEALTHY	0	0.0
fame-gw	LIHC	cv	HRR1235763	HEALTHY	0	0.04
fame-gw	LIHC	cv	HRR1235764	HEALTHY	0	0.048
fame-gw	LIHC	cv	HRR1235765	HEALTHY	0	0.354
fame-gw	LIHC	cv	HRR1235767	HEALTHY	0	0.0
fame-gw	LIHC	cv	HRR1235768	HEALTHY	0	0.086
fame-gw	LIHC	cv	HRR1235769	HEALTHY	0	0.024
fame-gw	LIHC	cv	HRR1235770	HEALTHY	0	0.0
fame-gw	LIHC	cv	HRR1235771	HEALTHY	0	0.0
fame-gw	LIHC	cv	HRR1235772	HEALTHY	0	0.0
fame-gw	LIHC	cv	HRR1235773	HEALTHY	0	0.0
fame-gw	LIHC	cv	HRR1235774	HEALTHY	0	0.06
fame-gw	LIHC	cv	HRR1235775	HEALTHY	0	0.0
fame-gw	LIHC	cv	HRR1235776	HEALTHY	0	0.098
fame-gw	LIHC	cv	HRR1235777	HEALTHY	0	0.0
fame-gw	LIHC	cv	HRR1235779	HEALTHY	0	0.0
fame-gw	LIHC	cv	HRR1235781	HEALTHY	0	0.024
fame-gw	LIHC	cv	HRR1235782	HEALTHY	0	0.0
fame-gw	LIHC	cv	HRR1235783	HEALTHY	0	0.0
fame-gw	LIHC	cv	HRR1235784	HEALTHY	0	0.002
fame-gw	LIHC	cv	HRR1235785	HEALTHY	0	0.0
fame-gw	LIHC	cv	HRR1235786	HEALTHY	0	0.01
fame-gw	LIHC	cv	HRR1235787	HEALTHY	0	0.0
fame-gw	LIHC	cv	HRR1235789	HEALTHY	0	0.0
fame-gw	LIHC	cv	HRR1235790	HEALTHY	0	0.0
fame-gw	LIHC	cv	HRR1235793	HEALTHY	0	0.01
fame-gw	LIHC	cv	HRR1235797	HEALTHY	0	0.0
fame-gw	LIHC	cv	HRR1235798	HEALTHY	0	0.0
fame-gw	LIHC	cv	HRR1235799	HEALTHY	0	0.004
fame-gw	LIHC	cv	HRR1235801	HEALTHY	0	0.0
fame-gw	LIHC	cv	HRR1235803	HEALTHY	0	0.078
fame-gw	LIHC	cv	HRR1235805	HEALTHY	0	0.078
fame-gw	LIHC	cv	HRR1235808	HEALTHY	0	0.0
fame-gw	LIHC	cv	HRR1235809	HEALTHY	0	0.002
fame-gw	LIHC	cv	HRR1235812	HEALTHY	0	0.0
fame-gw	LIHC	cv	HRR1235814	HEALTHY	0	0.0
fame-gw	LIHC	cv	HRR1235815	HEALTHY	0	0.0
fame-gw	LIHC	cv	HRR1236207	LIHC	1	0.856
fame-gw	LIHC	cv	HRR1236208	LIHC	1	0.43
fame-gw	LIHC	cv	HRR1236209	LIHC	1	0.462
fame-gw	LIHC	cv	HRR1236210	LIHC	1	0.92
fame-gw	LIHC	cv	HRR1236211	LIHC	1	0.566
fame-gw	LIHC	cv	HRR1236213	LIHC	1	0.836
fame-gw	LIHC	cv	HRR1236214	LIHC	1	0.706
fame-gw	LIHC	cv	HRR1236215	LIHC	1	0.978
fame-gw	LIHC	cv	HRR1236216	LIHC	1	0.734
fame-gw	LIHC	cv	HRR1236220	LIHC	1	0.27
fame-gw	LIHC	cv	HRR1236221	LIHC	1	0.046
fame-gw	LIHC	cv	HRR1236222	LIHC	1	0.944
fame-gw	LIHC	cv	HRR1236223	LIHC	1	0.63
fame-gw	LIHC	cv	HRR1236224	LIHC	1	1.0
fame-gw	LIHC	cv	HRR1236225	LIHC	1	0.38
fame-gw	LIHC	cv	HRR1236227	LIHC	1	1.0
fame-gw	LIHC	cv	HRR1236230	LIHC	1	0.994
fame-gw	LIHC	cv	HRR1236231	LIHC	1	1.0
fame-gw	LIHC	cv	HRR1236234	LIHC	1	0.004
fame-gw	LIHC	cv	HRR1236235	LIHC	1	0.98
fame-gw	LIHC	cv	HRR1236236	LIHC	1	0.912
fame-gw	LIHC	cv	HRR1236238	LIHC	1	0.71
fame-gw	LIHC	cv	HRR1236239	LIHC	1	0.508
fame-gw	LIHC	cv	HRR1236240	LIHC	1	0.962
fame-gw	LIHC	cv	HRR1236241	LIHC	1	0.738
fame-gw	LIHC	cv	HRR1236244	LIHC	1	1.0
fame-gw	LIHC	cv	HRR1236245	LIHC	1	0.998
fame-gw	LIHC	cv	HRR1236246	LIHC	1	1.0
fame-gw	LIHC	cv	HRR1236248	LIHC	1	0.984
fame-gw	LIHC	cv	HRR1236249	LIHC	1	0.902
fame-gw	LIHC	cv	HRR1236250	LIHC	1	0.99
fame-gw	LIHC	cv	HRR1236251	LIHC	1	1.0
fame-gw	LIHC	cv	HRR1236252	LIHC	1	0.922
fame-gw	LIHC	cv	HRR1236253	LIHC	1	1.0
fame-gw	LIHC	cv	HRR1236255	LIHC	1	0.868
fame-gw	LIHC	cv	HRR1236256	LIHC	1	0.974
fame-gw	LIHC	cv	HRR1236258	LIHC	1	0.992
fame-gw	LIHC	cv	HRR1236259	LIHC	1	0.62
fame-gw	LIHC	cv	HRR1236260	LIHC	1	0.534
fame-gw	LIHC	cv	HRR1236261	LIHC	1	0.798
fame-gw	LIHC	cv	HRR1236262	LIHC	1	1.0
fame-gw	LIHC	cv	HRR1236263	LIHC	1	1.0
fame-gw	LIHC	cv	HRR1236264	LIHC	1	1.0
fame-gw	LIHC	cv	HRR1236266	LIHC	1	1.0
fame-gw	LIHC	cv	HRR1236268	LIHC	1	0.96
fame-gw	LIHC	cv	HRR1236269	LIHC	1	1.0
fame-gw	LIHC	cv	HRR1236270	LIHC	1	1.0
fame-gw	LIHC	cv	HRR1236275	LIHC	1	1.0
fame-gw	LIHC	cv	HRR1236276	LIHC	1	0.994
fame-gw	LIHC	cv	HRR1236278	LIHC	1	1.0
fame-gw	LIHC	cv	HRR1236280	LIHC	1	1.0
fame-gw	LIHC	cv	HRR1236281	LIHC	1	1.0
fame-gw	LIHC	cv	HRR1236282	LIHC	1	1.0
fame-gw	LIHC	cv	HRR1236283	LIHC	1	0.796
fame-gw	LIHC	cv	HRR1236284	LIHC	1	0.436
fame-gw	LIHC	cv	HRR1236286	LIHC	1	0.96
fame-gw	LIHC	cv	HRR1236287	LIHC	1	0.958
fame-gw	LIHC	cv	HRR1236289	LIHC	1	1.0
fame-gw	LIHC	cv	HRR1236290	LIHC	1	1.0
fame-gw	LIHC	cv	HRR1236291	LIHC	1	0.316
fame-gw	LIHC	cv	HRR1236292	LIHC	1	0.802
fame-gw	LIHC	cv	HRR1236293	LIHC	1	0.976
fame-gw	LIHC	cv	HRR1236294	LIHC	1	0.92
fame-gw	LIHC	cv	HRR1236295	LIHC	1	0.732
fame-gw	LIHC	cv	HRR1236296	LIHC	1	0.988
fame-gw	LIHC	cv	HRR1236298	LIHC	1	1.0
fame-gw	LIHC	cv	HRR1236300	LIHC	1	0.76
fame-gw	LIHC	cv	HRR1236301	LIHC	1	1.0
fame-gw	LIHC	cv	HRR1236302	LIHC	1	0.964
fame-gw	LIHC	cv	HRR1236303	LIHC	1	0.706
fame-gw	LIHC	cv	HRR1236304	LIHC	1	0.962
fame-gw	LIHC	cv	HRR1236307	LIHC	1	0.722
fame-gw	LIHC	cv	HRR1236308	LIHC	1	0.882
fame-gw	LIHC	cv	HRR1236310	LIHC	1	0.972
fame-gw	LIHC	cv	HRR1236311	LIHC	1	0.606
fame-gw	LIHC	cv	HRR1236312	LIHC	1	0.93
fame-gw	LIHC	cv	HRR1236316	LIHC	1	1.0
fame-gw	LIHC	cv	HRR1236318	LIHC	1	0.748
fame-gw	LIHC	test	HRR1235324	HEALTHY	0	0.0
fame-gw	LIHC	test	HRR1235329	HEALTHY	0	0.074
fame-gw	LIHC	test	HRR1235333	HEALTHY	0	0.002
fame-gw	LIHC	test	HRR1235336	HEALTHY	0	0.004
fame-gw	LIHC	test	HRR1235338	HEALTHY	0	0.014
fame-gw	LIHC	test	HRR1235348	HEALTHY	0	0.0
fame-gw	LIHC	test	HRR1235362	HEALTHY	0	0.0
fame-gw	LIHC	test	HRR1235366	HEALTHY	0	0.0
fame-gw	LIHC	test	HRR1235379	HEALTHY	0	0.012
fame-gw	LIHC	test	HRR1235385	HEALTHY	0	0.0
fame-gw	LIHC	test	HRR1235394	HEALTHY	0	0.058
fame-gw	LIHC	test	HRR1235398	HEALTHY	0	0.016
fame-gw	LIHC	test	HRR1235399	HEALTHY	0	0.0
fame-gw	LIHC	test	HRR1235402	HEALTHY	0	0.0
fame-gw	LIHC	test	HRR1235410	HEALTHY	0	0.004
fame-gw	LIHC	test	HRR1235414	HEALTHY	0	0.0
fame-gw	LIHC	test	HRR1235416	HEALTHY	0	0.002
fame-gw	LIHC	test	HRR1235421	HEALTHY	0	0.002
fame-gw	LIHC	test	HRR1235424	HEALTHY	0	0.0
fame-gw	LIHC	test	HRR1235434	HEALTHY	0	0.004
fame-gw	LIHC	test	HRR1235454	HEALTHY	0	0.0
fame-gw	LIHC	test	HRR1235462	HEALTHY	0	0.0
fame-gw	LIHC	test	HRR1235471	HEALTHY	0	0.0
fame-gw	LIHC	test	HRR1235476	HEALTHY	0	0.01
fame-gw	LIHC	test	HRR1235477	HEALTHY	0	0.014
fame-gw	LIHC	test	HRR1235479	HEALTHY	0	0.002
fame-gw	LIHC	test	HRR1235480	HEALTHY	0	0.0
fame-gw	LIHC	test	HRR1235484	HEALTHY	0	0.0
fame-gw	LIHC	test	HRR1235485	HEALTHY	0	0.0
fame-gw	LIHC	test	HRR1235487	HEALTHY	0	0.022
fame-gw	LIHC	test	HRR1235494	HEALTHY	0	0.012
fame-gw	LIHC	test	HRR1235495	HEALTHY	0	0.018
fame-gw	LIHC	test	HRR1235496	HEALTHY	0	0.238
fame-gw	LIHC	test	HRR1235507	HEALTHY	0	0.0
fame-gw	LIHC	test	HRR1235509	HEALTHY	0	0.006
fame-gw	LIHC	test	HRR1235512	HEALTHY	0	0.006
fame-gw	LIHC	test	HRR1235543	HEALTHY	0	0.0
fame-gw	LIHC	test	HRR1235550	HEALTHY	0	0.392
fame-gw	LIHC	test	HRR1235551	HEALTHY	0	0.004
fame-gw	LIHC	test	HRR1235552	HEALTHY	0	0.006
fame-gw	LIHC	test	HRR1235553	HEALTHY	0	0.126
fame-gw	LIHC	test	HRR1235554	HEALTHY	0	0.046
fame-gw	LIHC	test	HRR1235555	HEALTHY	0	0.354
fame-gw	LIHC	test	HRR1235556	HEALTHY	0	0.002
fame-gw	LIHC	test	HRR1235557	HEALTHY	0	0.22
fame-gw	LIHC	test	HRR1235558	HEALTHY	0	0.386
fame-gw	LIHC	test	HRR1235559	HEALTHY	0	0.022
fame-gw	LIHC	test	HRR1235560	HEALTHY	0	0.006
fame-gw	LIHC	test	HRR1235561	HEALTHY	0	0.002
fame-gw	LIHC	test	HRR1235562	HEALTHY	0	0.058
fame-gw	LIHC	test	HRR1235563	HEALTHY	0	0.004
fame-gw	LIHC	test	HRR1235564	HEALTHY	0	0.002
fame-gw	LIHC	test	HRR1235565	HEALTHY	0	0.004
fame-gw	LIHC	test	HRR1235566	HEALTHY	0	0.0
fame-gw	LIHC	test	HRR1235567	HEALTHY	0	0.008
fame-gw	LIHC	test	HRR1235568	HEALTHY	0	0.0
fame-gw	LIHC	test	HRR1235569	HEALTHY	0	0.166
fame-gw	LIHC	test	HRR1235570	HEALTHY	0	0.0
fame-gw	LIHC	test	HRR1235571	HEALTHY	0	0.008
fame-gw	LIHC	test	HRR1235572	HEALTHY	0	0.07
fame-gw	LIHC	test	HRR1235573	HEALTHY	0	0.712
fame-gw	LIHC	test	HRR1235574	HEALTHY	0	0.094
fame-gw	LIHC	test	HRR1235575	HEALTHY	0	0.0
fame-gw	LIHC	test	HRR1235576	HEALTHY	0	0.006
fame-gw	LIHC	test	HRR1235577	HEALTHY	0	0.002
fame-gw	LIHC	test	HRR1235578	HEALTHY	0	0.01
fame-gw	LIHC	test	HRR1235579	HEALTHY	0	0.058
fame-gw	LIHC	test	HRR1235580	HEALTHY	0	0.0
fame-gw	LIHC	test	HRR1235581	HEALTHY	0	0.014
fame-gw	LIHC	test	HRR1235582	HEALTHY	0	0.174
fame-gw	LIHC	test	HRR1235583	HEALTHY	0	0.0
fame-gw	LIHC	test	HRR1235584	HEALTHY	0	0.136
fame-gw	LIHC	test	HRR1235585	HEALTHY	0	0.028
fame-gw	LIHC	test	HRR1235586	HEALTHY	0	0.028
fame-gw	LIHC	test	HRR1235587	HEALTHY	0	0.626
fame-gw	LIHC	test	HRR1235588	HEALTHY	0	0.13
fame-gw	LIHC	test	HRR1235589	HEALTHY	0	0.052
fame-gw	LIHC	test	HRR1235590	HEALTHY	0	0.108
fame-gw	LIHC	test	HRR1235591	HEALTHY	0	0.028
fame-gw	LIHC	test	HRR1235592	HEALTHY	0	0.196
fame-gw	LIHC	test	HRR1235593	HEALTHY	0	0.006
fame-gw	LIHC	test	HRR1235594	HEALTHY	0	0.006
fame-gw	LIHC	test	HRR1235595	HEALTHY	0	0.052
fame-gw	LIHC	test	HRR1235596	HEALTHY	0	0.142
fame-gw	LIHC	test	HRR1235597	HEALTHY	0	0.204
fame-gw	LIHC	test	HRR1235621	HEALTHY	0	0.006
fame-gw	LIHC	test	HRR1235626	HEALTHY	0	0.01
fame-gw	LIHC	test	HRR1235629	HEALTHY	0	0.0
fame-gw	LIHC	test	HRR1235630	HEALTHY	0	0.012
fame-gw	LIHC	test	HRR1235640	HEALTHY	0	0.0
fame-gw	LIHC	test	HRR1235643	HEALTHY	0	0.0
fame-gw	LIHC	test	HRR1235649	HEALTHY	0	0.0
fame-gw	LIHC	test	HRR1235651	HEALTHY	0	0.0
fame-gw	LIHC	test	HRR1235652	HEALTHY	0	0.0
fame-gw	LIHC	test	HRR1235654	HEALTHY	0	0.062
fame-gw	LIHC	test	HRR1235656	HEALTHY	0	0.006
fame-gw	LIHC	test	HRR1235659	HEALTHY	0	0.008
fame-gw	LIHC	test	HRR1235660	HEALTHY	0	0.032
fame-gw	LIHC	test	HRR1235664	HEALTHY	0	0.002
fame-gw	LIHC	test	HRR1235666	HEALTHY	0	0.0
fame-gw	LIHC	test	HRR1235668	HEALTHY	0	0.0
fame-gw	LIHC	test	HRR1235681	HEALTHY	0	0.064
fame-gw	LIHC	test	HRR1235682	HEALTHY	0	0.03
fame-gw	LIHC	test	HRR1235684	HEALTHY	0	0.008
fame-gw	LIHC	test	HRR1235700	HEALTHY	0	0.0
fame-gw	LIHC	test	HRR1235701	HEALTHY	0	0.004
fame-gw	LIHC	test	HRR1235702	HEALTHY	0	0.0
fame-gw	LIHC	test	HRR1235705	HEALTHY	0	0.0
fame-gw	LIHC	test	HRR1235708	HEALTHY	0	0.044
fame-gw	LIHC	test	HRR1235717	HEALTHY	0	0.0
fame-gw	LIHC	test	HRR1235718	HEALTHY	0	0.0
fame-gw	LIHC	test	HRR1235721	HEALTHY	0	0.032
fame-gw	LIHC	test	HRR1235724	HEALTHY	0	0.034
fame-gw	LIHC	test	HRR1235725	HEALTHY	0	0.032
fame-gw	LIHC	test	HRR1235729	HEALTHY	0	0.0
fame-gw	LIHC	test	HRR1235730	HEALTHY	0	0.07
fame-gw	LIHC	test	HRR1235735	HEALTHY	0	0.004
fame-gw	LIHC	test	HRR1235736	HEALTHY	0	0.024
fame-gw	LIHC	test	HRR1235741	HEALTHY	0	0.0
fame-gw	LIHC	test	HRR1235742	HEALTHY	0	0.002
fame-gw	LIHC	test	HRR1235748	HEALTHY	0	0.06
fame-gw	LIHC	test	HRR1235749	HEALTHY	0	0.0
fame-gw	LIHC	test	HRR1235750	HEALTHY	0	0.0
fame-gw	LIHC	test	HRR1235752	HEALTHY	0	0.006
fame-gw	LIHC	test	HRR1235754	HEALTHY	0	0.0
fame-gw	LIHC	test	HRR1235758	HEALTHY	0	0.0
fame-gw	LIHC	test	HRR1235761	HEALTHY	0	0.006
fame-gw	LIHC	test	HRR1235762	HEALTHY	0	0.002
fame-gw	LIHC	test	HRR1235766	HEALTHY	0	0.042
fame-gw	LIHC	test	HRR1235778	HEALTHY	0	0.002
fame-gw	LIHC	test	HRR1235780	HEALTHY	0	0.014
fame-gw	LIHC	test	HRR1235788	HEALTHY	0	0.058
fame-gw	LIHC	test	HRR1235791	HEALTHY	0	0.014
fame-gw	LIHC	test	HRR1235792	HEALTHY	0	0.022
fame-gw	LIHC	test	HRR1235794	HEALTHY	0	0.0
fame-gw	LIHC	test	HRR1235795	HEALTHY	0	0.078
fame-gw	LIHC	test	HRR1235796	HEALTHY	0	0.012
fame-gw	LIHC	test	HRR1235800	HEALTHY	0	0.054
fame-gw	LIHC	test	HRR1235802	HEALTHY	0	0.03
fame-gw	LIHC	test	HRR1235804	HEALTHY	0	0.178
fame-gw	LIHC	test	HRR1235806	HEALTHY	0	0.016
fame-gw	LIHC	test	HRR1235807	HEALTHY	0	0.008
fame-gw	LIHC	test	HRR1235810	HEALTHY	0	0.0
fame-gw	LIHC	test	HRR1235811	HEALTHY	0	0.002
fame-gw	LIHC	test	HRR1235813	HEALTHY	0	0.0
fame-gw	LIHC	test	HRR1236212	LIHC	1	0.906
fame-gw	LIHC	test	HRR1236217	LIHC	1	0.66
fame-gw	LIHC	test	HRR1236218	LIHC	1	0.714
fame-gw	LIHC	test	HRR1236219	LIHC	1	0.584
fame-gw	LIHC	test	HRR1236226	LIHC	1	0.552
fame-gw	LIHC	test	HRR1236228	LIHC	1	1.0
fame-gw	LIHC	test	HRR1236229	LIHC	1	0.986
fame-gw	LIHC	test	HRR1236232	LIHC	1	1.0
fame-gw	LIHC	test	HRR1236233	LIHC	1	1.0
fame-gw	LIHC	test	HRR1236237	LIHC	1	0.994
fame-gw	LIHC	test	HRR1236242	LIHC	1	0.984
fame-gw	LIHC	test	HRR1236243	LIHC	1	1.0
fame-gw	LIHC	test	HRR1236247	LIHC	1	1.0
fame-gw	LIHC	test	HRR1236254	LIHC	1	1.0
fame-gw	LIHC	test	HRR1236257	LIHC	1	1.0
fame-gw	LIHC	test	HRR1236265	LIHC	1	0.802
fame-gw	LIHC	test	HRR1236267	LIHC	1	1.0
fame-gw	LIHC	test	HRR1236271	LIHC	1	0.966
fame-gw	LIHC	test	HRR1236272	LIHC	1	0.746
fame-gw	LIHC	test	HRR1236273	LIHC	1	0.976
fame-gw	LIHC	test	HRR1236274	LIHC	1	1.0
fame-gw	LIHC	test	HRR1236277	LIHC	1	0.97
fame-gw	LIHC	test	HRR1236279	LIHC	1	0.99
fame-gw	LIHC	test	HRR1236285	LIHC	1	0.984
fame-gw	LIHC	test	HRR1236288	LIHC	1	1.0
fame-gw	LIHC	test	HRR1236297	LIHC	1	0.798
fame-gw	LIHC	test	HRR1236299	LIHC	1	0.872
fame-gw	LIHC	test	HRR1236305	LIHC	1	0.958
fame-gw	LIHC	test	HRR1236306	LIHC	1	0.83
fame-gw	LIHC	test	HRR1236309	LIHC	1	1.0
fame-gw	LIHC	test	HRR1236313	LIHC	1	0.47
fame-gw	LIHC	test	HRR1236314	LIHC	1	1.0
fame-gw	LIHC	test	HRR1236315	LIHC	1	1.0
fame-gw	LIHC	test	HRR1236317	LIHC	1	1.0
fame-gw	LIHC	test	HRR1236319	LIHC	1	1.0
fame-gw	NSCLC	cv	HRR1235319	HEALTHY	0	0.002
fame-gw	NSCLC	cv	HRR1235320	HEALTHY	0	0.064
fame-gw	NSCLC	cv	HRR1235321	HEALTHY	0	0.134
fame-gw	NSCLC	cv	HRR1235322	HEALTHY	0	0.056
fame-gw	NSCLC	cv	HRR1235323	HEALTHY	0	0.148
fame-gw	NSCLC	cv	HRR1235325	HEALTHY	0	0.016
fame-gw	NSCLC	cv	HRR1235326	HEALTHY	0	0.032
fame-gw	NSCLC	cv	HRR1235327	HEALTHY	0	0.016
fame-gw	NSCLC	cv	HRR1235328	HEALTHY	0	0.008
fame-gw	NSCLC	cv	HRR1235330	HEALTHY	0	0.002
fame-gw	NSCLC	cv	HRR1235331	HEALTHY	0	0.068
fame-gw	NSCLC	cv	HRR1235332	HEALTHY	0	0.062
fame-gw	NSCLC	cv	HRR1235334	HEALTHY	0	0.006
fame-gw	NSCLC	cv	HRR1235335	HEALTHY	0	0.022
fame-gw	NSCLC	cv	HRR1235337	HEALTHY	0	0.0
fame-gw	NSCLC	cv	HRR1235339	HEALTHY	0	0.0
fame-gw	NSCLC	cv	HRR1235340	HEALTHY	0	0.286
fame-gw	NSCLC	cv	HRR1235341	HEALTHY	0	0.012
fame-gw	NSCLC	cv	HRR1235342	HEALTHY	0	0.03
fame-gw	NSCLC	cv	HRR1235343	HEALTHY	0	0.002
fame-gw	NSCLC	cv	HRR1235344	HEALTHY	0	0.01
fame-gw	NSCLC	cv	HRR1235345	HEALTHY	0	0.048
fame-gw	NSCLC	cv	HRR1235346	HEALTHY	0	0.018
fame-gw	NSCLC	cv	HRR1235347	HEALTHY	0	0.002
fame-gw	NSCLC	cv	HRR1235349	HEALTHY	0	0.024
fame-gw	NSCLC	cv	HRR1235350	HEALTHY	0	0.094
fame-gw	NSCLC	cv	HRR1235351	HEALTHY	0	0.002
fame-gw	NSCLC	cv	HRR1235352	HEALTHY	0	0.006
fame-gw	NSCLC	cv	HRR1235353	HEALTHY	0	0.026
fame-gw	NSCLC	cv	HRR1235354	HEALTHY	0	0.014
fame-gw	NSCLC	cv	HRR1235355	HEALTHY	0	0.02
fame-gw	NSCLC	cv	HRR1235356	HEALTHY	0	0.008
fame-gw	NSCLC	cv	HRR1235357	HEALTHY	0	0.382
fame-gw	NSCLC	cv	HRR1235358	HEALTHY	0	0.002
fame-gw	NSCLC	cv	HRR1235359	HEALTHY	0	0.126
fame-gw	NSCLC	cv	HRR1235360	HEALTHY	0	0.0
fame-gw	NSCLC	cv	HRR1235361	HEALTHY	0	0.0
fame-gw	NSCLC	cv	HRR1235363	HEALTHY	0	0.0
fame-gw	NSCLC	cv	HRR1235364	HEALTHY	0	0.016
fame-gw	NSCLC	cv	HRR1235365	HEALTHY	0	0.002
fame-gw	NSCLC	cv	HRR1235367	HEALTHY	0	0.054
fame-gw	NSCLC	cv	HRR1235368	HEALTHY	0	0.0
fame-gw	NSCLC	cv	HRR1235369	HEALTHY	0	0.332
fame-gw	NSCLC	cv	HRR1235370	HEALTHY	0	0.0
fame-gw	NSCLC	cv	HRR1235371	HEALTHY	0	0.012
fame-gw	NSCLC	cv	HRR1235372	HEALTHY	0	0.008
fame-gw	NSCLC	cv	HRR1235373	HEALTHY	0	0.016
fame-gw	NSCLC	cv	HRR1235374	HEALTHY	0	0.636
fame-gw	NSCLC	cv	HRR1235375	HEALTHY	0	0.002
fame-gw	NSCLC	cv	HRR1235376	HEALTHY	0	0.002
fame-gw	NSCLC	cv	HRR1235377	HEALTHY	0	0.072
fame-gw	NSCLC	cv	HRR1235378	HEALTHY	0	0.014
fame-gw	NSCLC	cv	HRR1235380	HEALTHY	0	0.0
fame-gw	NSCLC	cv	HRR1235381	HEALTHY	0	0.0
fame-gw	NSCLC	cv	HRR1235382	HEALTHY	0	0.038
fame-gw	NSCLC	cv	HRR1235383	HEALTHY	0	0.004
fame-gw	NSCLC	cv	HRR1235384	HEALTHY	0	0.028
fame-gw	NSCLC	cv	HRR1235386	HEALTHY	0	0.006
fame-gw	NSCLC	cv	HRR1235387	HEALTHY	0	0.018
fame-gw	NSCLC	cv	HRR1235388	HEALTHY	0	0.626
fame-gw	NSCLC	cv	HRR1235389	HEALTHY	0	0.002
fame-gw	NSCLC	cv	HRR1235390	HEALTHY	0	0.03
fame-gw	NSCLC	cv	HRR1235391	HEALTHY	0	0.004
fame-gw	NSCLC	cv	HRR1235392	HEALTHY	0	0.0
fame-gw	NSCLC	cv	HRR1235393	HEALTHY	0	0.004
fame-gw	NSCLC	cv	HRR1235395	HEALTHY	0	0.002
fame-gw	NSCLC	cv	HRR1235396	HEALTHY	0	0.014
fame-gw	NSCLC	cv	HRR1235397	HEALTHY	0	0.004
fame-gw	NSCLC	cv	HRR1235400	HEALTHY	0	0.0
fame-gw	NSCLC	cv	HRR1235401	HEALTHY	0	0.0
fame-gw	NSCLC	cv	HRR1235403	HEALTHY	0	0.104
fame-gw	NSCLC	cv	HRR1235404	HEALTHY	0	0.004
fame-gw	NSCLC	cv	HRR1235405	HEALTHY	0	0.0
fame-gw	NSCLC	cv	HRR1235406	HEALTHY	0	0.082
fame-gw	NSCLC	cv	HRR1235407	HEALTHY	0	0.004
fame-gw	NSCLC	cv	HRR1235408	HEALTHY	0	0.024
fame-gw	NSCLC	cv	HRR1235409	HEALTHY	0	0.052
fame-gw	NSCLC	cv	HRR1235411	HEALTHY	0	0.972
fame-gw	NSCLC	cv	HRR1235412	HEALTHY	0	0.008
fame-gw	NSCLC	cv	HRR1235413	HEALTHY	0	0.016
fame-gw	NSCLC	cv	HRR1235415	HEALTHY	0	0.006
fame-gw	NSCLC	cv	HRR1235417	HEALTHY	0	0.008
fame-gw	NSCLC	cv	HRR1235418	HEALTHY	0	0.02
fame-gw	NSCLC	cv	HRR1235419	HEALTHY	0	0.016
fame-gw	NSCLC	cv	HRR1235420	HEALTHY	0	0.022
fame-gw	NSCLC	cv	HRR1235422	HEALTHY	0	0.002
fame-gw	NSCLC	cv	HRR1235423	HEALTHY	0	0.096
fame-gw	NSCLC	cv	HRR1235425	HEALTHY	0	0.02
fame-gw	NSCLC	cv	HRR1235426	HEALTHY	0	0.01
fame-gw	NSCLC	cv	HRR1235427	HEALTHY	0	0.0
fame-gw	NSCLC	cv	HRR1235428	HEALTHY	0	0.002
fame-gw	NSCLC	cv	HRR1235429	HEALTHY	0	0.004
fame-gw	NSCLC	cv	HRR1235430	HEALTHY	0	0.02
fame-gw	NSCLC	cv	HRR1235431	HEALTHY	0	0.004
fame-gw	NSCLC	cv	HRR1235432	HEALTHY	0	0.032
fame-gw	NSCLC	cv	HRR1235433	HEALTHY	0	0.016
fame-gw	NSCLC	cv	HRR1235435	HEALTHY	0	0.01
fame-gw	NSCLC	cv	HRR1235436	HEALTHY	0	0.082
fame-gw	NSCLC	cv	HRR1235437	HEALTHY	0	0.004
fame-gw	NSCLC	cv	HRR1235438	HEALTHY	0	0.0
fame-gw	NSCLC	cv	HRR1235439	HEALTHY	0	0.082
fame-gw	NSCLC	cv	HRR1235440	HEALTHY	0	0.0
fame-gw	NSCLC	cv	HRR1235441	HEALTHY	0	0.022
fame-gw	NSCLC	cv	HRR1235442	HEALTHY	0	0.074
fame-gw	NSCLC	cv	HRR1235443	HEALTHY	0	0.04
fame-gw	NSCLC	cv	HRR1235444	HEALTHY	0	0.052
fame-gw	NSCLC	cv	HRR1235445	HEALTHY	0	0.01
fame-gw	NSCLC	cv	HRR1235446	HEALTHY	0	0.002
fame-gw	NSCLC	cv	HRR1235447	HEALTHY	0	0.012
fame-gw	NSCLC	cv	HRR1235448	HEALTHY	0	0.012
fame-gw	NSCLC	cv	HRR1235449	HEALTHY	0	0.002
fame-gw	NSCLC	cv	HRR1235450	HEALTHY	0	0.028
fame-gw	NSCLC	cv	HRR1235451	HEALTHY	0	0.432
fame-gw	NSCLC	cv	HRR1235452	HEALTHY	0	0.384
fame-gw	NSCLC	cv	HRR1235453	HEALTHY	0	0.062
fame-gw	NSCLC	cv	HRR1235455	HEALTHY	0	0.006
fame-gw	NSCLC	cv	HRR1235456	HEALTHY	0	0.004
fame-gw	NSCLC	cv	HRR1235457	HEALTHY	0	0.004
fame-gw	NSCLC	cv	HRR1235458	HEALTHY	0	0.154
fame-gw	NSCLC	cv	HRR1235459	HEALTHY	0	0.008
fame-gw	NSCLC	cv	HRR1235460	HEALTHY	0	0.004
fame-gw	NSCLC	cv	HRR1235461	HEALTHY	0	0.0
fame-gw	NSCLC	cv	HRR1235463	HEALTHY	0	0.02
fame-gw	NSCLC	cv	HRR1235464	HEALTHY	0	0.006
fame-gw	NSCLC	cv	HRR1235465	HEALTHY	0	0.028
fame-gw	NSCLC	cv	HRR1235466	HEALTHY	0	0.002
fame-gw	NSCLC	cv	HRR1235467	HEALTHY	0	0.09
fame-gw	NSCLC	cv	HRR1235468	HEALTHY	0	0.004
fame-gw	NSCLC	cv	HRR1235469	HEALTHY	0	0.002
fame-gw	NSCLC	cv	HRR1235470	HEALTHY	0	0.006
fame-gw	NSCLC	cv	HRR1235472	HEALTHY	0	0.02
fame-gw	NSCLC	cv	HRR1235473	HEALTHY	0	0.0
fame-gw	NSCLC	cv	HRR1235474	HEALTHY	0	0.004
fame-gw	NSCLC	cv	HRR1235475	HEALTHY	0	0.004
fame-gw	NSCLC	cv	HRR1235478	HEALTHY	0	0.086
fame-gw	NSCLC	cv	HRR1235481	HEALTHY	0	0.01
fame-gw	NSCLC	cv	HRR1235482	HEALTHY	0	0.126
fame-gw	NSCLC	cv	HRR1235483	HEALTHY	0	0.014
fame-gw	NSCLC	cv	HRR1235486	HEALTHY	0	0.008
fame-gw	NSCLC	cv	HRR1235488	HEALTHY	0	0.006
fame-gw	NSCLC	cv	HRR1235489	HEALTHY	0	0.0
fame-gw	NSCLC	cv	HRR1235490	HEALTHY	0	0.018
fame-gw	NSCLC	cv	HRR1235491	HEALTHY	0	0.18
fame-gw	NSCLC	cv	HRR1235492	HEALTHY	0	0.38
fame-gw	NSCLC	cv	HRR1235493	HEALTHY	0	0.062
fame-gw	NSCLC	cv	HRR1235497	HEALTHY	0	0.006
fame-gw	NSCLC	cv	HRR1235498	HEALTHY	0	0.004
fame-gw	NSCLC	cv	HRR1235499	HEALTHY	0	0.05
fame-gw	NSCLC	cv	HRR1235500	HEALTHY	0	0.006
fame-gw	NSCLC	cv	HRR1235501	HEALTHY	0	0.01
fame-gw	NSCLC	cv	HRR1235502	HEALTHY	0	0.0
fame-gw	NSCLC	cv	HRR1235503	HEALTHY	0	0.006
fame-gw	NSCLC	cv	HRR1235504	HEALTHY	0	0.0
fame-gw	NSCLC	cv	HRR1235505	HEALTHY	0	0.03
fame-gw	NSCLC	cv	HRR1235506	HEALTHY	0	0.026
fame-gw	NSCLC	cv	HRR1235508	HEALTHY	0	0.0
fame-gw	NSCLC	cv	HRR1235510	HEALTHY	0	0.0
fame-gw	NSCLC	cv	HRR1235511	HEALTHY	0	0.002
fame-gw	NSCLC	cv	HRR1235513	HEALTHY	0	0.034
fame-gw	NSCLC	cv	HRR1235514	HEALTHY	0	0.016
fame-gw	NSCLC	cv	HRR1235515	HEALTHY	0	0.004
fame-gw	NSCLC	cv	HRR1235516	HEALTHY	0	0.002
fame-gw	NSCLC	cv	HRR1235517	HEALTHY	0	0.008
fame-gw	NSCLC	cv	HRR1235518	HEALTHY	0	0.04
fame-gw	NSCLC	cv	HRR1235519	HEALTHY	0	0.004
fame-gw	NSCLC	cv	HRR1235520	HEALTHY	0	0.002
fame-gw	NSCLC	cv	HRR1235521	HEALTHY	0	0.012
fame-gw	NSCLC	cv	HRR1235522	HEALTHY	0	0.008
fame-gw	NSCLC	cv	HRR1235523	HEALTHY	0	0.37
fame-gw	NSCLC	cv	HRR1235524	HEALTHY	0	0.014
fame-gw	NSCLC	cv	HRR1235525	HEALTHY	0	0.004
fame-gw	NSCLC	cv	HRR1235526	HEALTHY	0	0.006
fame-gw	NSCLC	cv	HRR1235527	HEALTHY	0	0.01
fame-gw	NSCLC	cv	HRR1235528	HEALTHY	0	0.004
fame-gw	NSCLC	cv	HRR1235529	HEALTHY	0	0.252
fame-gw	NSCLC	cv	HRR1235530	HEALTHY	0	0.002
fame-gw	NSCLC	cv	HRR1235531	HEALTHY	0	0.002
fame-gw	NSCLC	cv	HRR1235532	HEALTHY	0	0.01
fame-gw	NSCLC	cv	HRR1235533	HEALTHY	0	0.052
fame-gw	NSCLC	cv	HRR1235534	HEALTHY	0	0.056
fame-gw	NSCLC	cv	HRR1235535	HEALTHY	0	0.074
fame-gw	NSCLC	cv	HRR1235536	HEALTHY	0	0.016
fame-gw	NSCLC	cv	HRR1235537	HEALTHY	0	0.012
fame-gw	NSCLC	cv	HRR1235538	HEALTHY	0	0.004
fame-gw	NSCLC	cv	HRR1235539	HEALTHY	0	0.008
fame-gw	NSCLC	cv	HRR1235540	HEALTHY	0	0.402
fame-gw	NSCLC	cv	HRR1235541	HEALTHY	0	0.18
fame-gw	NSCLC	cv	HRR1235542	HEALTHY	0	0.004
fame-gw	NSCLC	cv	HRR1235544	HEALTHY	0	0.006
fame-gw	NSCLC	cv	HRR1235545	HEALTHY	0	0.094
fame-gw	NSCLC	cv	HRR1235546	HEALTHY	0	0.002
fame-gw	NSCLC	cv	HRR1235547	HEALTHY	0	0.018
fame-gw	NSCLC	cv	HRR1235548	HEALTHY	0	0.0
fame-gw	NSCLC	cv	HRR1235549	HEALTHY	0	0.106
fame-gw	NSCLC	cv	HRR1235598	HEALTHY	0	0.012
fame-gw	NSCLC	cv	HRR1235599	HEALTHY	0	0.13
fame-gw	NSCLC	cv	HRR1235600	HEALTHY	0	0.048
fame-gw	NSCLC	cv	HRR1235601	HEALTHY	0	0.218
fame-gw	NSCLC	cv	HRR1235602	HEALTHY	0	0.226
fame-gw	NSCLC	cv	HRR1235603	HEALTHY	0	0.02
fame-gw	NSCLC	cv	HRR1235604	HEALTHY	0	0.058
fame-gw	NSCLC	cv	HRR1235605	HEALTHY	0	0.166
fame-gw	NSCLC	cv	HRR1235606	HEALTHY	0	0.002
fame-gw	NSCLC	cv	HRR1235607	HEALTHY	0	0.0
fame-gw	NSCLC	cv	HRR1235608	HEALTHY	0	0.084
fame-gw	NSCLC	cv	HRR1235609	HEALTHY	0	0.03
fame-gw	NSCLC	cv	HRR1235610	HEALTHY	0	0.014
fame-gw	NSCLC	cv	HRR1235611	HEALTHY	0	0.01
fame-gw	NSCLC	cv	HRR1235612	HEALTHY	0	0.012
fame-gw	NSCLC	cv	HRR1235613	HEALTHY	0	0.0
fame-gw	NSCLC	cv	HRR1235614	HEALTHY	0	0.024
fame-gw	NSCLC	cv	HRR1235615	HEALTHY	0	0.024
fame-gw	NSCLC	cv	HRR1235616	HEALTHY	0	0.008
fame-gw	NSCLC	cv	HRR1235617	HEALTHY	0	0.23
fame-gw	NSCLC	cv	HRR1235618	HEALTHY	0	0.02
fame-gw	NSCLC	cv	HRR1235619	HEALTHY	0	0.026
fame-gw	NSCLC	cv	HRR1235620	HEALTHY	0	0.034
fame-gw	NSCLC	cv	HRR1235622	HEALTHY	0	0.016
fame-gw	NSCLC	cv	HRR1235623	HEALTHY	0	0.034
fame-gw	NSCLC	cv	HRR1235624	HEALTHY	0	0.068
fame-gw	NSCLC	cv	HRR1235625	HEALTHY	0	0.034
fame-gw	NSCLC	cv	HRR1235627	HEALTHY	0	0.026
fame-gw	NSCLC	cv	HRR1235628	HEALTHY	0	0.026
fame-gw	NSCLC	cv	HRR1235631	HEALTHY	0	0.106
fame-gw	NSCLC	cv	HRR1235632	HEALTHY	0	0.002
fame-gw	NSCLC	cv	HRR1235633	HEALTHY	0	0.002
fame-gw	NSCLC	cv	HRR1235634	HEALTHY	0	0.018
fame-gw	NSCLC	cv	HRR1235635	HEALTHY	0	0.004
fame-gw	NSCLC	cv	HRR1235636	HEALTHY	0	0.028
fame-gw	NSCLC	cv	HRR1235637	HEALTHY	0	0.01
fame-gw	NSCLC	cv	HRR1235638	HEALTHY	0	0.002
fame-gw	NSCLC	cv	HRR1235639	HEALTHY	0	0.042
fame-gw	NSCLC	cv	HRR1235641	HEALTHY	0	0.046
fame-gw	NSCLC	cv	HRR1235642	HEALTHY	0	0.048
fame-gw	NSCLC	cv	HRR1235644	HEALTHY	0	0.01
fame-gw	NSCLC	cv	HRR1235645	HEALTHY	0	0.002
fame-gw	NSCLC	cv	HRR1235646	HEALTHY	0	0.014
fame-gw	NSCLC	cv	HRR1235647	HEALTHY	0	0.0
fame-gw	NSCLC	cv	HRR1235648	HEALTHY	0	0.026
fame-gw	NSCLC	cv	HRR1235650	HEALTHY	0	0.012
fame-gw	NSCLC	cv	HRR1235653	HEALTHY	0	0.01
fame-gw	NSCLC	cv	HRR1235655	HEALTHY	0	0.074
fame-gw	NSCLC	cv	HRR1235657	HEALTHY	0	0.042
fame-gw	NSCLC	cv	HRR1235658	HEALTHY	0	0.002
fame-gw	NSCLC	cv	HRR1235661	HEALTHY	0	0.008
fame-gw	NSCLC	cv	HRR1235662	HEALTHY	0	0.0
fame-gw	NSCLC	cv	HRR1235663	HEALTHY	0	0.024
fame-gw	NSCLC	cv	HRR1235665	HEALTHY	0	0.022
fame-gw	NSCLC	cv	HRR1235667	HEALTHY	0	0.006
fame-gw	NSCLC	cv	HRR1235669	HEALTHY	0	0.006
fame-gw	NSCLC	cv	HRR1235670	HEALTHY	0	0.014
fame-gw	NSCLC	cv	HRR1235671	HEALTHY	0	0.008
fame-gw	NSCLC	cv	HRR1235672	HEALTHY	0	0.028
fame-gw	NSCLC	cv	HRR1235673	HEALTHY	0	0.05
fame-gw	NSCLC	cv	HRR1235674	HEALTHY	0	0.006
fame-gw	NSCLC	cv	HRR1235675	HEALTHY	0	0.074
fame-gw	NSCLC	cv	HRR1235676	HEALTHY	0	0.01
fame-gw	NSCLC	cv	HRR1235677	HEALTHY	0	0.01
fame-gw	NSCLC	cv	HRR1235678	HEALTHY	0	0.0
fame-gw	NSCLC	cv	HRR1235679	HEALTHY	0	0.196
fame-gw	NSCLC	cv	HRR1235680	HEALTHY	0	0.132
fame-gw	NSCLC	cv	HRR1235683	HEALTHY	0	0.016
fame-gw	NSCLC	cv	HRR1235685	HEALTHY	0	0.008
fame-gw	NSCLC	cv	HRR1235686	HEALTHY	0	0.206
fame-gw	NSCLC	cv	HRR1235687	HEALTHY	0	0.008
fame-gw	NSCLC	cv	HRR1235688	HEALTHY	0	0.056
fame-gw	NSCLC	cv	HRR1235689	HEALTHY	0	0.006
fame-gw	NSCLC	cv	HRR1235690	HEALTHY	0	0.026
fame-gw	NSCLC	cv	HRR1235691	HEALTHY	0	0.072
fame-gw	NSCLC	cv	HRR1235692	HEALTHY	0	0.008
fame-gw	NSCLC	cv	HRR1235693	HEALTHY	0	0.002
fame-gw	NSCLC	cv	HRR1235694	HEALTHY	0	0.002
fame-gw	NSCLC	cv	HRR1235695	HEALTHY	0	0.002
fame-gw	NSCLC	cv	HRR1235696	HEALTHY	0	0.062
fame-gw	NSCLC	cv	HRR1235697	HEALTHY	0	0.044
fame-gw	NSCLC	cv	HRR1235698	HEALTHY	0	0.166
fame-gw	NSCLC	cv	HRR1235699	HEALTHY	0	0.038
fame-gw	NSCLC	cv	HRR1235703	HEALTHY	0	0.006
fame-gw	NSCLC	cv	HRR1235704	HEALTHY	0	0.02
fame-gw	NSCLC	cv	HRR1235706	HEALTHY	0	0.012
fame-gw	NSCLC	cv	HRR1235707	HEALTHY	0	0.008
fame-gw	NSCLC	cv	HRR1235709	HEALTHY	0	0.0
fame-gw	NSCLC	cv	HRR1235710	HEALTHY	0	0.006
fame-gw	NSCLC	cv	HRR1235711	HEALTHY	0	0.034
fame-gw	NSCLC	cv	HRR1235712	HEALTHY	0	0.054
fame-gw	NSCLC	cv	HRR1235713	HEALTHY	0	0.014
fame-gw	NSCLC	cv	HRR1235714	HEALTHY	0	0.024
fame-gw	NSCLC	cv	HRR1235715	HEALTHY	0	0.006
fame-gw	NSCLC	cv	HRR1235716	HEALTHY	0	0.0
fame-gw	NSCLC	cv	HRR1235719	HEALTHY	0	0.008
fame-gw	NSCLC	cv	HRR1235720	HEALTHY	0	0.01
fame-gw	NSCLC	cv	HRR1235722	HEALTHY	0	0.0
fame-gw	NSCLC	cv	HRR1235723	HEALTHY	0	0.062
fame-gw	NSCLC	cv	HRR1235726	HEALTHY	0	0.062
fame-gw	NSCLC	cv	HRR1235727	HEALTHY	0	0.0
fame-gw	NSCLC	cv	HRR1235728	HEALTHY	0	0.02
fame-gw	NSCLC	cv	HRR1235731	HEALTHY	0	0.004
fame-gw	NSCLC	cv	HRR1235732	HEALTHY	0	0.018
fame-gw	NSCLC	cv	HRR1235733	HEALTHY	0	0.166
fame-gw	NSCLC	cv	HRR1235734	HEALTHY	0	0.126
fame-gw	NSCLC	cv	HRR1235737	HEALTHY	0	0.018
fame-gw	NSCLC	cv	HRR1235738	HEALTHY	0	0.008
fame-gw	NSCLC	cv	HRR1235739	HEALTHY	0	0.0
fame-gw	NSCLC	cv	HRR1235740	HEALTHY	0	0.018
fame-gw	NSCLC	cv	HRR1235743	HEALTHY	0	0.006
fame-gw	NSCLC	cv	HRR1235744	HEALTHY	0	0.004
fame-gw	NSCLC	cv	HRR1235745	HEALTHY	0	0.03
fame-gw	NSCLC	cv	HRR1235746	HEALTHY	0	0.05
fame-gw	NSCLC	cv	HRR1235747	HEALTHY	0	0.0
fame-gw	NSCLC	cv	HRR1235751	HEALTHY	0	0.054
fame-gw	NSCLC	cv	HRR1235753	HEALTHY	0	0.04
fame-gw	NSCLC	cv	HRR1235755	HEALTHY	0	0.004
fame-gw	NSCLC	cv	HRR1235756	HEALTHY	0	0.062
fame-gw	NSCLC	cv	HRR1235757	HEALTHY	0	0.008
fame-gw	NSCLC	cv	HRR1235759	HEALTHY	0	0.008
fame-gw	NSCLC	cv	HRR1235760	HEALTHY	0	0.012
fame-gw	NSCLC	cv	HRR1235763	HEALTHY	0	0.016
fame-gw	NSCLC	cv	HRR1235764	HEALTHY	0	0.036
fame-gw	NSCLC	cv	HRR1235765	HEALTHY	0	0.198
fame-gw	NSCLC	cv	HRR1235767	HEALTHY	0	0.016
fame-gw	NSCLC	cv	HRR1235768	HEALTHY	0	0.042
fame-gw	NSCLC	cv	HRR1235769	HEALTHY	0	0.014
fame-gw	NSCLC	cv	HRR1235770	HEALTHY	0	0.014
fame-gw	NSCLC	cv	HRR1235771	HEALTHY	0	0.012
fame-gw	NSCLC	cv	HRR1235772	HEALTHY	0	0.01
fame-gw	NSCLC	cv	HRR1235773	HEALTHY	0	0.0
fame-gw	NSCLC	cv	HRR1235774	HEALTHY	0	0.004
fame-gw	NSCLC	cv	HRR1235775	HEALTHY	0	0.008
fame-gw	NSCLC	cv	HRR1235776	HEALTHY	0	0.676
fame-gw	NSCLC	cv	HRR1235777	HEALTHY	0	0.43
fame-gw	NSCLC	cv	HRR1235779	HEALTHY	0	0.0
fame-gw	NSCLC	cv	HRR1235781	HEALTHY	0	0.07
fame-gw	NSCLC	cv	HRR1235782	HEALTHY	0	0.006
fame-gw	NSCLC	cv	HRR1235783	HEALTHY	0	0.034
fame-gw	NSCLC	cv	HRR1235784	HEALTHY	0	0.018
fame-gw	NSCLC	cv	HRR1235785	HEALTHY	0	0.0
fame-gw	NSCLC	cv	HRR1235786	HEALTHY	0	0.056
fame-gw	NSCLC	cv	HRR1235787	HEALTHY	0	0.0
fame-gw	NSCLC	cv	HRR1235789	HEALTHY	0	0.022
fame-gw	NSCLC	cv	HRR1235790	HEALTHY	0	0.026
fame-gw	NSCLC	cv	HRR1235793	HEALTHY	0	0.032
fame-gw	NSCLC	cv	HRR1235797	HEALTHY	0	0.006
fame-gw	NSCLC	cv	HRR1235798	HEALTHY	0	0.0
fame-gw	NSCLC	cv	HRR1235799	HEALTHY	0	0.012
fame-gw	NSCLC	cv	HRR1235801	HEALTHY	0	0.028
fame-gw	NSCLC	cv	HRR1235803	HEALTHY	0	0.022
fame-gw	NSCLC	cv	HRR1235805	HEALTHY	0	0.122
fame-gw	NSCLC	cv	HRR1235808	HEALTHY	0	0.016
fame-gw	NSCLC	cv	HRR1235809	HEALTHY	0	0.0
fame-gw	NSCLC	cv	HRR1235812	HEALTHY	0	0.024
fame-gw	NSCLC	cv	HRR1235814	HEALTHY	0	0.002
fame-gw	NSCLC	cv	HRR1235815	HEALTHY	0	0.018
fame-gw	NSCLC	cv	HRR1236320	NSCLC	1	0.0
fame-gw	NSCLC	cv	HRR1236321	NSCLC	1	0.848
fame-gw	NSCLC	cv	HRR1236322	NSCLC	1	0.98
fame-gw	NSCLC	cv	HRR1236323	NSCLC	1	0.904
fame-gw	NSCLC	cv	HRR1236325	NSCLC	1	0.866
fame-gw	NSCLC	cv	HRR1236326	NSCLC	1	0.798
fame-gw	NSCLC	cv	HRR1236327	NSCLC	1	0.994
fame-gw	NSCLC	cv	HRR1236328	NSCLC	1	0.908
fame-gw	NSCLC	cv	HRR1236329	NSCLC	1	0.75
fame-gw	NSCLC	cv	HRR1236330	NSCLC	1	0.988
fame-gw	NSCLC	cv	HRR1236332	NSCLC	1	0.644
fame-gw	NSCLC	cv	HRR1236333	NSCLC	1	0.864
fame-gw	NSCLC	cv	HRR1236334	NSCLC	1	0.988
fame-gw	NSCLC	cv	HRR1236335	NSCLC	1	0.998
fame-gw	NSCLC	cv	HRR1236336	NSCLC	1	0.99
fame-gw	NSCLC	cv	HRR1236337	NSCLC	1	1.0
fame-gw	NSCLC	cv	HRR1236339	NSCLC	1	1.0
fame-gw	NSCLC	cv	HRR1236340	NSCLC	1	1.0
fame-gw	NSCLC	cv	HRR1236341	NSCLC	1	1.0
fame-gw	NSCLC	cv	HRR1236342	NSCLC	1	0.852
fame-gw	NSCLC	cv	HRR1236343	NSCLC	1	0.91
fame-gw	NSCLC	cv	HRR1236344	NSCLC	1	0.668
fame-gw	NSCLC	cv	HRR1236345	NSCLC	1	0.854
fame-gw	NSCLC	cv	HRR1236346	NSCLC	1	0.696
fame-gw	NSCLC	cv	HRR1236348	NSCLC	1	0.634
fame-gw	NSCLC	cv	HRR1236349	NSCLC	1	0.788
fame-gw	NSCLC	cv	HRR1236350	NSCLC	1	0.988
fame-gw	NSCLC	cv	HRR1236351	NSCLC	1	0.958
fame-gw	NSCLC	cv	HRR1236352	NSCLC	1	0.9
fame-gw	NSCLC	cv	HRR1236353	NSCLC	1	0.856
fame-gw	NSCLC	cv	HRR1236354	NSCLC	1	0.792
fame-gw	NSCLC	cv	HRR1236355	NSCLC	1	0.368
fame-gw	NSCLC	cv	HRR1236356	NSCLC	1	0.61
fame-gw	NSCLC	cv	HRR1236357	NSCLC	1	0.996
fame-gw	NSCLC	cv	HRR1236358	NSCLC	1	0.636
fame-gw	NSCLC	cv	HRR1236359	NSCLC	1	0.934
fame-gw	NSCLC	cv	HRR1236361	NSCLC	1	0.618
fame-gw	NSCLC	cv	HRR1236364	NSCLC	1	0.964
fame-gw	NSCLC	cv	HRR1236365	NSCLC	1	0.952
fame-gw	NSCLC	cv	HRR1236368	NSCLC	1	0.95
fame-gw	NSCLC	cv	HRR1236369	NSCLC	1	0.446
fame-gw	NSCLC	cv	HRR1236370	NSCLC	1	0.816
fame-gw	NSCLC	cv	HRR1236371	NSCLC	1	0.972
fame-gw	NSCLC	cv	HRR1236374	NSCLC	1	0.866
fame-gw	NSCLC	cv	HRR1236376	NSCLC	1	0.916
fame-gw	NSCLC	cv	HRR1236378	NSCLC	1	0.958
fame-gw	NSCLC	cv	HRR1236379	NSCLC	1	0.724
fame-gw	NSCLC	cv	HRR1236380	NSCLC	1	0.798
fame-gw	NSCLC	cv	HRR1236383	NSCLC	1	1.0
fame-gw	NSCLC	cv	HRR1236384	NSCLC	1	1.0
fame-gw	NSCLC	cv	HRR1236385	NSCLC	1	0.998
fame-gw	NSCLC	cv	HRR1236386	NSCLC	1	1.0
fame-gw	NSCLC	cv	HRR1236388	NSCLC	1	0.35
fame-gw	NSCLC	cv	HRR1236389	NSCLC	1	0.382
fame-gw	NSCLC	cv	HRR1236391	NSCLC	1	0.84
fame-gw	NSCLC	cv	HRR1236392	NSCLC	1	0.546
fame-gw	NSCLC	cv	HRR1236393	NSCLC	1	0.026
fame-gw	NSCLC	cv	HRR1236394	NSCLC	1	0.062
fame-gw	NSCLC	cv	HRR1236395	NSCLC	1	0.986
fame-gw	NSCLC	cv	HRR1236396	NSCLC	1	0.52
fame-gw	NSCLC	cv	HRR1236397	NSCLC	1	0.666
fame-gw	NSCLC	cv	HRR1236398	NSCLC	1	0.994
fame-gw	NSCLC	cv	HRR1236400	NSCLC	1	1.0
fame-gw	NSCLC	cv	HRR1236402	NSCLC	1	0.938
fame-gw	NSCLC	cv	HRR1236404	NSCLC	1	0.998
fame-gw	NSCLC	cv	HRR1236406	NSCLC	1	0.982
fame-gw	NSCLC	cv	HRR1236408	NSCLC	1	0.926
fame-gw	NSCLC	cv	HRR1236409	NSCLC	1	0.738
fame-gw	NSCLC	cv	HRR1236412	NSCLC	1	0.914
fame-gw	NSCLC	cv	HRR1236413	NSCLC	1	1.0
fame-gw	NSCLC	cv	HRR1236414	NSCLC	1	0.884
fame-gw	NSCLC	cv	HRR1236417	NSCLC	1	0.954
fame-gw	NSCLC	cv	HRR1236419	NSCLC	1	0.978
fame-gw	NSCLC	cv	HRR1236420	NSCLC	1	0.898
fame-gw	NSCLC	cv	HRR1236421	NSCLC	1	0.71
fame-gw	NSCLC	cv	HRR1236424	NSCLC	1	0.764
fame-gw	NSCLC	cv	HRR1236426	NSCLC	1	0.924
fame-gw	NSCLC	cv	HRR1236428	NSCLC	1	0.594
fame-gw	NSCLC	cv	HRR1236429	NSCLC	1	0.596
fame-gw	NSCLC	cv	HRR1236430	NSCLC	1	0.684
fame-gw	NSCLC	cv	HRR1236432	NSCLC	1	0.996
fame-gw	NSCLC	cv	HRR1236434	NSCLC	1	0.996
fame-gw	NSCLC	cv	HRR1236435	NSCLC	1	0.984
fame-gw	NSCLC	cv	HRR1236436	NSCLC	1	0.986
fame-gw	NSCLC	cv	HRR1236437	NSCLC	1	0.832
fame-gw	NSCLC	cv	HRR1236438	NSCLC	1	0.57
fame-gw	NSCLC	cv	HRR1236439	NSCLC	1	0.9
fame-gw	NSCLC	cv	HRR1236441	NSCLC	1	0.498
fame-gw	NSCLC	cv	HRR1236442	NSCLC	1	0.818
fame-gw	NSCLC	cv	HRR1236443	NSCLC	1	0.936
fame-gw	NSCLC	cv	HRR1236444	NSCLC	1	0.97
fame-gw	NSCLC	cv	HRR1236445	NSCLC	1	0.47
fame-gw	NSCLC	cv	HRR1236447	NSCLC	1	0.748
fame-gw	NSCLC	cv	HRR1236449	NSCLC	1	0.976
fame-gw	NSCLC	cv	HRR1236451	NSCLC	1	0.96
fame-gw	NSCLC	cv	HRR1236453	NSCLC	1	1.0
fame-gw	NSCLC	cv	HRR1236455	NSCLC	1	0.992
fame-gw	NSCLC	cv	HRR1236460	NSCLC	1	0.996
fame-gw	NSCLC	cv	HRR1236461	NSCLC	1	1.0
fame-gw	NSCLC	cv	HRR1236462	NSCLC	1	1.0
fame-gw	NSCLC	cv	HRR1236464	NSCLC	1	1.0
fame-gw	NSCLC	cv	HRR1236465	NSCLC	1	1.0
fame-gw	NSCLC	cv	HRR1236466	NSCLC	1	0.994
fame-gw	NSCLC	cv	HRR1236467	NSCLC	1	1.0
fame-gw	NSCLC	cv	HRR1236469	NSCLC	1	1.0
fame-gw	NSCLC	cv	HRR1236470	NSCLC	1	0.932
fame-gw	NSCLC	cv	HRR1236471	NSCLC	1	1.0
fame-gw	NSCLC	cv	HRR1236472	NSCLC	1	0.884
fame-gw	NSCLC	cv	HRR1236473	NSCLC	1	1.0
fame-gw	NSCLC	cv	HRR1236475	NSCLC	1	1.0
fame-gw	NSCLC	test	HRR1235324	HEALTHY	0	0.004
fame-gw	NSCLC	test	HRR1235329	HEALTHY	0	0.002
fame-gw	NSCLC	test	HRR1235333	HEALTHY	0	0.004
fame-gw	NSCLC	test	HRR1235336	HEALTHY	0	0.0
fame-gw	NSCLC	test	HRR1235338	HEALTHY	0	0.026
fame-gw	NSCLC	test	HRR1235348	HEALTHY	0	0.002
fame-gw	NSCLC	test	HRR1235362	HEALTHY	0	0.002
fame-gw	NSCLC	test	HRR1235366	HEALTHY	0	0.016
fame-gw	NSCLC	test	HRR1235379	HEALTHY	0	0.0
fame-gw	NSCLC	test	HRR1235385	HEALTHY	0	0.018
fame-gw	NSCLC	test	HRR1235394	HEALTHY	0	0.06
fame-gw	NSCLC	test	HRR1235398	HEALTHY	0	0.0
fame-gw	NSCLC	test	HRR1235399	HEALTHY	0	0.022
fame-gw	NSCLC	test	HRR1235402	HEALTHY	0	0.008
fame-gw	NSCLC	test	HRR1235410	HEALTHY	0	0.042
fame-gw	NSCLC	test	HRR1235414	HEALTHY	0	0.016
fame-gw	NSCLC	test	HRR1235416	HEALTHY	0	0.0
fame-gw	NSCLC	test	HRR1235421	HEALTHY	0	0.046
fame-gw	NSCLC	test	HRR1235424	HEALTHY	0	0.0
fame-gw	NSCLC	test	HRR1235434	HEALTHY	0	0.05
fame-gw	NSCLC	test	HRR1235454	HEALTHY	0	0.022
fame-gw	NSCLC	test	HRR1235462	HEALTHY	0	0.012
fame-gw	NSCLC	test	HRR1235471	HEALTHY	0	0.008
fame-gw	NSCLC	test	HRR1235476	HEALTHY	0	0.002
fame-gw	NSCLC	test	HRR1235477	HEALTHY	0	0.0
fame-gw	NSCLC	test	HRR1235479	HEALTHY	0	0.006
fame-gw	NSCLC	test	HRR1235480	HEALTHY	0	0.004
fame-gw	NSCLC	test	HRR1235484	HEALTHY	0	0.002
fame-gw	NSCLC	test	HRR1235485	HEALTHY	0	0.0
fame-gw	NSCLC	test	HRR1235487	HEALTHY	0	0.008
fame-gw	NSCLC	test	HRR1235494	HEALTHY	0	0.026
fame-gw	NSCLC	test	HRR1235495	HEALTHY	0	0.006
fame-gw	NSCLC	test	HRR1235496	HEALTHY	0	0.046
fame-gw	NSCLC	test	HRR1235507	HEALTHY	0	0.002
fame-gw	NSCLC	test	HRR1235509	HEALTHY	0	0.01
fame-gw	NSCLC	test	HRR1235512	HEALTHY	0	0.002
fame-gw	NSCLC	test	HRR1235543	HEALTHY	0	0.016
fame-gw	NSCLC	test	HRR1235550	HEALTHY	0	0.286
fame-gw	NSCLC	test	HRR1235551	HEALTHY	0	0.004
fame-gw	NSCLC	test	HRR1235552	HEALTHY	0	0.054
fame-gw	NSCLC	test	HRR1235553	HEALTHY	0	0.06
fame-gw	NSCLC	test	HRR1235554	HEALTHY	0	0.908
fame-gw	NSCLC	test	HRR1235555	HEALTHY	0	0.17
fame-gw	NSCLC	test	HRR1235556	HEALTHY	0	0.002
fame-gw	NSCLC	test	HRR1235557	HEALTHY	0	0.034
fame-gw	NSCLC	test	HRR1235558	HEALTHY	0	0.55
fame-gw	NSCLC	test	HRR1235559	HEALTHY	0	0.412
fame-gw	NSCLC	test	HRR1235560	HEALTHY	0	0.03
fame-gw	NSCLC	test	HRR1235561	HEALTHY	0	0.078
fame-gw	NSCLC	test	HRR1235562	HEALTHY	0	0.034
fame-gw	NSCLC	test	HRR1235563	HEALTHY	0	0.004
fame-gw	NSCLC	test	HRR1235564	HEALTHY	0	0.016
fame-gw	NSCLC	test	HRR1235565	HEALTHY	0	0.028
fame-gw	NSCLC	test	HRR1235566	HEALTHY	0	0.014
fame-gw	NSCLC	test	HRR1235567	HEALTHY	0	0.062
fame-gw	NSCLC	test	HRR1235568	HEALTHY	0	0.002
fame-gw	NSCLC	test	HRR1235569	HEALTHY	0	0.026
fame-gw	NSCLC	test	HRR1235570	HEALTHY	0	0.0
fame-gw	NSCLC	test	HRR1235571	HEALTHY	0	0.014
fame-gw	NSCLC	test	HRR1235572	HEALTHY	0	0.288
fame-gw	NSCLC	test	HRR1235573	HEALTHY	0	0.73
fame-gw	NSCLC	test	HRR1235574	HEALTHY	0	0.018
fame-gw	NSCLC	test	HRR1235575	HEALTHY	0	0.046
fame-gw	NSCLC	test	HRR1235576	HEALTHY	0	0.032
fame-gw	NSCLC	test	HRR1235577	HEALTHY	0	0.024
fame-gw	NSCLC	test	HRR1235578	HEALTHY	0	0.034
fame-gw	NSCLC	test	HRR1235579	HEALTHY	0	0.044
fame-gw	NSCLC	test	HRR1235580	HEALTHY	0	0.01
fame-gw	NSCLC	test	HRR1235581	HEALTHY	0	0.71
fame-gw	NSCLC	test	HRR1235582	HEALTHY	0	0.62
fame-gw	NSCLC	test	HRR1235583	HEALTHY	0	0.006
fame-gw	NSCLC	test	HRR1235584	HEALTHY	0	0.158
fame-gw	NSCLC	test	HRR1235585	HEALTHY	0	0.008
fame-gw	NSCLC	test	HRR1235586	HEALTHY	0	0.092
fame-gw	NSCLC	test	HRR1235587	HEALTHY	0	0.54
fame-gw	NSCLC	test	HRR1235588	HEALTHY	0	0.766
fame-gw	NSCLC	test	HRR1235589	HEALTHY	0	0.716
fame-gw	NSCLC	test	HRR1235590	HEALTHY	0	0.068
fame-gw	NSCLC	test	HRR1235591	HEALTHY	0	0.066
fame-gw	NSCLC	test	HRR1235592	HEALTHY	0	0.02
fame-gw	NSCLC	test	HRR1235593	HEALTHY	0	0.004
fame-gw	NSCLC	test	HRR1235594	HEALTHY	0	0.04
fame-gw	NSCLC	test	HRR1235595	HEALTHY	0	0.036
fame-gw	NSCLC	test	HRR1235596	HEALTHY	0	0.114
fame-gw	NSCLC	test	HRR1235597	HEALTHY	0	0.068
fame-gw	NSCLC	test	HRR1235621	HEALTHY	0	0.002
fame-gw	NSCLC	test	HRR1235626	HEALTHY	0	0.054
fame-gw	NSCLC	test	HRR1235629	HEALTHY	0	0.004
fame-gw	NSCLC	test	HRR1235630	HEALTHY	0	0.008
fame-gw	NSCLC	test	HRR1235640	HEALTHY	0	0.018
fame-gw	NSCLC	test	HRR1235643	HEALTHY	0	0.02
fame-gw	NSCLC	test	HRR1235649	HEALTHY	0	0.0
fame-gw	NSCLC	test	HRR1235651	HEALTHY	0	0.004
fame-gw	NSCLC	test	HRR1235652	HEALTHY	0	0.0
fame-gw	NSCLC	test	HRR1235654	HEALTHY	0	0.146
fame-gw	NSCLC	test	HRR1235656	HEALTHY	0	0.04
fame-gw	NSCLC	test	HRR1235659	HEALTHY	0	0.008
fame-gw	NSCLC	test	HRR1235660	HEALTHY	0	0.0
fame-gw	NSCLC	test	HRR1235664	HEALTHY	0	0.044
fame-gw	NSCLC	test	HRR1235666	HEALTHY	0	0.034
fame-gw	NSCLC	test	HRR1235668	HEALTHY	0	0.036
fame-gw	NSCLC	test	HRR1235681	HEALTHY	0	0.5
fame-gw	NSCLC	test	HRR1235682	HEALTHY	0	0.15
fame-gw	NSCLC	test	HRR1235684	HEALTHY	0	0.0
fame-gw	NSCLC	test	HRR1235700	HEALTHY	0	0.018
fame-gw	NSCLC	test	HRR1235701	HEALTHY	0	0.026
fame-gw	NSCLC	test	HRR1235702	HEALTHY	0	0.008
fame-gw	NSCLC	test	HRR1235705	HEALTHY	0	0.004
fame-gw	NSCLC	test	HRR1235708	HEALTHY	0	0.04
fame-gw	NSCLC	test	HRR1235717	HEALTHY	0	0.05
fame-gw	NSCLC	test	HRR1235718	HEALTHY	0	0.0
fame-gw	NSCLC	test	HRR1235721	HEALTHY	0	0.02
fame-gw	NSCLC	test	HRR1235724	HEALTHY	0	0.07
fame-gw	NSCLC	test	HRR1235725	HEALTHY	0	0.024
fame-gw	NSCLC	test	HRR1235729	HEALTHY	0	0.012
fame-gw	NSCLC	test	HRR1235730	HEALTHY	0	0.27
fame-gw	NSCLC	test	HRR1235735	HEALTHY	0	0.004
fame-gw	NSCLC	test	HRR1235736	HEALTHY	0	0.01
fame-gw	NSCLC	test	HRR1235741	HEALTHY	0	0.006
fame-gw	NSCLC	test	HRR1235742	HEALTHY	0	0.004
fame-gw	NSCLC	test	HRR1235748	HEALTHY	0	0.02
fame-gw	NSCLC	test	HRR1235749	HEALTHY	0	0.01
fame-gw	NSCLC	test	HRR1235750	HEALTHY	0	0.004
fame-gw	NSCLC	test	HRR1235752	HEALTHY	0	0.054
fame-gw	NSCLC	test	HRR1235754	HEALTHY	0	0.01
fame-gw	NSCLC	test	HRR1235758	HEALTHY	0	0.59
fame-gw	NSCLC	test	HRR1235761	HEALTHY	0	0.004
fame-gw	NSCLC	test	HRR1235762	HEALTHY	0	0.006
fame-gw	NSCLC	test	HRR1235766	HEALTHY	0	0.022
fame-gw	NSCLC	test	HRR1235778	HEALTHY	0	0.012
fame-gw	NSCLC	test	HRR1235780	HEALTHY	0	0.03
fame-gw	NSCLC	test	HRR1235788	HEALTHY	0	0.066
fame-gw	NSCLC	test	HRR1235791	HEALTHY	0	0.014
fame-gw	NSCLC	test	HRR1235792	HEALTHY	0	0.0
fame-gw	NSCLC	test	HRR1235794	HEALTHY	0	0.002
fame-gw	NSCLC	test	HRR1235795	HEALTHY	0	0.17
fame-gw	NSCLC	test	HRR1235796	HEALTHY	0	0.018
fame-gw	NSCLC	test	HRR1235800	HEALTHY	0	0.018
fame-gw	NSCLC	test	HRR1235802	HEALTHY	0	0.03
fame-gw	NSCLC	test	HRR1235804	HEALTHY	0	0.166
fame-gw	NSCLC	test	HRR1235806	HEALTHY	0	0.018
fame-gw	NSCLC	test	HRR1235807	HEALTHY	0	0.004
fame-gw	NSCLC	test	HRR1235810	HEALTHY	0	0.048
fame-gw	NSCLC	test	HRR1235811	HEALTHY	0	0.002
fame-gw	NSCLC	test	HRR1235813	HEALTHY	0	0.044
fame-gw	NSCLC	test	HRR1236324	NSCLC	1	0.956
fame-gw	NSCLC	test	HRR1236331	NSCLC	1	0.922
fame-gw	NSCLC	test	HRR1236338	NSCLC	1	1.0
fame-gw	NSCLC	test	HRR1236347	NSCLC	1	0.952
fame-gw	NSCLC	test	HRR1236360	NSCLC	1	0.846
fame-gw	NSCLC	test	HRR1236362	NSCLC	1	0.848
fame-gw	NSCLC	test	HRR1236363	NSCLC	1	0.79
fame-gw	NSCLC	test	HRR1236366	NSCLC	1	0.714
fame-gw	NSCLC	test	HRR1236367	NSCLC	1	0.99
fame-gw	NSCLC	test	HRR1236372	NSCLC	1	0.972
fame-gw	NSCLC	test	HRR1236373	NSCLC	1	0.596
fame-gw	NSCLC	test	HRR1236375	NSCLC	1	0.92
fame-gw	NSCLC	test	HRR1236377	NSCLC	1	0.848
fame-gw	NSCLC	test	HRR1236381	NSCLC	1	0.978
fame-gw	NSCLC	test	HRR1236382	NSCLC	1	0.764
fame-gw	NSCLC	test	HRR1236387	NSCLC	1	0.978
fame-gw	NSCLC	test	HRR1236390	NSCLC	1	0.632
fame-gw	NSCLC	test	HRR1236399	NSCLC	1	1.0
fame-gw	NSCLC	test	HRR1236401	NSCLC	1	0.844
fame-gw	NSCLC	test	HRR1236403	NSCLC	1	0.844
fame-gw	NSCLC	test	HRR1236405	NSCLC	1	0.736
fame-gw	NSCLC	test	HRR1236407	NSCLC	1	0.81
fame-gw	NSCLC	test	HRR1236410	NSCLC	1	0.912
fame-gw	NSCLC	test	HRR1236411	NSCLC	1	0.98
fame-gw	NSCLC	test	HRR1236415	NSCLC	1	0.548
fame-gw	NSCLC	test	HRR1236416	NSCLC	1	1.0
fame-gw	NSCLC	test	HRR1236418	NSCLC	1	0.858
fame-gw	NSCLC	test	HRR1236422	NSCLC	1	0.478
fame-gw	NSCLC	test	HRR1236423	NSCLC	1	0.872
fame-gw	NSCLC	test	HRR1236425	NSCLC	1	0.988
fame-gw	NSCLC	test	HRR1236427	NSCLC	1	0.72
fame-gw	NSCLC	test	HRR1236431	NSCLC	1	0.758
fame-gw	NSCLC	test	HRR1236433	NSCLC	1	0.596
fame-gw	NSCLC	test	HRR1236440	NSCLC	1	1.0
fame-gw	NSCLC	test	HRR1236446	NSCLC	1	0.936
fame-gw	NSCLC	test	HRR1236448	NSCLC	1	0.958
fame-gw	NSCLC	test	HRR1236450	NSCLC	1	0.882
fame-gw	NSCLC	test	HRR1236452	NSCLC	1	0.982
fame-gw	NSCLC	test	HRR1236454	NSCLC	1	1.0
fame-gw	NSCLC	test	HRR1236456	NSCLC	1	0.91
fame-gw	NSCLC	test	HRR1236457	NSCLC	1	1.0
fame-gw	NSCLC	test	HRR1236458	NSCLC	1	1.0
fame-gw	NSCLC	test	HRR1236459	NSCLC	1	1.0
fame-gw	NSCLC	test	HRR1236463	NSCLC	1	1.0
fame-gw	NSCLC	test	HRR1236468	NSCLC	1	1.0
fame-gw	NSCLC	test	HRR1236474	NSCLC	1	1.0
fame-gw	NSCLC	test	HRR1236476	NSCLC	1	0.03
fame-gw	PACA	cv	HRR1235319	HEALTHY	0	0.0
fame-gw	PACA	cv	HRR1235320	HEALTHY	0	0.054
fame-gw	PACA	cv	HRR1235321	HEALTHY	0	0.03
fame-gw	PACA	cv	HRR1235322	HEALTHY	0	0.0
fame-gw	PACA	cv	HRR1235323	HEALTHY	0	0.112
fame-gw	PACA	cv	HRR1235325	HEALTHY	0	0.0
fame-gw	PACA	cv	HRR1235326	HEALTHY	0	0.0
fame-gw	PACA	cv	HRR1235327	HEALTHY	0	0.01
fame-gw	PACA	cv	HRR1235328	HEALTHY	0	0.0
fame-gw	PACA	cv	HRR1235330	HEALTHY	0	0.0
fame-gw	PACA	cv	HRR1235331	HEALTHY	0	0.0
fame-gw	PACA	cv	HRR1235332	HEALTHY	0	0.0
fame-gw	PACA	cv	HRR1235334	HEALTHY	0	0.418
fame-gw	PACA	cv	HRR1235335	HEALTHY	0	0.02
fame-gw	PACA	cv	HRR1235337	HEALTHY	0	0.0
fame-gw	PACA	cv	HRR1235339	HEALTHY	0	0.0
fame-gw	PACA	cv	HRR1235340	HEALTHY	0	0.006
fame-gw	PACA	cv	HRR1235341	HEALTHY	0	0.0
fame-gw	PACA	cv	HRR1235342	HEALTHY	0	0.0
fame-gw	PACA	cv	HRR1235343	HEALTHY	0	0.0
fame-gw	PACA	cv	HRR1235344	HEALTHY	0	0.0
fame-gw	PACA	cv	HRR1235345	HEALTHY	0	0.076
fame-gw	PACA	cv	HRR1235346	HEALTHY	0	0.0
fame-gw	PACA	cv	HRR1235347	HEALTHY	0	0.0
fame-gw	PACA	cv	HRR1235349	HEALTHY	0	0.0
fame-gw	PACA	cv	HRR1235350	HEALTHY	0	0.07
fame-gw	PACA	cv	HRR1235351	HEALTHY	0	0.0
fame-gw	PACA	cv	HRR1235352	HEALTHY	0	0.002
fame-gw	PACA	cv	HRR1235353	HEALTHY	0	0.0
fame-gw	PACA	cv	HRR1235354	HEALTHY	0	0.012
fame-gw	PACA	cv	HRR1235355	HEALTHY	0	0.0
fame-gw	PACA	cv	HRR1235356	HEALTHY	0	0.004
fame-gw	PACA	cv	HRR1235357	HEALTHY	0	0.1
fame-gw	PACA	cv	HRR1235358	HEALTHY	0	0.0
fame-gw	PACA	cv	HRR1235359	HEALTHY	0	0.234
fame-gw	PACA	cv	HRR1235360	HEALTHY	0	0.0
fame-gw	PACA	cv	HRR1235361	HEALTHY	0	0.0
fame-gw	PACA	cv	HRR1235363	HEALTHY	0	0.0
fame-gw	PACA	cv	HRR1235364	HEALTHY	0	0.0
fame-gw	PACA	cv	HRR1235365	HEALTHY	0	0.0
fame-gw	PACA	cv	HRR1235367	HEALTHY	0	0.062
fame-gw	PACA	cv	HRR1235368	HEALTHY	0	0.0
fame-gw	PACA	cv	HRR1235369	HEALTHY	0	0.006
fame-gw	PACA	cv	HRR1235370	HEALTHY	0	0.0
fame-gw	PACA	cv	HRR1235371	HEALTHY	0	0.01
fame-gw	PACA	cv	HRR1235372	HEALTHY	0	0.0
fame-gw	PACA	cv	HRR1235373	HEALTHY	0	0.0
fame-gw	PACA	cv	HRR1235374	HEALTHY	0	0.002
fame-gw	PACA	cv	HRR1235375	HEALTHY	0	0.0
fame-gw	PACA	cv	HRR1235376	HEALTHY	0	0.0
fame-gw	PACA	cv	HRR1235377	HEALTHY	0	0.0
fame-gw	PACA	cv	HRR1235378	HEALTHY	0	0.0
fame-gw	PACA	cv	HRR1235380	HEALTHY	0	0.0
fame-gw	PACA	cv	HRR1235381	HEALTHY	0	0.0
fame-gw	PACA	cv	HRR1235382	HEALTHY	0	0.008
fame-gw	PACA	cv	HRR1235383	HEALTHY	0	0.0
fame-gw	PACA	cv	HRR1235384	HEALTHY	0	0.078
fame-gw	PACA	cv	HRR1235386	HEALTHY	0	0.002
fame-gw	PACA	cv	HRR1235387	HEALTHY	0	0.0
fame-gw	PACA	cv	HRR1235388	HEALTHY	0	0.172
fame-gw	PACA	cv	HRR1235389	HEALTHY	0	0.004
fame-gw	PACA	cv	HRR1235390	HEALTHY	0	0.0
fame-gw	PACA	cv	HRR1235391	HEALTHY	0	0.0
fame-gw	PACA	cv	HRR1235392	HEALTHY	0	0.0
fame-gw	PACA	cv	HRR1235393	HEALTHY	0	0.002
fame-gw	PACA	cv	HRR1235395	HEALTHY	0	0.0
fame-gw	PACA	cv	HRR1235396	HEALTHY	0	0.0
fame-gw	PACA	cv	HRR1235397	HEALTHY	0	0.0
fame-gw	PACA	cv	HRR1235400	HEALTHY	0	0.0
fame-gw	PACA	cv	HRR1235401	HEALTHY	0	0.0
fame-gw	PACA	cv	HRR1235403	HEALTHY	0	0.0
fame-gw	PACA	cv	HRR1235404	HEALTHY	0	0.0
fame-gw	PACA	cv	HRR1235405	HEALTHY	0	0.0
fame-gw	PACA	cv	HRR1235406	HEALTHY	0	0.008
fame-gw	PACA	cv	HRR1235407	HEALTHY	0	0.0
fame-gw	PACA	cv	HRR1235408	HEALTHY	0	0.0
fame-gw	PACA	cv	HRR1235409	HEALTHY	0	0.048
fame-gw	PACA	cv	HRR1235411	HEALTHY	0	0.128
fame-gw	PACA	cv	HRR1235412	HEALTHY	0	0.0
fame-gw	PACA	cv	HRR1235413	HEALTHY	0	0.0
fame-gw	PACA	cv	HRR1235415	HEALTHY	0	0.0
fame-gw	PACA	cv	HRR1235417	HEALTHY	0	0.0
fame-gw	PACA	cv	HRR1235418	HEALTHY	0	0.0
fame-gw	PACA	cv	HRR1235419	HEALTHY	0	0.02
fame-gw	PACA	cv	HRR1235420	HEALTHY	0	0.0
fame-gw	PACA	cv	HRR1235422	HEALTHY	0	0.002
fame-gw	PACA	cv	HRR1235423	HEALTHY	0	0.0
fame-gw	PACA	cv	HRR1235425	HEALTHY	0	0.0
fame-gw	PACA	cv	HRR1235426	HEALTHY	0	0.002
fame-gw	PACA	cv	HRR1235427	HEALTHY	0	0.0
fame-gw	PACA	cv	HRR1235428	HEALTHY	0	0.004
fame-gw	PACA	cv	HRR1235429	HEALTHY	0	0.0
fame-gw	PACA	cv	HRR1235430	HEALTHY	0	0.002
fame-gw	PACA	cv	HRR1235431	HEALTHY	0	0.002
fame-gw	PACA	cv	HRR1235432	HEALTHY	0	0.0
fame-gw	PACA	cv	HRR1235433	HEALTHY	0	0.0
fame-gw	PACA	cv	HRR1235435	HEALTHY	0	0.002
fame-gw	PACA	cv	HRR1235436	HEALTHY	0	0.0
fame-gw	PACA	cv	HRR1235437	HEALTHY	0	0.0
fame-gw	PACA	cv	HRR1235438	HEALTHY	0	0.002
fame-gw	PACA	cv	HRR1235439	HEALTHY	0	0.0
fame-gw	PACA	cv	HRR1235440	HEALTHY	0	0.0
fame-gw	PACA	cv	HRR1235441	HEALTHY	0	0.024
fame-gw	PACA	cv	HRR1235442	HEALTHY	0	0.0
fame-gw	PACA	cv	HRR1235443	HEALTHY	0	0.006
fame-gw	PACA	cv	HRR1235444	HEALTHY	0	0.008
fame-gw	PACA	cv	HRR1235445	HEALTHY	0	0.0
fame-gw	PACA	cv	HRR1235446	HEALTHY	0	0.002
fame-gw	PACA	cv	HRR1235447	HEALTHY	0	0.002
fame-gw	PACA	cv	HRR1235448	HEALTHY	0	0.0
fame-gw	PACA	cv	HRR1235449	HEALTHY	0	0.0
fame-gw	PACA	cv	HRR1235450	HEALTHY	0	0.0
fame-gw	PACA	cv	HRR1235451	HEALTHY	0	0.528
fame-gw	PACA	cv	HRR1235452	HEALTHY	0	0.0
fame-gw	PACA	cv	HRR1235453	HEALTHY	0	0.002
fame-gw	PACA	cv	HRR1235455	HEALTHY	0	0.0
fame-gw	PACA	cv	HRR1235456	HEALTHY	0	0.0
fame-gw	PACA	cv	HRR1235457	HEALTHY	0	0.002
fame-gw	PACA	cv	HRR1235458	HEALTHY	0	0.202
fame-gw	PACA	cv	HRR1235459	HEALTHY	0	0.0
fame-gw	PACA	cv	HRR1235460	HEALTHY	0	0.0
fame-gw	PACA	cv	HRR1235461	HEALTHY	0	0.0
fame-gw	PACA	cv	HRR1235463	HEALTHY	0	0.0
fame-gw	PACA	cv	HRR1235464	HEALTHY	0	0.0
fame-gw	PACA	cv	HRR1235465	HEALTHY	0	0.002
fame-gw	PACA	cv	HRR1235466	HEALTHY	0	0.0
fame-gw	PACA	cv	HRR1235467	HEALTHY	0	0.136
fame-gw	PACA	cv	HRR1235468	HEALTHY	0	0.0
fame-gw	PACA	cv	HRR1235469	HEALTHY	0	0.0
fame-gw	PACA	cv	HRR1235470	HEALTHY	0	0.0
fame-gw	PACA	cv	HRR1235472	HEALTHY	0	0.0
fame-gw	PACA	cv	HRR1235473	HEALTHY	0	0.0
fame-gw	PACA	cv	HRR1235474	HEALTHY	0	0.0
fame-gw	PACA	cv	HRR1235475	HEALTHY	0	0.0
fame-gw	PACA	cv	HRR1235478	HEALTHY	0	0.008
fame-gw	PACA	cv	HRR1235481	HEALTHY	0	0.0
fame-gw	PACA	cv	HRR1235482	HEALTHY	0	0.0
fame-gw	PACA	cv	HRR1235483	HEALTHY	0	0.038
fame-gw	PACA	cv	HRR1235486	HEALTHY	0	0.0
fame-gw	PACA	cv	HRR1235488	HEALTHY	0	0.0
fame-gw	PACA	cv	HRR1235489	HEALTHY	0	0.0
fame-gw	PACA	cv	HRR1235490	HEALTHY	0	0.0
fame-gw	PACA	cv	HRR1235491	HEALTHY	0	0.152
fame-gw	PACA	cv	HRR1235492	HEALTHY	0	0.0
fame-gw	PACA	cv	HRR1235493	HEALTHY	0	0.0
fame-gw	PACA	cv	HRR1235497	HEALTHY	0	0.0
fame-gw	PACA	cv	HRR1235498	HEALTHY	0	0.0
fame-gw	PACA	cv	HRR1235499	HEALTHY	0	0.0
fame-gw	PACA	cv	HRR1235500	HEALTHY	0	0.0
fame-gw	PACA	cv	HRR1235501	HEALTHY	0	0.0
fame-gw	PACA	cv	HRR1235502	HEALTHY	0	0.0
fame-gw	PACA	cv	HRR1235503	HEALTHY	0	0.0
fame-gw	PACA	cv	HRR1235504	HEALTHY	0	0.0
fame-gw	PACA	cv	HRR1235505	HEALTHY	0	0.004
fame-gw	PACA	cv	HRR1235506	HEALTHY	0	0.0
fame-gw	PACA	cv	HRR1235508	HEALTHY	0	0.0
fame-gw	PACA	cv	HRR1235510	HEALTHY	0	0.0
fame-gw	PACA	cv	HRR1235511	HEALTHY	0	0.002
fame-gw	PACA	cv	HRR1235513	HEALTHY	0	0.014
fame-gw	PACA	cv	HRR1235514	HEALTHY	0	0.012
fame-gw	PACA	cv	HRR1235515	HEALTHY	0	0.0
fame-gw	PACA	cv	HRR1235516	HEALTHY	0	0.0
fame-gw	PACA	cv	HRR1235517	HEALTHY	0	0.008
fame-gw	PACA	cv	HRR1235518	HEALTHY	0	0.0
fame-gw	PACA	cv	HRR1235519	HEALTHY	0	0.0
fame-gw	PACA	cv	HRR1235520	HEALTHY	0	0.002
fame-gw	PACA	cv	HRR1235521	HEALTHY	0	0.002
fame-gw	PACA	cv	HRR1235522	HEALTHY	0	0.0
fame-gw	PACA	cv	HRR1235523	HEALTHY	0	0.036
fame-gw	PACA	cv	HRR1235524	HEALTHY	0	0.0
fame-gw	PACA	cv	HRR1235525	HEALTHY	0	0.0
fame-gw	PACA	cv	HRR1235526	HEALTHY	0	0.004
fame-gw	PACA	cv	HRR1235527	HEALTHY	0	0.006
fame-gw	PACA	cv	HRR1235528	HEALTHY	0	0.0
fame-gw	PACA	cv	HRR1235529	HEALTHY	0	0.002
fame-gw	PACA	cv	HRR1235530	HEALTHY	0	0.0
fame-gw	PACA	cv	HRR1235531	HEALTHY	0	0.0
fame-gw	PACA	cv	HRR1235532	HEALTHY	0	0.002
fame-gw	PACA	cv	HRR1235533	HEALTHY	0	0.006
fame-gw	PACA	cv	HRR1235534	HEALTHY	0	0.0
fame-gw	PACA	cv	HRR1235535	HEALTHY	0	0.0
fame-gw	PACA	cv	HRR1235536	HEALTHY	0	0.002
fame-gw	PACA	cv	HRR1235537	HEALTHY	0	0.0
fame-gw	PACA	cv	HRR1235538	HEALTHY	0	0.0
fame-gw	PACA	cv	HRR1235539	HEALTHY	0	0.0
fame-gw	PACA	cv	HRR1235540	HEALTHY	0	0.018
fame-gw	PACA	cv	HRR1235541	HEALTHY	0	0.0
fame-gw	PACA	cv	HRR1235542	HEALTHY	0	0.0
fame-gw	PACA	cv	HRR1235544	HEALTHY	0	0.0
fame-gw	PACA	cv	HRR1235545	HEALTHY	0	0.026
fame-gw	PACA	cv	HRR1235546	HEALTHY	0	0.0
fame-gw	PACA	cv	HRR1235547	HEALTHY	0	0.034
fame-gw	PACA	cv	HRR1235548	HEALTHY	0	0.0
fame-gw	PACA	cv	HRR1235549	HEALTHY	0	0.072
fame-gw	PACA	cv	HRR1235598	HEALTHY	0	0.002
fame-gw	PACA	cv	HRR1235599	HEALTHY	0	0.128
fame-gw	PACA	cv	HRR1235600	HEALTHY	0	0.002
fame-gw	PACA	cv	HRR1235601	HEALTHY	0	0.012
fame-gw	PACA	cv	HRR1235602	HEALTHY	0	0.078
fame-gw	PACA	cv	HRR1235603	HEALTHY	0	0.014
fame-gw	PACA	cv	HRR1235604	HEALTHY	0	0.044
fame-gw	PACA	cv	HRR1235605	HEALTHY	0	0.058
fame-gw	PACA	cv	HRR1235606	HEALTHY	0	0.004
fame-gw	PACA	cv	HRR1235607	HEALTHY	0	0.0
fame-gw	PACA	cv	HRR1235608	HEALTHY	0	0.036
fame-gw	PACA	cv	HRR1235609	HEALTHY	0	0.008
fame-gw	PACA	cv	HRR1235610	HEALTHY	0	0.0
fame-gw	PACA	cv	HRR1235611	HEALTHY	0	0.006
fame-gw	PACA	cv	HRR1235612	HEALTHY	0	0.0
fame-gw	PACA	cv	HRR1235613	HEALTHY	0	0.0
fame-gw	PACA	cv	HRR1235614	HEALTHY	0	0.0
fame-gw	PACA	cv	HRR1235615	HEALTHY	0	0.084
fame-gw	PACA	cv	HRR1235616	HEALTHY	0	0.004
fame-gw	PACA	cv	HRR1235617	HEALTHY	0	0.084
fame-gw	PACA	cv	HRR1235618	HEALTHY	0	0.0
fame-gw	PACA	cv	HRR1235619	HEALTHY	0	0.006
fame-gw	PACA	cv	HRR1235620	HEALTHY	0	0.0
fame-gw	PACA	cv	HRR1235622	HEALTHY	0	0.002
fame-gw	PACA	cv	HRR1235623	HEALTHY	0	0.004
fame-gw	PACA	cv	HRR1235624	HEALTHY	0	0.058
fame-gw	PACA	cv	HRR1235625	HEALTHY	0	0.0
fame-gw	PACA	cv	HRR1235627	HEALTHY	0	0.0
fame-gw	PACA	cv	HRR1235628	HEALTHY	0	0.0
fame-gw	PACA	cv	HRR1235631	HEALTHY	0	0.0
fame-gw	PACA	cv	HRR1235632	HEALTHY	0	0.0
fame-gw	PACA	cv	HRR1235633	HEALTHY	0	0.0
fame-gw	PACA	cv	HRR1235634	HEALTHY	0	0.0
fame-gw	PACA	cv	HRR1235635	HEALTHY	0	0.0
fame-gw	PACA	cv	HRR1235636	HEALTHY	0	0.0
fame-gw	PACA	cv	HRR1235637	HEALTHY	0	0.028
fame-gw	PACA	cv	HRR1235638	HEALTHY	0	0.0
fame-gw	PACA	cv	HRR1235639	HEALTHY	0	0.03
fame-gw	PACA	cv	HRR1235641	HEALTHY	0	0.0
fame-gw	PACA	cv	HRR1235642	HEALTHY	0	0.006
fame-gw	PACA	cv	HRR1235644	HEALTHY	0	0.0
fame-gw	PACA	cv	HRR1235645	HEALTHY	0	0.0
fame-gw	PACA	cv	HRR1235646	HEALTHY	0	0.008
fame-gw	PACA	cv	HRR1235647	HEALTHY	0	0.0
fame-gw	PACA	cv	HRR1235648	HEALTHY	0	0.0
fame-gw	PACA	cv	HRR1235650	HEALTHY	0	0.0
fame-gw	PACA	cv	HRR1235653	HEALTHY	0	0.0
fame-gw	PACA	cv	HRR1235655	HEALTHY	0	0.048
fame-gw	PACA	cv	HRR1235657	HEALTHY	0	0.008
fame-gw	PACA	cv	HRR1235658	HEALTHY	0	0.0
fame-gw	PACA	cv	HRR1235661	HEALTHY	0	0.0
fame-gw	PACA	cv	HRR1235662	HEALTHY	0	0.0
fame-gw	PACA	cv	HRR1235663	HEALTHY	0	0.0
fame-gw	PACA	cv	HRR1235665	HEALTHY	0	0.026
fame-gw	PACA	cv	HRR1235667	HEALTHY	0	0.074
fame-gw	PACA	cv	HRR1235669	HEALTHY	0	0.002
fame-gw	PACA	cv	HRR1235670	HEALTHY	0	0.0
fame-gw	PACA	cv	HRR1235671	HEALTHY	0	0.0
fame-gw	PACA	cv	HRR1235672	HEALTHY	0	0.0
fame-gw	PACA	cv	HRR1235673	HEALTHY	0	0.0
fame-gw	PACA	cv	HRR1235674	HEALTHY	0	0.0
fame-gw	PACA	cv	HRR1235675	HEALTHY	0	0.102
fame-gw	PACA	cv	HRR1235676	HEALTHY	0	0.0
fame-gw	PACA	cv	HRR1235677	HEALTHY	0	0.0
fame-gw	PACA	cv	HRR1235678	HEALTHY	0	0.0
fame-gw	PACA	cv	HRR1235679	HEALTHY	0	0.21
fame-gw	PACA	cv	HRR1235680	HEALTHY	0	0.034
fame-gw	PACA	cv	HRR1235683	HEALTHY	0	0.0
fame-gw	PACA	cv	HRR1235685	HEALTHY	0	0.0
fame-gw	PACA	cv	HRR1235686	HEALTHY	0	0.442
fame-gw	PACA	cv	HRR1235687	HEALTHY	0	0.0
fame-gw	PACA	cv	HRR1235688	HEALTHY	0	0.0
fame-gw	PACA	cv	HRR1235689	HEALTHY	0	0.0
fame-gw	PACA	cv	HRR1235690	HEALTHY	0	0.006
fame-gw	PACA	cv	HRR1235691	HEALTHY	0	0.014
fame-gw	PACA	cv	HRR1235692	HEALTHY	0	0.0
fame-gw	PACA	cv	HRR1235693	HEALTHY	0	0.0
fame-gw	PACA	cv	HRR1235694	HEALTHY	0	0.0
fame-gw	PACA	cv	HRR1235695	HEALTHY	0	0.0
fame-gw	PACA	cv	HRR1235696	HEALTHY	0	0.568
fame-gw	PACA	cv	HRR1235697	HEALTHY	0	0.0
fame-gw	PACA	cv	HRR1235698	HEALTHY	0	0.0
fame-gw	PACA	cv	HRR1235699	HEALTHY	0	0.004
fame-gw	PACA	cv	HRR1235703	HEALTHY	0	0.004
fame-gw	PACA	cv	HRR1235704	HEALTHY	0	0.0
fame-gw	PACA	cv	HRR1235706	HEALTHY	0	0.006
fame-gw	PACA	cv	HRR1235707	HEALTHY	0	0.0
fame-gw	PACA	cv	HRR1235709	HEALTHY	0	0.0
fame-gw	PACA	cv	HRR1235710	HEALTHY	0	0.018
fame-gw	PACA	cv	HRR1235711	HEALTHY	0	0.002
fame-gw	PACA	cv	HRR1235712	HEALTHY	0	0.544
fame-gw	PACA	cv	HRR1235713	HEALTHY	0	0.002
fame-gw	PACA	cv	HRR1235714	HEALTHY	0	0.006
fame-gw	PACA	cv	HRR1235715	HEALTHY	0	0.0
fame-gw	PACA	cv	HRR1235716	HEALTHY	0	0.0
fame-gw	PACA	cv	HRR1235719	HEALTHY	0	0.0
fame-gw	PACA	cv	HRR1235720	HEALTHY	0	0.0
fame-gw	PACA	cv	HRR1235722	HEALTHY	0	0.0
fame-gw	PACA	cv	HRR1235723	HEALTHY	0	0.046
fame-gw	PACA	cv	HRR1235726	HEALTHY	0	0.0
fame-gw	PACA	cv	HRR1235727	HEALTHY	0	0.004
fame-gw	PACA	cv	HRR1235728	HEALTHY	0	0.0
fame-gw	PACA	cv	HRR1235731	HEALTHY	0	0.0
fame-gw	PACA	cv	HRR1235732	HEALTHY	0	0.0
fame-gw	PACA	cv	HRR1235733	HEALTHY	0	0.138
fame-gw	PACA	cv	HRR1235734	HEALTHY	0	0.0
fame-gw	PACA	cv	HRR1235737	HEALTHY	0	0.0
fame-gw	PACA	cv	HRR1235738	HEALTHY	0	0.0
fame-gw	PACA	cv	HRR1235739	HEALTHY	0	0.0
fame-gw	PACA	cv	HRR1235740	HEALTHY	0	0.0
fame-gw	PACA	cv	HRR1235743	HEALTHY	0	0.014
fame-gw	PACA	cv	HRR1235744	HEALTHY	0	0.0
fame-gw	PACA	cv	HRR1235745	HEALTHY	0	0.0
fame-gw	PACA	cv	HRR1235746	HEALTHY	0	0.004
fame-gw	PACA	cv	HRR1235747	HEALTHY	0	0.004
fame-gw	PACA	cv	HRR1235751	HEALTHY	0	0.014
fame-gw	PACA	cv	HRR1235753	HEALTHY	0	0.0
fame-gw	PACA	cv	HRR1235755	HEALTHY	0	0.0
fame-gw	PACA	cv	HRR1235756	HEALTHY	0	0.002
fame-gw	PACA	cv	HRR1235757	HEALTHY	0	0.008
fame-gw	PACA	cv	HRR1235759	HEALTHY	0	0.0
fame-gw	PACA	cv	HRR1235760	HEALTHY	0	0.0
fame-gw	PACA	cv	HRR1235763	HEALTHY	0	0.0
fame-gw	PACA	cv	HRR1235764	HEALTHY	0	0.0
fame-gw	PACA	cv	HRR1235765	HEALTHY	0	0.016
fame-gw	PACA	cv	HRR1235767	HEALTHY	0	0.0
fame-gw	PACA	cv	HRR1235768	HEALTHY	0	0.03
fame-gw	PACA	cv	HRR1235769	HEALTHY	0	0.0
fame-gw	PACA	cv	HRR1235770	HEALTHY	0	0.0
fame-gw	PACA	cv	HRR1235771	HEALTHY	0	0.0
fame-gw	PACA	cv	HRR1235772	HEALTHY	0	0.0
fame-gw	PACA	cv	HRR1235773	HEALTHY	0	0.0
fame-gw	PACA	cv	HRR1235774	HEALTHY	0	0.008
fame-gw	PACA	cv	HRR1235775	HEALTHY	0	0.002
fame-gw	PACA	cv	HRR1235776	HEALTHY	0	0.0
fame-gw	PACA	cv	HRR1235777	HEALTHY	0	0.004
fame-gw	PACA	cv	HRR1235779	HEALTHY	0	0.0
fame-gw	PACA	cv	HRR1235781	HEALTHY	0	0.006
fame-gw	PACA	cv	HRR1235782	HEALTHY	0	0.0
fame-gw	PACA	cv	HRR1235783	HEALTHY	0	0.0
fame-gw	PACA	cv	HRR1235784	HEALTHY	0	0.0
fame-gw	PACA	cv	HRR1235785	HEALTHY	0	0.0
fame-gw	PACA	cv	HRR1235786	HEALTHY	0	0.002
fame-gw	PACA	cv	HRR1235787	HEALTHY	0	0.002
fame-gw	PACA	cv	HRR1235789	HEALTHY	0	0.0
fame-gw	PACA	cv	HRR1235790	HEALTHY	0	0.0
fame-gw	PACA	cv	HRR1235793	HEALTHY	0	0.008
fame-gw	PACA	cv	HRR1235797	HEALTHY	0	0.004
fame-gw	PACA	cv	HRR1235798	HEALTHY	0	0.0
fame-gw	PACA	cv	HRR1235799	HEALTHY	0	0.0
fame-gw	PACA	cv	HRR1235801	HEALTHY	0	0.0
fame-gw	PACA	cv	HRR1235803	HEALTHY	0	0.01
fame-gw	PACA	cv	HRR1235805	HEALTHY	0	0.066
fame-gw	PACA	cv	HRR1235808	HEALTHY	0	0.0
fame-gw	PACA	cv	HRR1235809	HEALTHY	0	0.0
fame-gw	PACA	cv	HRR1235812	HEALTHY	0	0.0
fame-gw	PACA	cv	HRR1235814	HEALTHY	0	0.0
fame-gw	PACA	cv	HRR1235815	HEALTHY	0	0.0
fame-gw	PACA	cv	HRR1236477	PACA	1	0.998
fame-gw	PACA	cv	HRR1236478	PACA	1	0.98
fame-gw	PACA	cv	HRR1236479	PACA	1	1.0
fame-gw	PACA	cv	HRR1236481	PACA	1	0.698
fame-gw	PACA	cv	HRR1236482	PACA	1	0.92
fame-gw	PACA	cv	HRR1236484	PACA	1	0.912
fame-gw	PACA	cv	HRR1236485	PACA	1	1.0
fame-gw	PACA	cv	HRR1236486	PACA	1	0.292
fame-gw	PACA	cv	HRR1236487	PACA	1	0.644
fame-gw	PACA	cv	HRR1236490	PACA	1	0.99
fame-gw	PACA	cv	HRR1236491	PACA	1	1.0
fame-gw	PACA	cv	HRR1236493	PACA	1	0.998
fame-gw	PACA	cv	HRR1236494	PACA	1	0.774
fame-gw	PACA	cv	HRR1236495	PACA	1	0.57
fame-gw	PACA	cv	HRR1236497	PACA	1	0.99
fame-gw	PACA	cv	HRR1236500	PACA	1	0.996
fame-gw	PACA	cv	HRR1236501	PACA	1	0.908
fame-gw	PACA	cv	HRR1236502	PACA	1	0.878
fame-gw	PACA	cv	HRR1236503	PACA	1	0.634
fame-gw	PACA	cv	HRR1236504	PACA	1	0.998
fame-gw	PACA	cv	HRR1236505	PACA	1	0.992
fame-gw	PACA	cv	HRR1236506	PACA	1	0.992
fame-gw	PACA	cv	HRR1236507	PACA	1	0.952
fame-gw	PACA	cv	HRR1236511	PACA	1	0.96
fame-gw	PACA	cv	HRR1236512	PACA	1	0.968
fame-gw	PACA	cv	HRR1236513	PACA	1	0.69
fame-gw	PACA	cv	HRR1236514	PACA	1	1.0
fame-gw	PACA	cv	HRR1236515	PACA	1	1.0
fame-gw	PACA	cv	HRR1236516	PACA	1	0.304
fame-gw	PACA	cv	HRR1236517	PACA	1	1.0
fame-gw	PACA	cv	HRR1236518	PACA	1	0.842
fame-gw	PACA	cv	HRR1236519	PACA	1	1.0
fame-gw	PACA	cv	HRR1236520	PACA	1	1.0
fame-gw	PACA	cv	HRR1236521	PACA	1	1.0
fame-gw	PACA	cv	HRR1236522	PACA	1	0.978
fame-gw	PACA	cv	HRR1236523	PACA	1	0.768
fame-gw	PACA	cv	HRR1236524	PACA	1	1.0
fame-gw	PACA	cv	HRR1236526	PACA	1	1.0
fame-gw	PACA	cv	HRR1236527	PACA	1	0.946
fame-gw	PACA	cv	HRR1236529	PACA	1	0.81
fame-gw	PACA	cv	HRR1236530	PACA	1	1.0
fame-gw	PACA	cv	HRR1236531	PACA	1	1.0
fame-gw	PACA	cv	HRR1236534	PACA	1	0.72
fame-gw	PACA	cv	HRR1236536	PACA	1	1.0
fame-gw	PACA	cv	HRR1236537	PACA	1	0.794
fame-gw	PACA	cv	HRR1236538	PACA	1	0.998
fame-gw	PACA	cv	HRR1236540	PACA	1	1.0
fame-gw	PACA	cv	HRR1236542	PACA	1	0.904
fame-gw	PACA	cv	HRR1236543	PACA	1	0.844
fame-gw	PACA	cv	HRR1236545	PACA	1	1.0
fame-gw	PACA	cv	HRR1236547	PACA	1	1.0
fame-gw	PACA	cv	HRR1236548	PACA	1	0.98
fame-gw	PACA	cv	HRR1236549	PACA	1	0.996
fame-gw	PACA	cv	HRR1236550	PACA	1	0.996
fame-gw	PACA	cv	HRR1236551	PACA	1	0.992
fame-gw	PACA	cv	HRR1236552	PACA	1	0.884
fame-gw	PACA	cv	HRR1236553	PACA	1	0.332
fame-gw	PACA	cv	HRR1236554	PACA	1	0.964
fame-gw	PACA	cv	HRR1236555	PACA	1	0.846
fame-gw	PACA	cv	HRR1236556	PACA	1	1.0
fame-gw	PACA	cv	HRR1236557	PACA	1	0.988
fame-gw	PACA	cv	HRR1236558	PACA	1	0.726
fame-gw	PACA	cv	HRR1236559	PACA	1	0.966
fame-gw	PACA	cv	HRR1236561	PACA	1	0.804
fame-gw	PACA	cv	HRR1236562	PACA	1	0.956
fame-gw	PACA	cv	HRR1236564	PACA	1	0.982
fame-gw	PACA	cv	HRR1236566	PACA	1	0.984
fame-gw	PACA	cv	HRR1236567	PACA	1	0.79
fame-gw	PACA	cv	HRR1236568	PACA	1	0.998
fame-gw	PACA	cv	HRR1236570	PACA	1	0.644
fame-gw	PACA	cv	HRR1236571	PACA	1	0.948
fame-gw	PACA	cv	HRR1236575	PACA	1	1.0
fame-gw	PACA	cv	HRR1236576	PACA	1	1.0
fame-gw	PACA	cv	HRR1236578	PACA	1	1.0
fame-gw	PACA	cv	HRR1236581	PACA	1	1.0
fame-gw	PACA	cv	HRR1236582	PACA	1	1.0
fame-gw	PACA	cv	HRR1236583	PACA	1	1.0
fame-gw	PACA	cv	HRR1236585	PACA	1	1.0
fame-gw	PACA	cv	HRR1236588	PACA	1	0.876
fame-gw	PACA	cv	HRR1236590	PACA	1	1.0
fame-gw	PACA	cv	HRR1236593	PACA	1	1.0
fame-gw	PACA	cv	HRR1236594	PACA	1	0.748
fame-gw	PACA	cv	HRR1236595	PACA	1	1.0
fame-gw	PACA	test	HRR1235324	HEALTHY	0	0.0
fame-gw	PACA	test	HRR1235329	HEALTHY	0	0.0
fame-gw	PACA	test	HRR1235333	HEALTHY	0	0.0
fame-gw	PACA	test	HRR1235336	HEALTHY	0	0.0
fame-gw	PACA	test	HRR1235338	HEALTHY	0	0.0
fame-gw	PACA	test	HRR1235348	HEALTHY	0	0.0
fame-gw	PACA	test	HRR1235362	HEALTHY	0	0.002
fame-gw	PACA	test	HRR1235366	HEALTHY	0	0.0
fame-gw	PACA	test	HRR1235379	HEALTHY	0	0.0
fame-gw	PACA	test	HRR1235385	HEALTHY	0	0.0
fame-gw	PACA	test	HRR1235394	HEALTHY	0	0.066
fame-gw	PACA	test	HRR1235398	HEALTHY	0	0.0
fame-gw	PACA	test	HRR1235399	HEALTHY	0	0.006
fame-gw	PACA	test	HRR1235402	HEALTHY	0	0.0
fame-gw	PACA	test	HRR1235410	HEALTHY	0	0.0
fame-gw	PACA	test	HRR1235414	HEALTHY	0	0.0
fame-gw	PACA	test	HRR1235416	HEALTHY	0	0.0
fame-gw	PACA	test	HRR1235421	HEALTHY	0	0.028
fame-gw	PACA	test	HRR1235424	HEALTHY	0	0.0
fame-gw	PACA	test	HRR1235434	HEALTHY	0	0.0
fame-gw	PACA	test	HRR1235454	HEALTHY	0	0.0
fame-gw	PACA	test	HRR1235462	HEALTHY	0	0.0
fame-gw	PACA	test	HRR1235471	HEALTHY	0	0.0
fame-gw	PACA	test	HRR1235476	HEALTHY	0	0.0
fame-gw	PACA	test	HRR1235477	HEALTHY	0	0.002
fame-gw	PACA	test	HRR1235479	HEALTHY	0	0.0
fame-gw	PACA	test	HRR1235480	HEALTHY	0	0.0
fame-gw	PACA	test	HRR1235484	HEALTHY	0	0.0
fame-gw	PACA	test	HRR1235485	HEALTHY	0	0.0
fame-gw	PACA	test	HRR1235487	HEALTHY	0	0.06
fame-gw	PACA	test	HRR1235494	HEALTHY	0	0.0
fame-gw	PACA	test	HRR1235495	HEALTHY	0	0.0
fame-gw	PACA	test	HRR1235496	HEALTHY	0	0.0
fame-gw	PACA	test	HRR1235507	HEALTHY	0	0.0
fame-gw	PACA	test	HRR1235509	HEALTHY	0	0.0
fame-gw	PACA	test	HRR1235512	HEALTHY	0	0.0
fame-gw	PACA	test	HRR1235543	HEALTHY	0	0.0
fame-gw	PACA	test	HRR1235550	HEALTHY	0	0.058
fame-gw	PACA	test	HRR1235551	HEALTHY	0	0.002
fame-gw	PACA	test	HRR1235552	HEALTHY	0	0.0
fame-gw	PACA	test	HRR1235553	HEALTHY	0	0.0
fame-gw	PACA	test	HRR1235554	HEALTHY	0	0.17
fame-gw	PACA	test	HRR1235555	HEALTHY	0	0.044
fame-gw	PACA	test	HRR1235556	HEALTHY	0	0.0
fame-gw	PACA	test	HRR1235557	HEALTHY	0	0.0
fame-gw	PACA	test	HRR1235558	HEALTHY	0	0.11
fame-gw	PACA	test	HRR1235559	HEALTHY	0	0.002
fame-gw	PACA	test	HRR1235560	HEALTHY	0	0.0
fame-gw	PACA	test	HRR1235561	HEALTHY	0	0.004
fame-gw	PACA	test	HRR1235562	HEALTHY	0	0.002
fame-gw	PACA	test	HRR1235563	HEALTHY	0	0.0
fame-gw	PACA	test	HRR1235564	HEALTHY	0	0.024
fame-gw	PACA	test	HRR1235565	HEALTHY	0	0.012
fame-gw	PACA	test	HRR1235566	HEALTHY	0	0.022
fame-gw	PACA	test	HRR1235567	HEALTHY	0	0.0
fame-gw	PACA	test	HRR1235568	HEALTHY	0	0.002
fame-gw	PACA	test	HRR1235569	HEALTHY	0	0.004
fame-gw	PACA	test	HRR1235570	HEALTHY	0	0.0
fame-gw	PACA	test	HRR1235571	HEALTHY	0	0.004
fame-gw	PACA	test	HRR1235572	HEALTHY	0	0.05
fame-gw	PACA	test	HRR1235573	HEALTHY	0	0.348
fame-gw	PACA	test	HRR1235574	HEALTHY	0	0.002
fame-gw	PACA	test	HRR1235575	HEALTHY	0	0.0
fame-gw	PACA	test	HRR1235576	HEALTHY	0	0.0
fame-gw	PACA	test	HRR1235577	HEALTHY	0	0.0
fame-gw	PACA	test	HRR1235578	HEALTHY	0	0.046
fame-gw	PACA	test	HRR1235579	HEALTHY	0	0.004
fame-gw	PACA	test	HRR1235580	HEALTHY	0	0.022
fame-gw	PACA	test	HRR1235581	HEALTHY	0	0.0
fame-gw	PACA	test	HRR1235582	HEALTHY	0	0.08
fame-gw	PACA	test	HRR1235583	HEALTHY	0	0.0
fame-gw	PACA	test	HRR1235584	HEALTHY	0	0.0
fame-gw	PACA	test	HRR1235585	HEALTHY	0	0.0
fame-gw	PACA	test	HRR1235586	HEALTHY	0	0.06
fame-gw	PACA	test	HRR1235587	HEALTHY	0	0.34
fame-gw	PACA	test	HRR1235588	HEALTHY	0	0.464
fame-gw	PACA	test	HRR1235589	HEALTHY	0	0.188
fame-gw	PACA	test	HRR1235590	HEALTHY	0	0.002
fame-gw	PACA	test	HRR1235591	HEALTHY	0	0.002
fame-gw	PACA	test	HRR1235592	HEALTHY	0	0.008
fame-gw	PACA	test	HRR1235593	HEALTHY	0	0.0
fame-gw	PACA	test	HRR1235594	HEALTHY	0	0.02
fame-gw	PACA	test	HRR1235595	HEALTHY	0	0.002
fame-gw	PACA	test	HRR1235596	HEALTHY	0	0.772
fame-gw	PACA	test	HRR1235597	HEALTHY	0	0.004
fame-gw	PACA	test	HRR1235621	HEALTHY	0	0.018
fame-gw	PACA	test	HRR1235626	HEALTHY	0	0.004
fame-gw	PACA	test	HRR1235629	HEALTHY	0	0.002
fame-gw	PACA	test	HRR1235630	HEALTHY	0	0.004
fame-gw	PACA	test	HRR1235640	HEALTHY	0	0.002
fame-gw	PACA	test	HRR1235643	HEALTHY	0	0.0
fame-gw	PACA	test	HRR1235649	HEALTHY	0	0.0
fame-gw	PACA	test	HRR1235651	HEALTHY	0	0.0
fame-gw	PACA	test	HRR1235652	HEALTHY	0	0.002
fame-gw	PACA	test	HRR1235654	HEALTHY	0	0.16
fame-gw	PACA	test	HRR1235656	HEALTHY	0	0.004
fame-gw	PACA	test	HRR1235659	HEALTHY	0	0.0
fame-gw	PACA	test	HRR1235660	HEALTHY	0	0.0
fame-gw	PACA	test	HRR1235664	HEALTHY	0	0.092
fame-gw	PACA	test	HRR1235666	HEALTHY	0	0.0
fame-gw	PACA	test	HRR1235668	HEALTHY	0	0.0
fame-gw	PACA	test	HRR1235681	HEALTHY	0	0.0
fame-gw	PACA	test	HRR1235682	HEALTHY	0	0.01
fame-gw	PACA	test	HRR1235684	HEALTHY	0	0.002
fame-gw	PACA	test	HRR1235700	HEALTHY	0	0.0
fame-gw	PACA	test	HRR1235701	HEALTHY	0	0.0
fame-gw	PACA	test	HRR1235702	HEALTHY	0	0.0
fame-gw	PACA	test	HRR1235705	HEALTHY	0	0.0
fame-gw	PACA	test	HRR1235708	HEALTHY	0	0.19
fame-gw	PACA	test	HRR1235717	HEALTHY	0	0.0
fame-gw	PACA	test	HRR1235718	HEALTHY	0	0.0
fame-gw	PACA	test	HRR1235721	HEALTHY	0	0.006
fame-gw	PACA	test	HRR1235724	HEALTHY	0	0.002
fame-gw	PACA	test	HRR1235725	HEALTHY	0	0.0
fame-gw	PACA	test	HRR1235729	HEALTHY	0	0.0
fame-gw	PACA	test	HRR1235730	HEALTHY	0	0.024
fame-gw	PACA	test	HRR1235735	HEALTHY	0	0.0
fame-gw	PACA	test	HRR1235736	HEALTHY	0	0.0
fame-gw	PACA	test	HRR1235741	HEALTHY	0	0.032
fame-gw	PACA	test	HRR1235742	HEALTHY	0	0.002
fame-gw	PACA	test	HRR1235748	HEALTHY	0	0.028
fame-gw	PACA	test	HRR1235749	HEALTHY	0	0.0
fame-gw	PACA	test	HRR1235750	HEALTHY	0	0.0
fame-gw	PACA	test	HRR1235752	HEALTHY	0	0.002
fame-gw	PACA	test	HRR1235754	HEALTHY	0	0.0
fame-gw	PACA	test	HRR1235758	HEALTHY	0	0.0
fame-gw	PACA	test	HRR1235761	HEALTHY	0	0.004
fame-gw	PACA	test	HRR1235762	HEALTHY	0	0.0
fame-gw	PACA	test	HRR1235766	HEALTHY	0	0.044
fame-gw	PACA	test	HRR1235778	HEALTHY	0	0.01
fame-gw	PACA	test	HRR1235780	HEALTHY	0	0.006
fame-gw	PACA	test	HRR1235788	HEALTHY	0	0.064
fame-gw	PACA	test	HRR1235791	HEALTHY	0	0.0
fame-gw	PACA	test	HRR1235792	HEALTHY	0	0.0
fame-gw	PACA	test	HRR1235794	HEALTHY	0	0.0
fame-gw	PACA	test	HRR1235795	HEALTHY	0	0.206
fame-gw	PACA	test	HRR1235796	HEALTHY	0	0.0
fame-gw	PACA	test	HRR1235800	HEALTHY	0	0.01
fame-gw	PACA	test	HRR1235802	HEALTHY	0	0.0
fame-gw	PACA	test	HRR1235804	HEALTHY	0	0.156
fame-gw	PACA	test	HRR1235806	HEALTHY	0	0.0
fame-gw	PACA	test	HRR1235807	HEALTHY	0	0.004
fame-gw	PACA	test	HRR1235810	HEALTHY	0	0.0
fame-gw	PACA	test	HRR1235811	HEALTHY	0	0.002
fame-gw	PACA	test	HRR1235813	HEALTHY	0	0.0
fame-gw	PACA	test	HRR1236480	PACA	1	0.98
fame-gw	PACA	test	HRR1236483	PACA	1	0.844
fame-gw	PACA	test	HRR1236488	PACA	1	0.93
fame-gw	PACA	test	HRR1236489	PACA	1	0.952
fame-gw	PACA	test	HRR1236492	PACA	1	0.992
fame-gw	PACA	test	HRR1236496	PACA	1	1.0
fame-gw	PACA	test	HRR1236498	PACA	1	1.0
fame-gw	PACA	test	HRR1236499	PACA	1	1.0
fame-gw	PACA	test	HRR1236508	PACA	1	0.998
fame-gw	PACA	test	HRR1236509	PACA	1	1.0
fame-gw	PACA	test	HRR1236510	PACA	1	0.992
fame-gw	PACA	test	HRR1236525	PACA	1	0.902
fame-gw	PACA	test	HRR1236528	PACA	1	0.98
fame-gw	PACA	test	HRR1236532	PACA	1	0.914
fame-gw	PACA	test	HRR1236533	PACA	1	0.998
fame-gw	PACA	test	HRR1236535	PACA	1	1.0
fame-gw	PACA	test	HRR1236539	PACA	1	0.748
fame-gw	PACA	test	HRR1236541	PACA	1	1.0
fame-gw	PACA	test	HRR1236544	PACA	1	1.0
fame-gw	PACA	test	HRR1236546	PACA	1	0.998
fame-gw	PACA	test	HRR1236560	PACA	1	1.0
fame-gw	PACA	test	HRR1236563	PACA	1	0.992
fame-gw	PACA	test	HRR1236565	PACA	1	1.0
fame-gw	PACA	test	HRR1236569	PACA	1	0.074
fame-gw	PACA	test	HRR1236572	PACA	1	0.504
fame-gw	PACA	test	HRR1236573	PACA	1	0.516
fame-gw	PACA	test	HRR1236574	PACA	1	0.998
fame-gw	PACA	test	HRR1236577	PACA	1	0.994
fame-gw	PACA	test	HRR1236579	PACA	1	1.0
fame-gw	PACA	test	HRR1236580	PACA	1	0.99
fame-gw	PACA	test	HRR1236584	PACA	1	1.0
fame-gw	PACA	test	HRR1236586	PACA	1	0.816
fame-gw	PACA	test	HRR1236587	PACA	1	0.97
fame-gw	PACA	test	HRR1236589	PACA	1	0.976
fame-gw	PACA	test	HRR1236591	PACA	1	0.974
fame-gw	PACA	test	HRR1236592	PACA	1	1.0
fame-gw	STAD	cv	HRR1235319	HEALTHY	0	0.02
fame-gw	STAD	cv	HRR1235320	HEALTHY	0	0.198
fame-gw	STAD	cv	HRR1235321	HEALTHY	0	0.412
fame-gw	STAD	cv	HRR1235322	HEALTHY	0	0.006
fame-gw	STAD	cv	HRR1235323	HEALTHY	0	0.372
fame-gw	STAD	cv	HRR1235325	HEALTHY	0	0.0
fame-gw	STAD	cv	HRR1235326	HEALTHY	0	0.0
fame-gw	STAD	cv	HRR1235327	HEALTHY	0	0.164
fame-gw	STAD	cv	HRR1235328	HEALTHY	0	0.0
fame-gw	STAD	cv	HRR1235330	HEALTHY	0	0.01
fame-gw	STAD	cv	HRR1235331	HEALTHY	0	0.0
fame-gw	STAD	cv	HRR1235332	HEALTHY	0	0.01
fame-gw	STAD	cv	HRR1235334	HEALTHY	0	0.018
fame-gw	STAD	cv	HRR1235335	HEALTHY	0	0.046
fame-gw	STAD	cv	HRR1235337	HEALTHY	0	0.0
fame-gw	STAD	cv	HRR1235339	HEALTHY	0	0.0
fame-gw	STAD	cv	HRR1235340	HEALTHY	0	0.044
fame-gw	STAD	cv	HRR1235341	HEALTHY	0	0.004
fame-gw	STAD	cv	HRR1235342	HEALTHY	0	0.098
fame-gw	STAD	cv	HRR1235343	HEALTHY	0	0.0
fame-gw	STAD	cv	HRR1235344	HEALTHY	0	0.0
fame-gw	STAD	cv	HRR1235345	HEALTHY	0	0.046
fame-gw	STAD	cv	HRR1235346	HEALTHY	0	0.0
fame-gw	STAD	cv	HRR1235347	HEALTHY	0	0.002
fame-gw	STAD	cv	HRR1235349	HEALTHY	0	0.0
fame-gw	STAD	cv	HRR1235350	HEALTHY	0	0.366
fame-gw	STAD	cv	HRR1235351	HEALTHY	0	0.0
fame-gw	STAD	cv	HRR1235352	HEALTHY	0	0.03
fame-gw	STAD	cv	HRR1235353	HEALTHY	0	0.006
fame-gw	STAD	cv	HRR1235354	HEALTHY	0	0.012
fame-gw	STAD	cv	HRR1235355	HEALTHY	0	0.0
fame-gw	STAD	cv	HRR1235356	HEALTHY	0	0.0
fame-gw	STAD	cv	HRR1235357	HEALTHY	0	0.236
fame-gw	STAD	cv	HRR1235358	HEALTHY	0	0.04
fame-gw	STAD	cv	HRR1235359	HEALTHY	0	0.6
fame-gw	STAD	cv	HRR1235360	HEALTHY	0	0.0
fame-gw	STAD	cv	HRR1235361	HEALTHY	0	0.0
fame-gw	STAD	cv	HRR1235363	HEALTHY	0	0.01
fame-gw	STAD	cv	HRR1235364	HEALTHY	0	0.068
fame-gw	STAD	cv	HRR1235365	HEALTHY	0	0.002
fame-gw	STAD	cv	HRR1235367	HEALTHY	0	0.408
fame-gw	STAD	cv	HRR1235368	HEALTHY	0	0.006
fame-gw	STAD	cv	HRR1235369	HEALTHY	0	0.096
fame-gw	STAD	cv	HRR1235370	HEALTHY	0	0.134
fame-gw	STAD	cv	HRR1235371	HEALTHY	0	0.0
fame-gw	STAD	cv	HRR1235372	HEALTHY	0	0.0
fame-gw	STAD	cv	HRR1235373	HEALTHY	0	0.0
fame-gw	STAD	cv	HRR1235374	HEALTHY	0	0.016
fame-gw	STAD	cv	HRR1235375	HEALTHY	0	0.0
fame-gw	STAD	cv	HRR1235376	HEALTHY	0	0.006
fame-gw	STAD	cv	HRR1235377	HEALTHY	0	0.0
fame-gw	STAD	cv	HRR1235378	HEALTHY	0	0.0
fame-gw	STAD	cv	HRR1235380	HEALTHY	0	0.002
fame-gw	STAD	cv	HRR1235381	HEALTHY	0	0.0
fame-gw	STAD	cv	HRR1235382	HEALTHY	0	0.016
fame-gw	STAD	cv	HRR1235383	HEALTHY	0	0.0
fame-gw	STAD	cv	HRR1235384	HEALTHY	0	0.034
fame-gw	STAD	cv	HRR1235386	HEALTHY	0	0.002
fame-gw	STAD	cv	HRR1235387	HEALTHY	0	0.0
fame-gw	STAD	cv	HRR1235388	HEALTHY	0	0.11
fame-gw	STAD	cv	HRR1235389	HEALTHY	0	0.008
fame-gw	STAD	cv	HRR1235390	HEALTHY	0	0.0
fame-gw	STAD	cv	HRR1235391	HEALTHY	0	0.0
fame-gw	STAD	cv	HRR1235392	HEALTHY	0	0.0
fame-gw	STAD	cv	HRR1235393	HEALTHY	0	0.008
fame-gw	STAD	cv	HRR1235395	HEALTHY	0	0.0
fame-gw	STAD	cv	HRR1235396	HEALTHY	0	0.0
fame-gw	STAD	cv	HRR1235397	HEALTHY	0	0.0
fame-gw	STAD	cv	HRR1235400	HEALTHY	0	0.0
fame-gw	STAD	cv	HRR1235401	HEALTHY	0	0.0
fame-gw	STAD	cv	HRR1235403	HEALTHY	0	0.006
fame-gw	STAD	cv	HRR1235404	HEALTHY	0	0.002
fame-gw	STAD	cv	HRR1235405	HEALTHY	0	0.002
fame-gw	STAD	cv	HRR1235406	HEALTHY	0	0.016
fame-gw	STAD	cv	HRR1235407	HEALTHY	0	0.004
fame-gw	STAD	cv	HRR1235408	HEALTHY	0	0.0
fame-gw	STAD	cv	HRR1235409	HEALTHY	0	0.052
fame-gw	STAD	cv	HRR1235411	HEALTHY	0	0.944
fame-gw	STAD	cv	HRR1235412	HEALTHY	0	0.0
fame-gw	STAD	cv	HRR1235413	HEALTHY	0	0.0
fame-gw	STAD	cv	HRR1235415	HEALTHY	0	0.002
fame-gw	STAD	cv	HRR1235417	HEALTHY	0	0.0
fame-gw	STAD	cv	HRR1235418	HEALTHY	0	0.004
fame-gw	STAD	cv	HRR1235419	HEALTHY	0	0.028
fame-gw	STAD	cv	HRR1235420	HEALTHY	0	0.014
fame-gw	STAD	cv	HRR1235422	HEALTHY	0	0.0
fame-gw	STAD	cv	HRR1235423	HEALTHY	0	0.0
fame-gw	STAD	cv	HRR1235425	HEALTHY	0	0.0
fame-gw	STAD	cv	HRR1235426	HEALTHY	0	0.01
fame-gw	STAD	cv	HRR1235427	HEALTHY	0	0.0
fame-gw	STAD	cv	HRR1235428	HEALTHY	0	0.0
fame-gw	STAD	cv	HRR1235429	HEALTHY	0	0.0
fame-gw	STAD	cv	HRR1235430	HEALTHY	0	0.002
fame-gw	STAD	cv	HRR1235431	HEALTHY	0	0.0
fame-gw	STAD	cv	HRR1235432	HEALTHY	0	0.0
fame-gw	STAD	cv	HRR1235433	HEALTHY	0	0.0
fame-gw	STAD	cv	HRR1235435	HEALTHY	0	0.004
fame-gw	STAD	cv	HRR1235436	HEALTHY	0	0.004
fame-gw	STAD	cv	HRR1235437	HEALTHY	0	0.0
fame-gw	STAD	cv	HRR1235438	HEALTHY	0	0.0
fame-gw	STAD	cv	HRR1235439	HEALTHY	0	0.002
fame-gw	STAD	cv	HRR1235440	HEALTHY	0	0.002
fame-gw	STAD	cv	HRR1235441	HEALTHY	0	0.002
fame-gw	STAD	cv	HRR1235442	HEALTHY	0	0.012
fame-gw	STAD	cv	HRR1235443	HEALTHY	0	0.018
fame-gw	STAD	cv	HRR1235444	HEALTHY	0	0.03
fame-gw	STAD	cv	HRR1235445	HEALTHY	0	0.004
fame-gw	STAD	cv	HRR1235446	HEALTHY	0	0.0
fame-gw	STAD	cv	HRR1235447	HEALTHY	0	0.004
fame-gw	STAD	cv	HRR1235448	HEALTHY	0	0.0
fame-gw	STAD	cv	HRR1235449	HEALTHY	0	0.0
fame-gw	STAD	cv	HRR1235450	HEALTHY	0	0.0
fame-gw	STAD	cv	HRR1235451	HEALTHY	0	0.592
fame-gw	STAD	cv	HRR1235452	HEALTHY	0	0.004
fame-gw	STAD	cv	HRR1235453	HEALTHY	0	0.006
fame-gw	STAD	cv	HRR1235455	HEALTHY	0	0.0
fame-gw	STAD	cv	HRR1235456	HEALTHY	0	0.0
fame-gw	STAD	cv	HRR1235457	HEALTHY	0	0.0
fame-gw	STAD	cv	HRR1235458	HEALTHY	0	0.122
fame-gw	STAD	cv	HRR1235459	HEALTHY	0	0.016
fame-gw	STAD	cv	HRR1235460	HEALTHY	0	0.0
fame-gw	STAD	cv	HRR1235461	HEALTHY	0	0.002
fame-gw	STAD	cv	HRR1235463	HEALTHY	0	0.0
fame-gw	STAD	cv	HRR1235464	HEALTHY	0	0.01
fame-gw	STAD	cv	HRR1235465	HEALTHY	0	0.0
fame-gw	STAD	cv	HRR1235466	HEALTHY	0	0.0
fame-gw	STAD	cv	HRR1235467	HEALTHY	0	0.014
fame-gw	STAD	cv	HRR1235468	HEALTHY	0	0.0
fame-gw	STAD	cv	HRR1235469	HEALTHY	0	0.002
fame-gw	STAD	cv	HRR1235470	HEALTHY	0	0.022
fame-gw	STAD	cv	HRR1235472	HEALTHY	0	0.0
fame-gw	STAD	cv	HRR1235473	HEALTHY	0	0.0
fame-gw	STAD	cv	HRR1235474	HEALTHY	0	0.0
fame-gw	STAD	cv	HRR1235475	HEALTHY	0	0.002
fame-gw	STAD	cv	HRR1235478	HEALTHY	0	0.02
fame-gw	STAD	cv	HRR1235481	HEALTHY	0	0.0
fame-gw	STAD	cv	HRR1235482	HEALTHY	0	0.0
fame-gw	STAD	cv	HRR1235483	HEALTHY	0	0.002
fame-gw	STAD	cv	HRR1235486	HEALTHY	0	0.002
fame-gw	STAD	cv	HRR1235488	HEALTHY	0	0.0
fame-gw	STAD	cv	HRR1235489	HEALTHY	0	0.0
fame-gw	STAD	cv	HRR1235490	HEALTHY	0	0.0
fame-gw	STAD	cv	HRR1235491	HEALTHY	0	0.34
fame-gw	STAD	cv	HRR1235492	HEALTHY	0	0.0
fame-gw	STAD	cv	HRR1235493	HEALTHY	0	0.0
fame-gw	STAD	cv	HRR1235497	HEALTHY	0	0.002
fame-gw	STAD	cv	HRR1235498	HEALTHY	0	0.0
fame-gw	STAD	cv	HRR1235499	HEALTHY	0	0.0
fame-gw	STAD	cv	HRR1235500	HEALTHY	0	0.0
fame-gw	STAD	cv	HRR1235501	HEALTHY	0	0.006
fame-gw	STAD	cv	HRR1235502	HEALTHY	0	0.0
fame-gw	STAD	cv	HRR1235503	HEALTHY	0	0.002
fame-gw	STAD	cv	HRR1235504	HEALTHY	0	0.0
fame-gw	STAD	cv	HRR1235505	HEALTHY	0	0.036
fame-gw	STAD	cv	HRR1235506	HEALTHY	0	0.0
fame-gw	STAD	cv	HRR1235508	HEALTHY	0	0.0
fame-gw	STAD	cv	HRR1235510	HEALTHY	0	0.0
fame-gw	STAD	cv	HRR1235511	HEALTHY	0	0.002
fame-gw	STAD	cv	HRR1235513	HEALTHY	0	0.098
fame-gw	STAD	cv	HRR1235514	HEALTHY	0	0.01
fame-gw	STAD	cv	HRR1235515	HEALTHY	0	0.0
fame-gw	STAD	cv	HRR1235516	HEALTHY	0	0.0
fame-gw	STAD	cv	HRR1235517	HEALTHY	0	0.002
fame-gw	STAD	cv	HRR1235518	HEALTHY	0	0.0
fame-gw	STAD	cv	HRR1235519	HEALTHY	0	0.01
fame-gw	STAD	cv	HRR1235520	HEALTHY	0	0.0
fame-gw	STAD	cv	HRR1235521	HEALTHY	0	0.006
fame-gw	STAD	cv	HRR1235522	HEALTHY	0	0.002
fame-gw	STAD	cv	HRR1235523	HEALTHY	0	0.012
fame-gw	STAD	cv	HRR1235524	HEALTHY	0	0.0
fame-gw	STAD	cv	HRR1235525	HEALTHY	0	0.0
fame-gw	STAD	cv	HRR1235526	HEALTHY	0	0.0
fame-gw	STAD	cv	HRR1235527	HEALTHY	0	0.002
fame-gw	STAD	cv	HRR1235528	HEALTHY	0	0.0
fame-gw	STAD	cv	HRR1235529	HEALTHY	0	0.01
fame-gw	STAD	cv	HRR1235530	HEALTHY	0	0.0
fame-gw	STAD	cv	HRR1235531	HEALTHY	0	0.0
fame-gw	STAD	cv	HRR1235532	HEALTHY	0	0.046
fame-gw	STAD	cv	HRR1235533	HEALTHY	0	0.016
fame-gw	STAD	cv	HRR1235534	HEALTHY	0	0.012
fame-gw	STAD	cv	HRR1235535	HEALTHY	0	0.0
fame-gw	STAD	cv	HRR1235536	HEALTHY	0	0.0
fame-gw	STAD	cv	HRR1235537	HEALTHY	0	0.0
fame-gw	STAD	cv	HRR1235538	HEALTHY	0	0.0
fame-gw	STAD	cv	HRR1235539	HEALTHY	0	0.002
fame-gw	STAD	cv	HRR1235540	HEALTHY	0	0.068
fame-gw	STAD	cv	HRR1235541	HEALTHY	0	0.0
fame-gw	STAD	cv	HRR1235542	HEALTHY	0	0.006
fame-gw	STAD	cv	HRR1235544	HEALTHY	0	0.014
fame-gw	STAD	cv	HRR1235545	HEALTHY	0	0.03
fame-gw	STAD	cv	HRR1235546	HEALTHY	0	0.046
fame-gw	STAD	cv	HRR1235547	HEALTHY	0	0.04
fame-gw	STAD	cv	HRR1235548	HEALTHY	0	0.006
fame-gw	STAD	cv	HRR1235549	HEALTHY	0	0.096
fame-gw	STAD	cv	HRR1235598	HEALTHY	0	0.012
fame-gw	STAD	cv	HRR1235599	HEALTHY	0	0.218
fame-gw	STAD	cv	HRR1235600	HEALTHY	0	0.006
fame-gw	STAD	cv	HRR1235601	HEALTHY	0	0.068
fame-gw	STAD	cv	HRR1235602	HEALTHY	0	0.232
fame-gw	STAD	cv	HRR1235603	HEALTHY	0	0.028
fame-gw	STAD	cv	HRR1235604	HEALTHY	0	0.052
fame-gw	STAD	cv	HRR1235605	HEALTHY	0	0.036
fame-gw	STAD	cv	HRR1235606	HEALTHY	0	0.006
fame-gw	STAD	cv	HRR1235607	HEALTHY	0	0.006
fame-gw	STAD	cv	HRR1235608	HEALTHY	0	0.004
fame-gw	STAD	cv	HRR1235609	HEALTHY	0	0.0
fame-gw	STAD	cv	HRR1235610	HEALTHY	0	0.0
fame-gw	STAD	cv	HRR1235611	HEALTHY	0	0.018
fame-gw	STAD	cv	HRR1235612	HEALTHY	0	0.188
fame-gw	STAD	cv	HRR1235613	HEALTHY	0	0.0
fame-gw	STAD	cv	HRR1235614	HEALTHY	0	0.056
fame-gw	STAD	cv	HRR1235615	HEALTHY	0	0.044
fame-gw	STAD	cv	HRR1235616	HEALTHY	0	0.0
fame-gw	STAD	cv	HRR1235617	HEALTHY	0	0.42
fame-gw	STAD	cv	HRR1235618	HEALTHY	0	0.052
fame-gw	STAD	cv	HRR1235619	HEALTHY	0	0.056
fame-gw	STAD	cv	HRR1235620	HEALTHY	0	0.016
fame-gw	STAD	cv	HRR1235622	HEALTHY	0	0.074
fame-gw	STAD	cv	HRR1235623	HEALTHY	0	0.004
fame-gw	STAD	cv	HRR1235624	HEALTHY	0	0.276
fame-gw	STAD	cv	HRR1235625	HEALTHY	0	0.0
fame-gw	STAD	cv	HRR1235627	HEALTHY	0	0.0
fame-gw	STAD	cv	HRR1235628	HEALTHY	0	0.0
fame-gw	STAD	cv	HRR1235631	HEALTHY	0	0.0
fame-gw	STAD	cv	HRR1235632	HEALTHY	0	0.03
fame-gw	STAD	cv	HRR1235633	HEALTHY	0	0.0
fame-gw	STAD	cv	HRR1235634	HEALTHY	0	0.012
fame-gw	STAD	cv	HRR1235635	HEALTHY	0	0.0
fame-gw	STAD	cv	HRR1235636	HEALTHY	0	0.0
fame-gw	STAD	cv	HRR1235637	HEALTHY	0	0.0
fame-gw	STAD	cv	HRR1235638	HEALTHY	0	0.0
fame-gw	STAD	cv	HRR1235639	HEALTHY	0	0.068
fame-gw	STAD	cv	HRR1235641	HEALTHY	0	0.044
fame-gw	STAD	cv	HRR1235642	HEALTHY	0	0.0
fame-gw	STAD	cv	HRR1235644	HEALTHY	0	0.012
fame-gw	STAD	cv	HRR1235645	HEALTHY	0	0.0
fame-gw	STAD	cv	HRR1235646	HEALTHY	0	0.012
fame-gw	STAD	cv	HRR1235647	HEALTHY	0	0.0
fame-gw	STAD	cv	HRR1235648	HEALTHY	0	0.004
fame-gw	STAD	cv	HRR1235650	HEALTHY	0	0.0
fame-gw	STAD	cv	HRR1235653	HEALTHY	0	0.0
fame-gw	STAD	cv	HRR1235655	HEALTHY	0	0.018
fame-gw	STAD	cv	HRR1235657	HEALTHY	0	0.0
fame-gw	STAD	cv	HRR1235658	HEALTHY	0	0.0
fame-gw	STAD	cv	HRR1235661	HEALTHY	0	0.0
fame-gw	STAD	cv	HRR1235662	HEALTHY	0	0.0
fame-gw	STAD	cv	HRR1235663	HEALTHY	0	0.0
fame-gw	STAD	cv	HRR1235665	HEALTHY	0	0.01
fame-gw	STAD	cv	HRR1235667	HEALTHY	0	0.014
fame-gw	STAD	cv	HRR1235669	HEALTHY	0	0.004
fame-gw	STAD	cv	HRR1235670	HEALTHY	0	0.052
fame-gw	STAD	cv	HRR1235671	HEALTHY	0	0.0
fame-gw	STAD	cv	HRR1235672	HEALTHY	0	0.006
fame-gw	STAD	cv	HRR1235673	HEALTHY	0	0.024
fame-gw	STAD	cv	HRR1235674	HEALTHY	0	0.002
fame-gw	STAD	cv	HRR1235675	HEALTHY	0	0.174
fame-gw	STAD	cv	HRR1235676	HEALTHY	0	0.098
fame-gw	STAD	cv	HRR1235677	HEALTHY	0	0.0
fame-gw	STAD	cv	HRR1235678	HEALTHY	0	0.0
fame-gw	STAD	cv	HRR1235679	HEALTHY	0	0.436
fame-gw	STAD	cv	HRR1235680	HEALTHY	0	0.036
fame-gw	STAD	cv	HRR1235683	HEALTHY	0	0.0
fame-gw	STAD	cv	HRR1235685	HEALTHY	0	0.024
fame-gw	STAD	cv	HRR1235686	HEALTHY	0	0.044
fame-gw	STAD	cv	HRR1235687	HEALTHY	0	0.002
fame-gw	STAD	cv	HRR1235688	HEALTHY	0	0.002
fame-gw	STAD	cv	HRR1235689	HEALTHY	0	0.004
fame-gw	STAD	cv	HRR1235690	HEALTHY	0	0.052
fame-gw	STAD	cv	HRR1235691	HEALTHY	0	0.016
fame-gw	STAD	cv	HRR1235692	HEALTHY	0	0.0
fame-gw	STAD	cv	HRR1235693	HEALTHY	0	0.008
fame-gw	STAD	cv	HRR1235694	HEALTHY	0	0.0
fame-gw	STAD	cv	HRR1235695	HEALTHY	0	0.004
fame-gw	STAD	cv	HRR1235696	HEALTHY	0	0.464
fame-gw	STAD	cv	HRR1235697	HEALTHY	0	0.0
fame-gw	STAD	cv	HRR1235698	HEALTHY	0	0.0
fame-gw	STAD	cv	HRR1235699	HEALTHY	0	0.024
fame-gw	STAD	cv	HRR1235703	HEALTHY	0	0.0
fame-gw	STAD	cv	HRR1235704	HEALTHY	0	0.0
fame-gw	STAD	cv	HRR1235706	HEALTHY	0	0.002
fame-gw	STAD	cv	HRR1235707	HEALTHY	0	0.0
fame-gw	STAD	cv	HRR1235709	HEALTHY	0	0.0
fame-gw	STAD	cv	HRR1235710	HEALTHY	0	0.076
fame-gw	STAD	cv	HRR1235711	HEALTHY	0	0.006
fame-gw	STAD	cv	HRR1235712	HEALTHY	0	0.074
fame-gw	STAD	cv	HRR1235713	HEALTHY	0	0.01
fame-gw	STAD	cv	HRR1235714	HEALTHY	0	0.002
fame-gw	STAD	cv	HRR1235715	HEALTHY	0	0.002
fame-gw	STAD	cv	HRR1235716	HEALTHY	0	0.0
fame-gw	STAD	cv	HRR1235719	HEALTHY	0	0.0
fame-gw	STAD	cv	HRR1235720	HEALTHY	0	0.0
fame-gw	STAD	cv	HRR1235722	HEALTHY	0	0.0
fame-gw	STAD	cv	HRR1235723	HEALTHY	0	0.06
fame-gw	STAD	cv	HRR1235726	HEALTHY	0	0.0
fame-gw	STAD	cv	HRR1235727	HEALTHY	0	0.0
fame-gw	STAD	cv	HRR1235728	HEALTHY	0	0.0
fame-gw	STAD	cv	HRR1235731	HEALTHY	0	0.0
fame-gw	STAD	cv	HRR1235732	HEALTHY	0	0.0
fame-gw	STAD	cv	HRR1235733	HEALTHY	0	0.044
fame-gw	STAD	cv	HRR1235734	HEALTHY	0	0.024
fame-gw	STAD	cv	HRR1235737	HEALTHY	0	0.036
fame-gw	STAD	cv	HRR1235738	HEALTHY	0	0.0
fame-gw	STAD	cv	HRR1235739	HEALTHY	0	0.004
fame-gw	STAD	cv	HRR1235740	HEALTHY	0	0.126
fame-gw	STAD	cv	HRR1235743	HEALTHY	0	0.006
fame-gw	STAD	cv	HRR1235744	HEALTHY	0	0.0
fame-gw	STAD	cv	HRR1235745	HEALTHY	0	0.0
fame-gw	STAD	cv	HRR1235746	HEALTHY	0	0.018
fame-gw	STAD	cv	HRR1235747	HEALTHY	0	0.042
fame-gw	STAD	cv	HRR1235751	HEALTHY	0	0.042
fame-gw	STAD	cv	HRR1235753	HEALTHY	0	0.066
fame-gw	STAD	cv	HRR1235755	HEALTHY	0	0.164
fame-gw	STAD	cv	HRR1235756	HEALTHY	0	0.046
fame-gw	STAD	cv	HRR1235757	HEALTHY	0	0.0
fame-gw	STAD	cv	HRR1235759	HEALTHY	0	0.0
fame-gw	STAD	cv	HRR1235760	HEALTHY	0	0.002
fame-gw	STAD	cv	HRR1235763	HEALTHY	0	0.002
fame-gw	STAD	cv	HRR1235764	HEALTHY	0	0.0
fame-gw	STAD	cv	HRR1235765	HEALTHY	0	0.778
fame-gw	STAD	cv	HRR1235767	HEALTHY	0	0.0
fame-gw	STAD	cv	HRR1235768	HEALTHY	0	0.04
fame-gw	STAD	cv	HRR1235769	HEALTHY	0	0.016
fame-gw	STAD	cv	HRR1235770	HEALTHY	0	0.0
fame-gw	STAD	cv	HRR1235771	HEALTHY	0	0.014
fame-gw	STAD	cv	HRR1235772	HEALTHY	0	0.0
fame-gw	STAD	cv	HRR1235773	HEALTHY	0	0.0
fame-gw	STAD	cv	HRR1235774	HEALTHY	0	0.0
fame-gw	STAD	cv	HRR1235775	HEALTHY	0	0.024
fame-gw	STAD	cv	HRR1235776	HEALTHY	0	0.208
fame-gw	STAD	cv	HRR1235777	HEALTHY	0	0.07
fame-gw	STAD	cv	HRR1235779	HEALTHY	0	0.0
fame-gw	STAD	cv	HRR1235781	HEALTHY	0	0.22
fame-gw	STAD	cv	HRR1235782	HEALTHY	0	0.024
fame-gw	STAD	cv	HRR1235783	HEALTHY	0	0.002
fame-gw	STAD	cv	HRR1235784	HEALTHY	0	0.0
fame-gw	STAD	cv	HRR1235785	HEALTHY	0	0.0
fame-gw	STAD	cv	HRR1235786	HEALTHY	0	0.002
fame-gw	STAD	cv	HRR1235787	HEALTHY	0	0.002
fame-gw	STAD	cv	HRR1235789	HEALTHY	0	0.0
fame-gw	STAD	cv	HRR1235790	HEALTHY	0	0.0
fame-gw	STAD	cv	HRR1235793	HEALTHY	0	0.286
fame-gw	STAD	cv	HRR1235797	HEALTHY	0	0.004
fame-gw	STAD	cv	HRR1235798	HEALTHY	0	0.0
fame-gw	STAD	cv	HRR1235799	HEALTHY	0	0.01
fame-gw	STAD	cv	HRR1235801	HEALTHY	0	0.004
fame-gw	STAD	cv	HRR1235803	HEALTHY	0	0.096
fame-gw	STAD	cv	HRR1235805	HEALTHY	0	0.092
fame-gw	STAD	cv	HRR1235808	HEALTHY	0	0.016
fame-gw	STAD	cv	HRR1235809	HEALTHY	0	0.0
fame-gw	STAD	cv	HRR1235812	HEALTHY	0	0.0
fame-gw	STAD	cv	HRR1235814	HEALTHY	0	0.0
fame-gw	STAD	cv	HRR1235815	HEALTHY	0	0.0
fame-gw	STAD	cv	HRR1236093	STAD	1	0.986
fame-gw	STAD	cv	HRR1236094	STAD	1	0.51
fame-gw	STAD	cv	HRR1236096	STAD	1	1.0
fame-gw	STAD	cv	HRR1236097	STAD	1	0.36
fame-gw	STAD	cv	HRR1236101	STAD	1	1.0
fame-gw	STAD	cv	HRR1236103	STAD	1	0.166
fame-gw	STAD	cv	HRR1236105	STAD	1	0.23
fame-gw	STAD	cv	HRR1236107	STAD	1	1.0
fame-gw	STAD	cv	HRR1236108	STAD	1	0.384
fame-gw	STAD	cv	HRR1236111	STAD	1	0.408
fame-gw	STAD	cv	HRR1236112	STAD	1	0.98
fame-gw	STAD	cv	HRR1236113	STAD	1	1.0
fame-gw	STAD	cv	HRR1236114	STAD	1	0.514
fame-gw	STAD	cv	HRR1236115	STAD	1	0.994
fame-gw	STAD	cv	HRR1236116	STAD	1	0.972
fame-gw	STAD	cv	HRR1236118	STAD	1	0.99
fame-gw	STAD	cv	HRR1236119	STAD	1	0.578
fame-gw	STAD	cv	HRR1236121	STAD	1	0.998
fame-gw	STAD	cv	HRR1236122	STAD	1	0.972
fame-gw	STAD	cv	HRR1236123	STAD	1	1.0
fame-gw	STAD	cv	HRR1236125	STAD	1	0.454
fame-gw	STAD	cv	HRR1236126	STAD	1	0.912
fame-gw	STAD	cv	HRR1236127	STAD	1	0.99
fame-gw	STAD	cv	HRR1236128	STAD	1	0.32
fame-gw	STAD	cv	HRR1236129	STAD	1	1.0
fame-gw	STAD	cv	HRR1236130	STAD	1	0.956
fame-gw	STAD	cv	HRR1236131	STAD	1	1.0
fame-gw	STAD	cv	HRR1236133	STAD	1	0.92
fame-gw	STAD	cv	HRR1236134	STAD	1	1.0
fame-gw	STAD	cv	HRR1236135	STAD	1	1.0
fame-gw	STAD	cv	HRR1236136	STAD	1	1.0
fame-gw	STAD	cv	HRR1236137	STAD	1	1.0
fame-gw	STAD	cv	HRR1236138	STAD	1	1.0
fame-gw	STAD	cv	HRR1236141	STAD	1	0.998
fame-gw	STAD	cv	HRR1236142	STAD	1	0.962
fame-gw	STAD	cv	HRR1236144	STAD	1	0.89
fame-gw	STAD	cv	HRR1236145	STAD	1	0.23
fame-gw	STAD	cv	HRR1236146	STAD	1	0.094
fame-gw	STAD	cv	HRR1236147	STAD	1	0.982
fame-gw	STAD	cv	HRR1236150	STAD	1	0.854
fame-gw	STAD	cv	HRR1236151	STAD	1	1.0
fame-gw	STAD	cv	HRR1236152	STAD	1	0.978
fame-gw	STAD	cv	HRR1236153	STAD	1	0.792
fame-gw	STAD	cv	HRR1236155	STAD	1	0.678
fame-gw	STAD	cv	HRR1236156	STAD	1	0.992
fame-gw	STAD	cv	HRR1236157	STAD	1	0.678
fame-gw	STAD	cv	HRR1236160	STAD	1	0.858
fame-gw	STAD	cv	HRR1236161	STAD	1	0.252
fame-gw	STAD	cv	HRR1236163	STAD	1	0.706
fame-gw	STAD	cv	HRR1236166	STAD	1	0.998
fame-gw	STAD	cv	HRR1236169	STAD	1	1.0
fame-gw	STAD	cv	HRR1236171	STAD	1	1.0
fame-gw	STAD	cv	HRR1236174	STAD	1	0.916
fame-gw	STAD	cv	HRR1236177	STAD	1	0.906
fame-gw	STAD	cv	HRR1236178	STAD	1	0.808
fame-gw	STAD	cv	HRR1236179	STAD	1	0.962
fame-gw	STAD	cv	HRR1236180	STAD	1	0.988
fame-gw	STAD	cv	HRR1236181	STAD	1	1.0
fame-gw	STAD	cv	HRR1236182	STAD	1	0.708
fame-gw	STAD	cv	HRR1236183	STAD	1	1.0
fame-gw	STAD	cv	HRR1236184	STAD	1	0.89
fame-gw	STAD	cv	HRR1236185	STAD	1	1.0
fame-gw	STAD	cv	HRR1236189	STAD	1	0.998
fame-gw	STAD	cv	HRR1236190	STAD	1	0.798
fame-gw	STAD	cv	HRR1236191	STAD	1	1.0
fame-gw	STAD	cv	HRR1236193	STAD	1	0.998
fame-gw	STAD	cv	HRR1236194	STAD	1	1.0
fame-gw	STAD	cv	HRR1236195	STAD	1	0.5
fame-gw	STAD	cv	HRR1236196	STAD	1	0.424
fame-gw	STAD	cv	HRR1236197	STAD	1	0.84
fame-gw	STAD	cv	HRR1236198	STAD	1	0.85
fame-gw	STAD	cv	HRR1236200	STAD	1	0.83
fame-gw	STAD	cv	HRR1236201	STAD	1	0.99
fame-gw	STAD	cv	HRR1236202	STAD	1	0.214
fame-gw	STAD	cv	HRR1236203	STAD	1	0.132
fame-gw	STAD	cv	HRR1236204	STAD	1	0.004
fame-gw	STAD	cv	HRR1236205	STAD	1	0.374
fame-gw	STAD	cv	HRR1236206	STAD	1	0.982
fame-gw	STAD	test	HRR1235324	HEALTHY	0	0.006
fame-gw	STAD	test	HRR1235329	HEALTHY	0	0.0
fame-gw	STAD	test	HRR1235333	HEALTHY	0	0.0
fame-gw	STAD	test	HRR1235336	HEALTHY	0	0.0
fame-gw	STAD	test	HRR1235338	HEALTHY	0	0.02
fame-gw	STAD	test	HRR1235348	HEALTHY	0	0.008
fame-gw	STAD	test	HRR1235362	HEALTHY	0	0.0
fame-gw	STAD	test	HRR1235366	HEALTHY	0	0.0
fame-gw	STAD	test	HRR1235379	HEALTHY	0	0.0
fame-gw	STAD	test	HRR1235385	HEALTHY	0	0.0
fame-gw	STAD	test	HRR1235394	HEALTHY	0	0.016
fame-gw	STAD	test	HRR1235398	HEALTHY	0	0.002
fame-gw	STAD	test	HRR1235399	HEALTHY	0	0.072
fame-gw	STAD	test	HRR1235402	HEALTHY	0	0.0
fame-gw	STAD	test	HRR1235410	HEALTHY	0	0.126
fame-gw	STAD	test	HRR1235414	HEALTHY	0	0.012
fame-gw	STAD	test	HRR1235416	HEALTHY	0	0.0
fame-gw	STAD	test	HRR1235421	HEALTHY	0	0.056
fame-gw	STAD	test	HRR1235424	HEALTHY	0	0.0
fame-gw	STAD	test	HRR1235434	HEALTHY	0	0.01
fame-gw	STAD	test	HRR1235454	HEALTHY	0	0.0
fame-gw	STAD	test	HRR1235462	HEALTHY	0	0.0
fame-gw	STAD	test	HRR1235471	HEALTHY	0	0.0
fame-gw	STAD	test	HRR1235476	HEALTHY	0	0.0
fame-gw	STAD	test	HRR1235477	HEALTHY	0	0.018
fame-gw	STAD	test	HRR1235479	HEALTHY	0	0.0
fame-gw	STAD	test	HRR1235480	HEALTHY	0	0.0
fame-gw	STAD	test	HRR1235484	HEALTHY	0	0.002
fame-gw	STAD	test	HRR1235485	HEALTHY	0	0.0
fame-gw	STAD	test	HRR1235487	HEALTHY	0	0.122
fame-gw	STAD	test	HRR1235494	HEALTHY	0	0.0
fame-gw	STAD	test	HRR1235495	HEALTHY	0	0.014
fame-gw	STAD	test	HRR1235496	HEALTHY	0	0.074
fame-gw	STAD	test	HRR1235507	HEALTHY	0	0.0
fame-gw	STAD	test	HRR1235509	HEALTHY	0	0.0
fame-gw	STAD	test	HRR1235512	HEALTHY	0	0.0
fame-gw	STAD	test	HRR1235543	HEALTHY	0	0.0
fame-gw	STAD	test	HRR1235550	HEALTHY	0	0.042
fame-gw	STAD	test	HRR1235551	HEALTHY	0	0.002
fame-gw	STAD	test	HRR1235552	HEALTHY	0	0.006
fame-gw	STAD	test	HRR1235553	HEALTHY	0	0.016
fame-gw	STAD	test	HRR1235554	HEALTHY	0	0.302
fame-gw	STAD	test	HRR1235555	HEALTHY	0	0.174
fame-gw	STAD	test	HRR1235556	HEALTHY	0	0.004
fame-gw	STAD	test	HRR1235557	HEALTHY	0	0.018
fame-gw	STAD	test	HRR1235558	HEALTHY	0	0.102
fame-gw	STAD	test	HRR1235559	HEALTHY	0	0.004
fame-gw	STAD	test	HRR1235560	HEALTHY	0	0.012
fame-gw	STAD	test	HRR1235561	HEALTHY	0	0.0
fame-gw	STAD	test	HRR1235562	HEALTHY	0	0.084
fame-gw	STAD	test	HRR1235563	HEALTHY	0	0.006
fame-gw	STAD	test	HRR1235564	HEALTHY	0	0.078
fame-gw	STAD	test	HRR1235565	HEALTHY	0	0.002
fame-gw	STAD	test	HRR1235566	HEALTHY	0	0.012
fame-gw	STAD	test	HRR1235567	HEALTHY	0	0.002
fame-gw	STAD	test	HRR1235568	HEALTHY	0	0.0
fame-gw	STAD	test	HRR1235569	HEALTHY	0	0.084
fame-gw	STAD	test	HRR1235570	HEALTHY	0	0.002
fame-gw	STAD	test	HRR1235571	HEALTHY	0	0.004
fame-gw	STAD	test	HRR1235572	HEALTHY	0	0.018
fame-gw	STAD	test	HRR1235573	HEALTHY	0	0.502
fame-gw	STAD	test	HRR1235574	HEALTHY	0	0.0
fame-gw	STAD	test	HRR1235575	HEALTHY	0	0.002
fame-gw	STAD	test	HRR1235576	HEALTHY	0	0.016
fame-gw	STAD	test	HRR1235577	HEALTHY	0	0.026
fame-gw	STAD	test	HRR1235578	HEALTHY	0	0.074
fame-gw	STAD	test	HRR1235579	HEALTHY	0	0.08
fame-gw	STAD	test	HRR1235580	HEALTHY	0	0.004
fame-gw	STAD	test	HRR1235581	HEALTHY	0	0.002
fame-gw	STAD	test	HRR1235582	HEALTHY	0	0.024
fame-gw	STAD	test	HRR1235583	HEALTHY	0	0.0
fame-gw	STAD	test	HRR1235584	HEALTHY	0	0.406
fame-gw	STAD	test	HRR1235585	HEALTHY	0	0.002
fame-gw	STAD	test	HRR1235586	HEALTHY	0	0.018
fame-gw	STAD	test	HRR1235587	HEALTHY	0	0.002
fame-gw	STAD	test	HRR1235588	HEALTHY	0	0.312
fame-gw	STAD	test	HRR1235589	HEALTHY	0	0.138
fame-gw	STAD	test	HRR1235590	HEALTHY	0	0.008
fame-gw	STAD	test	HRR1235591	HEALTHY	0	0.064
fame-gw	STAD	test	HRR1235592	HEALTHY	0	0.13
fame-gw	STAD	test	HRR1235593	HEALTHY	0	0.008
fame-gw	STAD	test	HRR1235594	HEALTHY	0	0.002
fame-gw	STAD	test	HRR1235595	HEALTHY	0	0.124
fame-gw	STAD	test	HRR1235596	HEALTHY	0	0.79
fame-gw	STAD	test	HRR1235597	HEALTHY	0	0.016
fame-gw	STAD	test	HRR1235621	HEALTHY	0	0.06
fame-gw	STAD	test	HRR1235626	HEALTHY	0	0.16
fame-gw	STAD	test	HRR1235629	HEALTHY	0	0.0
fame-gw	STAD	test	HRR1235630	HEALTHY	0	0.0
fame-gw	STAD	test	HRR1235640	HEALTHY	0	0.006
fame-gw	STAD	test	HRR1235643	HEALTHY	0	0.002
fame-gw	STAD	test	HRR1235649	HEALTHY	0	0.138
fame-gw	STAD	test	HRR1235651	HEALTHY	0	0.0
fame-gw	STAD	test	HRR1235652	HEALTHY	0	0.0
fame-gw	STAD	test	HRR1235654	HEALTHY	0	0.256
fame-gw	STAD	test	HRR1235656	HEALTHY	0	0.138
fame-gw	STAD	test	HRR1235659	HEALTHY	0	0.038
fame-gw	STAD	test	HRR1235660	HEALTHY	0	0.002
fame-gw	STAD	test	HRR1235664	HEALTHY	0	0.038
fame-gw	STAD	test	HRR1235666	HEALTHY	0	0.008
fame-gw	STAD	test	HRR1235668	HEALTHY	0	0.088
fame-gw	STAD	test	HRR1235681	HEALTHY	0	0.0
fame-gw	STAD	test	HRR1235682	HEALTHY	0	0.032
fame-gw	STAD	test	HRR1235684	HEALTHY	0	0.0
fame-gw	STAD	test	HRR1235700	HEALTHY	0	0.0
fame-gw	STAD	test	HRR1235701	HEALTHY	0	0.01
fame-gw	STAD	test	HRR1235702	HEALTHY	0	0.0
fame-gw	STAD	test	HRR1235705	HEALTHY	0	0.0
fame-gw	STAD	test	HRR1235708	HEALTHY	0	0.118
fame-gw	STAD	test	HRR1235717	HEALTHY	0	0.004
fame-gw	STAD	test	HRR1235718	HEALTHY	0	0.002
fame-gw	STAD	test	HRR1235721	HEALTHY	0	0.02
fame-gw	STAD	test	HRR1235724	HEALTHY	0	0.052
fame-gw	STAD	test	HRR1235725	HEALTHY	0	0.0
fame-gw	STAD	test	HRR1235729	HEALTHY	0	0.0
fame-gw	STAD	test	HRR1235730	HEALTHY	0	0.35
fame-gw	STAD	test	HRR1235735	HEALTHY	0	0.458
fame-gw	STAD	test	HRR1235736	HEALTHY	0	0.002
fame-gw	STAD	test	HRR1235741	HEALTHY	0	0.18
fame-gw	STAD	test	HRR1235742	HEALTHY	0	0.004
fame-gw	STAD	test	HRR1235748	HEALTHY	0	0.5
fame-gw	STAD	test	HRR1235749	HEALTHY	0	0.01
fame-gw	STAD	test	HRR1235750	HEALTHY	0	0.0
fame-gw	STAD	test	HRR1235752	HEALTHY	0	0.0
fame-gw	STAD	test	HRR1235754	HEALTHY	0	0.002
fame-gw	STAD	test	HRR1235758	HEALTHY	0	0.0
fame-gw	STAD	test	HRR1235761	HEALTHY	0	0.064
fame-gw	STAD	test	HRR1235762	HEALTHY	0	0.01
fame-gw	STAD	test	HRR1235766	HEALTHY	0	0.218
fame-gw	STAD	test	HRR1235778	HEALTHY	0	0.016
fame-gw	STAD	test	HRR1235780	HEALTHY	0	0.012
fame-gw	STAD	test	HRR1235788	HEALTHY	0	0.02
fame-gw	STAD	test	HRR1235791	HEALTHY	0	0.0
fame-gw	STAD	test	HRR1235792	HEALTHY	0	0.0
fame-gw	STAD	test	HRR1235794	HEALTHY	0	0.0
fame-gw	STAD	test	HRR1235795	HEALTHY	0	0.156
fame-gw	STAD	test	HRR1235796	HEALTHY	0	0.008
fame-gw	STAD	test	HRR1235800	HEALTHY	0	0.0
fame-gw	STAD	test	HRR1235802	HEALTHY	0	0.012
fame-gw	STAD	test	HRR1235804	HEALTHY	0	0.32
fame-gw	STAD	test	HRR1235806	HEALTHY	0	0.008
fame-gw	STAD	test	HRR1235807	HEALTHY	0	0.012
fame-gw	STAD	test	HRR1235810	HEALTHY	0	0.002
fame-gw	STAD	test	HRR1235811	HEALTHY	0	0.014
fame-gw	STAD	test	HRR1235813	HEALTHY	0	0.016
fame-gw	STAD	test	HRR1236095	STAD	1	0.93
fame-gw	STAD	test	HRR1236098	STAD	1	0.784
fame-gw	STAD	test	HRR1236099	STAD	1	0.996
fame-gw	STAD	test	HRR1236100	STAD	1	0.938
fame-gw	STAD	test	HRR1236102	STAD	1	0.764
fame-gw	STAD	test	HRR1236104	STAD	1	0.884
fame-gw	STAD	test	HRR1236106	STAD	1	0.798
fame-gw	STAD	test	HRR1236109	STAD	1	0.69
fame-gw	STAD	test	HRR1236110	STAD	1	1.0
fame-gw	STAD	test	HRR1236117	STAD	1	1.0
fame-gw	STAD	test	HRR1236120	STAD	1	0.994
fame-gw	STAD	test	HRR1236124	STAD	1	0.57
fame-gw	STAD	test	HRR1236132	STAD	1	0.99
fame-gw	STAD	test	HRR1236139	STAD	1	1.0
fame-gw	STAD	test	HRR1236140	STAD	1	1.0
fame-gw	STAD	test	HRR1236143	STAD	1	0.768
fame-gw	STAD	test	HRR1236148	STAD	1	0.776
fame-gw	STAD	test	HRR1236149	STAD	1	0.502
fame-gw	STAD	test	HRR1236154	STAD	1	0.946
fame-gw	STAD	test	HRR1236158	STAD	1	0.996
fame-gw	STAD	test	HRR1236159	STAD	1	0.866
fame-gw	STAD	test	HRR1236162	STAD	1	1.0
fame-gw	STAD	test	HRR1236164	STAD	1	1.0
fame-gw	STAD	test	HRR1236165	STAD	1	0.906
fame-gw	STAD	test	HRR1236167	STAD	1	1.0
fame-gw	STAD	test	HRR1236168	STAD	1	1.0
fame-gw	STAD	test	HRR1236170	STAD	1	1.0
fame-gw	STAD	test	HRR1236172	STAD	1	1.0
fame-gw	STAD	test	HRR1236173	STAD	1	1.0
fame-gw	STAD	test	HRR1236175	STAD	1	1.0
fame-gw	STAD	test	HRR1236176	STAD	1	0.698
fame-gw	STAD	test	HRR1236186	STAD	1	1.0
fame-gw	STAD	test	HRR1236187	STAD	1	0.75
fame-gw	STAD	test	HRR1236188	STAD	1	1.0
fame-gw	STAD	test	HRR1236192	STAD	1	1.0
fame-gw	STAD	test	HRR1236199	STAD	1	1.0
